20:54:52:415  INFO 49392 --- [main] com.hmall.search.SearchApplication       : The following 1 profile is active: "dev"
20:54:53:426  INFO 49392 --- [main] o.s.cloud.context.scope.GenericScope     : BeanFactory id=e59cb67c-5044-3b68-b0d2-a7f38eef80e7
20:54:53:466  INFO 49392 --- [main] trationDelegate$BeanPostProcessorChecker : Bean 'io.seata.spring.boot.autoconfigure.SeataCoreAutoConfiguration' of type [io.seata.spring.boot.autoconfigure.SeataCoreAutoConfiguration] is not eligible for getting processed by all BeanPostProcessors (for example: not eligible for auto-proxying)
20:54:53:466  INFO 49392 --- [main] trationDelegate$BeanPostProcessorChecker : Bean 'springApplicationContextProvider' of type [io.seata.spring.boot.autoconfigure.provider.SpringApplicationContextProvider] is not eligible for getting processed by all BeanPostProcessors (for example: not eligible for auto-proxying)
20:54:53:466  INFO 49392 --- [main] trationDelegate$BeanPostProcessorChecker : Bean 'io.seata.spring.boot.autoconfigure.SeataAutoConfiguration' of type [io.seata.spring.boot.autoconfigure.SeataAutoConfiguration] is not eligible for getting processed by all BeanPostProcessors (for example: not eligible for auto-proxying)
20:54:53:494  INFO 49392 --- [main] trationDelegate$BeanPostProcessorChecker : Bean 'failureHandler' of type [io.seata.tm.api.DefaultFailureHandlerImpl] is not eligible for getting processed by all BeanPostProcessors (for example: not eligible for auto-proxying)
20:54:53:497  INFO 49392 --- [main] trationDelegate$BeanPostProcessorChecker : Bean 'org.springframework.cloud.commons.config.CommonsConfigAutoConfiguration' of type [org.springframework.cloud.commons.config.CommonsConfigAutoConfiguration] is not eligible for getting processed by all BeanPostProcessors (for example: not eligible for auto-proxying)
20:54:53:498  INFO 49392 --- [main] trationDelegate$BeanPostProcessorChecker : Bean 'org.springframework.cloud.client.loadbalancer.LoadBalancerDefaultMappingsProviderAutoConfiguration' of type [org.springframework.cloud.client.loadbalancer.LoadBalancerDefaultMappingsProviderAutoConfiguration] is not eligible for getting processed by all BeanPostProcessors (for example: not eligible for auto-proxying)
20:54:53:498  INFO 49392 --- [main] trationDelegate$BeanPostProcessorChecker : Bean 'loadBalancerClientsDefaultsMappingsProvider' of type [org.springframework.cloud.client.loadbalancer.LoadBalancerDefaultMappingsProviderAutoConfiguration$$Lambda$568/0x00000008405c5040] is not eligible for getting processed by all BeanPostProcessors (for example: not eligible for auto-proxying)
20:54:53:498  INFO 49392 --- [main] trationDelegate$BeanPostProcessorChecker : Bean 'defaultsBindHandlerAdvisor' of type [org.springframework.cloud.commons.config.DefaultsBindHandlerAdvisor] is not eligible for getting processed by all BeanPostProcessors (for example: not eligible for auto-proxying)
20:54:53:500  INFO 49392 --- [main] trationDelegate$BeanPostProcessorChecker : Bean 'springCloudAlibabaConfiguration' of type [io.seata.spring.boot.autoconfigure.properties.SpringCloudAlibabaConfiguration] is not eligible for getting processed by all BeanPostProcessors (for example: not eligible for auto-proxying)
20:54:53:501  INFO 49392 --- [main] trationDelegate$BeanPostProcessorChecker : Bean 'seataProperties' of type [io.seata.spring.boot.autoconfigure.properties.SeataProperties] is not eligible for getting processed by all BeanPostProcessors (for example: not eligible for auto-proxying)
20:54:53:502  INFO 49392 --- [main] i.s.s.b.a.SeataAutoConfiguration         : Automatically configure Seata
20:54:53:537  INFO 49392 --- [main] io.seata.config.ConfigurationFactory     : load Configuration from :Spring Configuration
20:54:53:541  INFO 49392 --- [main] io.seata.config.ConfigurationFactory     : load Configuration from :Spring Configuration
20:54:53:575  INFO 49392 --- [main] i.s.s.a.GlobalTransactionScanner         : Initializing Global Transaction Clients ... 
20:54:53:632  INFO 49392 --- [main] i.s.core.rpc.netty.NettyClientBootstrap  : NettyClientBootstrap has started
20:54:53:757  INFO 49392 --- [main] com.alibaba.nacos.common.remote.client   : [RpcClientFactory] create a new rpc client of 52a1dc8c-826b-472b-bf6f-553df739250e
20:54:53:757  INFO 49392 --- [main] com.alibaba.nacos.common.remote.client   : [52a1dc8c-826b-472b-bf6f-553df739250e] RpcClient init label, labels = {module=naming, source=sdk}
20:54:53:758  INFO 49392 --- [main] com.alibaba.nacos.common.remote.client   : [52a1dc8c-826b-472b-bf6f-553df739250e] RpcClient init, ServerListFactory = com.alibaba.nacos.client.naming.core.ServerListManager
20:54:53:758  INFO 49392 --- [main] com.alibaba.nacos.common.remote.client   : [52a1dc8c-826b-472b-bf6f-553df739250e] Registry connection listener to current client:com.alibaba.nacos.client.naming.remote.gprc.redo.NamingGrpcRedoService
20:54:53:758  INFO 49392 --- [main] com.alibaba.nacos.common.remote.client   : [52a1dc8c-826b-472b-bf6f-553df739250e] Register server push request handler:com.alibaba.nacos.client.naming.remote.gprc.NamingPushRequestHandler
20:54:53:759  INFO 49392 --- [main] com.alibaba.nacos.common.remote.client   : [52a1dc8c-826b-472b-bf6f-553df739250e] Try to connect to server on start up, server: {serverIp = '192.168.23.128', server main port = 8848}
20:54:53:887  INFO 49392 --- [main] com.alibaba.nacos.common.remote.client   : [52a1dc8c-826b-472b-bf6f-553df739250e] Success to connect to server [192.168.23.128:8848] on start up, connectionId = 1766062498425_192.168.23.1_53883
20:54:53:887  INFO 49392 --- [main] com.alibaba.nacos.common.remote.client   : [52a1dc8c-826b-472b-bf6f-553df739250e] Register server push request handler:com.alibaba.nacos.common.remote.client.RpcClient$ConnectResetRequestHandler
20:54:53:887  INFO 49392 --- [main] com.alibaba.nacos.common.remote.client   : [52a1dc8c-826b-472b-bf6f-553df739250e] Register server push request handler:com.alibaba.nacos.common.remote.client.RpcClient$$Lambda$474/0x000000084037b440
20:54:53:887  INFO 49392 --- [com.alibaba.nacos.client.remote.worker] com.alibaba.nacos.common.remote.client   : [52a1dc8c-826b-472b-bf6f-553df739250e] Notify connected event to listeners.
20:54:53:949  INFO 49392 --- [main] i.s.c.r.netty.NettyClientChannelManager  : will connect to 192.168.23.128:8099
20:54:54:178  INFO 49392 --- [main] i.s.core.rpc.netty.NettyPoolableFactory  : NettyPool create channel to transactionRole:TMROLE,address:192.168.23.128:8099,msg:< RegisterTMRequest{applicationId='search-service', transactionServiceGroup='hmall'} >
20:54:54:500  INFO 49392 --- [nacos-grpc-client-executor-7] com.alibaba.nacos.common.remote.client   : [52a1dc8c-826b-472b-bf6f-553df739250e] Receive server push request, request = NotifySubscriberRequest, requestId = 1
20:54:54:510  INFO 49392 --- [nacos-grpc-client-executor-7] com.alibaba.nacos.common.remote.client   : [52a1dc8c-826b-472b-bf6f-553df739250e] Ack server push request, request = NotifySubscriberRequest, requestId = 1
20:54:54:600  INFO 49392 --- [main] i.s.c.rpc.netty.TmNettyRemotingClient    : register TM success. client version:1.5.2, server version:1.5.2,channel:[id: 0x633bcada, L:/192.168.23.1:53886 - R:/192.168.23.128:8099]
20:54:54:603  INFO 49392 --- [main] i.s.core.rpc.netty.NettyPoolableFactory  : register success, cost 147 ms, version:1.5.2,role:TMROLE,channel:[id: 0x633bcada, L:/192.168.23.1:53886 - R:/192.168.23.128:8099]
20:54:54:604  INFO 49392 --- [main] i.s.s.a.GlobalTransactionScanner         : Transaction Manager Client is initialized. applicationId[search-service] txServiceGroup[hmall]
20:54:54:611  INFO 49392 --- [main] io.seata.rm.datasource.AsyncWorker       : Async Commit Buffer Limit: 10000
20:54:54:612  INFO 49392 --- [main] i.s.rm.datasource.xa.ResourceManagerXA   : ResourceManagerXA init ...
20:54:54:617  INFO 49392 --- [main] i.s.core.rpc.netty.NettyClientBootstrap  : NettyClientBootstrap has started
20:54:54:617  INFO 49392 --- [main] i.s.s.a.GlobalTransactionScanner         : Resource Manager is initialized. applicationId[search-service] txServiceGroup[hmall]
20:54:54:617  INFO 49392 --- [main] i.s.s.a.GlobalTransactionScanner         : Global Transaction Clients are initialized. 
20:54:54:618  INFO 49392 --- [main] trationDelegate$BeanPostProcessorChecker : Bean 'io.seata.spring.boot.autoconfigure.SeataDataSourceAutoConfiguration' of type [io.seata.spring.boot.autoconfigure.SeataDataSourceAutoConfiguration] is not eligible for getting processed by all BeanPostProcessors (for example: not eligible for auto-proxying)
20:54:54:680  INFO 49392 --- [main] trationDelegate$BeanPostProcessorChecker : Bean 'com.alibaba.cloud.seata.feign.SeataFeignClientAutoConfiguration$FeignBeanPostProcessorConfiguration' of type [com.alibaba.cloud.seata.feign.SeataFeignClientAutoConfiguration$FeignBeanPostProcessorConfiguration] is not eligible for getting processed by all BeanPostProcessors (for example: not eligible for auto-proxying)
20:54:54:682  INFO 49392 --- [main] trationDelegate$BeanPostProcessorChecker : Bean 'seataFeignObjectWrapper' of type [com.alibaba.cloud.seata.feign.SeataFeignObjectWrapper] is not eligible for getting processed by all BeanPostProcessors (for example: not eligible for auto-proxying)
20:54:54:866  INFO 49392 --- [main] o.s.b.w.embedded.tomcat.TomcatWebServer  : Tomcat initialized with port(s): 8087 (http)
20:54:54:884  INFO 49392 --- [main] o.apache.catalina.core.StandardService   : Starting service [Tomcat]
20:54:54:884  INFO 49392 --- [main] org.apache.catalina.core.StandardEngine  : Starting Servlet engine: [Apache Tomcat/9.0.75]
20:54:55:031  INFO 49392 --- [main] o.a.c.c.C.[Tomcat].[localhost].[/]       : Initializing Spring embedded WebApplicationContext
20:54:55:031  INFO 49392 --- [main] w.s.c.ServletWebServerApplicationContext : Root WebApplicationContext: initialization completed in 2579 ms
20:54:55:201  INFO 49392 --- [main] o.s.c.openfeign.FeignClientFactoryBean   : For 'item-service' URL not provided. Will try picking an instance via load-balancing.
20:54:55:467  INFO 49392 --- [main] o.s.c.openfeign.FeignClientFactoryBean   : For 'trade-service' URL not provided. Will try picking an instance via load-balancing.
20:54:55:582  INFO 49392 --- [main] com.zaxxer.hikari.HikariDataSource       : HikariPool-1 - Starting...
20:55:07:939 ERROR 49392 --- [main] com.zaxxer.hikari.pool.HikariPool        : HikariPool-1 - Exception during pool initialization.

java.sql.SQLNonTransientConnectionException: Could not create connection to database server. Attempted reconnect 3 times. Giving up.
	at com.mysql.cj.jdbc.exceptions.SQLError.createSQLException(SQLError.java:110) ~[mysql-connector-java-8.0.23.jar:8.0.23]
	at com.mysql.cj.jdbc.exceptions.SQLError.createSQLException(SQLError.java:97) ~[mysql-connector-java-8.0.23.jar:8.0.23]
	at com.mysql.cj.jdbc.exceptions.SQLError.createSQLException(SQLError.java:89) ~[mysql-connector-java-8.0.23.jar:8.0.23]
	at com.mysql.cj.jdbc.exceptions.SQLError.createSQLException(SQLError.java:63) ~[mysql-connector-java-8.0.23.jar:8.0.23]
	at com.mysql.cj.jdbc.exceptions.SQLError.createSQLException(SQLError.java:73) ~[mysql-connector-java-8.0.23.jar:8.0.23]
	at com.mysql.cj.jdbc.ConnectionImpl.connectWithRetries(ConnectionImpl.java:903) ~[mysql-connector-java-8.0.23.jar:8.0.23]
	at com.mysql.cj.jdbc.ConnectionImpl.createNewIO(ConnectionImpl.java:828) ~[mysql-connector-java-8.0.23.jar:8.0.23]
	at com.mysql.cj.jdbc.ConnectionImpl.<init>(ConnectionImpl.java:453) ~[mysql-connector-java-8.0.23.jar:8.0.23]
	at com.mysql.cj.jdbc.ConnectionImpl.getInstance(ConnectionImpl.java:246) ~[mysql-connector-java-8.0.23.jar:8.0.23]
	at com.mysql.cj.jdbc.NonRegisteringDriver.connect(NonRegisteringDriver.java:198) ~[mysql-connector-java-8.0.23.jar:8.0.23]
	at com.zaxxer.hikari.util.DriverDataSource.getConnection(DriverDataSource.java:138) ~[HikariCP-4.0.3.jar:na]
	at com.zaxxer.hikari.pool.PoolBase.newConnection(PoolBase.java:364) ~[HikariCP-4.0.3.jar:na]
	at com.zaxxer.hikari.pool.PoolBase.newPoolEntry(PoolBase.java:206) ~[HikariCP-4.0.3.jar:na]
	at com.zaxxer.hikari.pool.HikariPool.createPoolEntry(HikariPool.java:476) ~[HikariCP-4.0.3.jar:na]
	at com.zaxxer.hikari.pool.HikariPool.checkFailFast(HikariPool.java:561) ~[HikariCP-4.0.3.jar:na]
	at com.zaxxer.hikari.pool.HikariPool.<init>(HikariPool.java:115) ~[HikariCP-4.0.3.jar:na]
	at com.zaxxer.hikari.HikariDataSource.getConnection(HikariDataSource.java:112) ~[HikariCP-4.0.3.jar:na]
	at io.seata.rm.datasource.DataSourceProxy.init(DataSourceProxy.java:104) ~[seata-all-1.5.2.jar:1.5.2]
	at io.seata.rm.datasource.DataSourceProxy.<init>(DataSourceProxy.java:99) ~[seata-all-1.5.2.jar:1.5.2]
	at io.seata.rm.datasource.DataSourceProxy.<init>(DataSourceProxy.java:84) ~[seata-all-1.5.2.jar:1.5.2]
	at io.seata.spring.annotation.datasource.SeataAutoDataSourceProxyCreator.buildProxy(SeataAutoDataSourceProxyCreator.java:114) ~[seata-all-1.5.2.jar:1.5.2]
	at io.seata.spring.annotation.datasource.SeataAutoDataSourceProxyCreator.wrapIfNecessary(SeataAutoDataSourceProxyCreator.java:89) ~[seata-all-1.5.2.jar:1.5.2]
	at org.springframework.aop.framework.autoproxy.AbstractAutoProxyCreator.postProcessAfterInitialization(AbstractAutoProxyCreator.java:293) ~[spring-aop-5.3.27.jar:5.3.27]
	at org.springframework.beans.factory.support.AbstractAutowireCapableBeanFactory.applyBeanPostProcessorsAfterInitialization(AbstractAutowireCapableBeanFactory.java:455) ~[spring-beans-5.3.27.jar:5.3.27]
	at org.springframework.beans.factory.support.AbstractAutowireCapableBeanFactory.initializeBean(AbstractAutowireCapableBeanFactory.java:1808) ~[spring-beans-5.3.27.jar:5.3.27]
	at org.springframework.beans.factory.support.AbstractAutowireCapableBeanFactory.doCreateBean(AbstractAutowireCapableBeanFactory.java:620) ~[spring-beans-5.3.27.jar:5.3.27]
	at org.springframework.beans.factory.support.AbstractAutowireCapableBeanFactory.createBean(AbstractAutowireCapableBeanFactory.java:542) ~[spring-beans-5.3.27.jar:5.3.27]
	at org.springframework.beans.factory.support.AbstractBeanFactory.lambda$doGetBean$0(AbstractBeanFactory.java:335) ~[spring-beans-5.3.27.jar:5.3.27]
	at org.springframework.beans.factory.support.DefaultSingletonBeanRegistry.getSingleton(DefaultSingletonBeanRegistry.java:234) ~[spring-beans-5.3.27.jar:5.3.27]
	at org.springframework.beans.factory.support.AbstractBeanFactory.doGetBean(AbstractBeanFactory.java:333) ~[spring-beans-5.3.27.jar:5.3.27]
	at org.springframework.beans.factory.support.AbstractBeanFactory.getBean(AbstractBeanFactory.java:208) ~[spring-beans-5.3.27.jar:5.3.27]
	at org.springframework.beans.factory.config.DependencyDescriptor.resolveCandidate(DependencyDescriptor.java:276) ~[spring-beans-5.3.27.jar:5.3.27]
	at org.springframework.beans.factory.support.DefaultListableBeanFactory.doResolveDependency(DefaultListableBeanFactory.java:1391) ~[spring-beans-5.3.27.jar:5.3.27]
	at org.springframework.beans.factory.support.DefaultListableBeanFactory.resolveDependency(DefaultListableBeanFactory.java:1311) ~[spring-beans-5.3.27.jar:5.3.27]
	at org.springframework.beans.factory.support.ConstructorResolver.resolveAutowiredArgument(ConstructorResolver.java:887) ~[spring-beans-5.3.27.jar:5.3.27]
	at org.springframework.beans.factory.support.ConstructorResolver.createArgumentArray(ConstructorResolver.java:791) ~[spring-beans-5.3.27.jar:5.3.27]
	at org.springframework.beans.factory.support.ConstructorResolver.instantiateUsingFactoryMethod(ConstructorResolver.java:541) ~[spring-beans-5.3.27.jar:5.3.27]
	at org.springframework.beans.factory.support.AbstractAutowireCapableBeanFactory.instantiateUsingFactoryMethod(AbstractAutowireCapableBeanFactory.java:1352) ~[spring-beans-5.3.27.jar:5.3.27]
	at org.springframework.beans.factory.support.AbstractAutowireCapableBeanFactory.createBeanInstance(AbstractAutowireCapableBeanFactory.java:1195) ~[spring-beans-5.3.27.jar:5.3.27]
	at org.springframework.beans.factory.support.AbstractAutowireCapableBeanFactory.doCreateBean(AbstractAutowireCapableBeanFactory.java:582) ~[spring-beans-5.3.27.jar:5.3.27]
	at org.springframework.beans.factory.support.AbstractAutowireCapableBeanFactory.createBean(AbstractAutowireCapableBeanFactory.java:542) ~[spring-beans-5.3.27.jar:5.3.27]
	at org.springframework.beans.factory.support.AbstractBeanFactory.lambda$doGetBean$0(AbstractBeanFactory.java:335) ~[spring-beans-5.3.27.jar:5.3.27]
	at org.springframework.beans.factory.support.DefaultSingletonBeanRegistry.getSingleton(DefaultSingletonBeanRegistry.java:234) ~[spring-beans-5.3.27.jar:5.3.27]
	at org.springframework.beans.factory.support.AbstractBeanFactory.doGetBean(AbstractBeanFactory.java:333) ~[spring-beans-5.3.27.jar:5.3.27]
	at org.springframework.beans.factory.support.AbstractBeanFactory.getBean(AbstractBeanFactory.java:208) ~[spring-beans-5.3.27.jar:5.3.27]
	at org.springframework.beans.factory.config.DependencyDescriptor.resolveCandidate(DependencyDescriptor.java:276) ~[spring-beans-5.3.27.jar:5.3.27]
	at org.springframework.beans.factory.support.DefaultListableBeanFactory.doResolveDependency(DefaultListableBeanFactory.java:1391) ~[spring-beans-5.3.27.jar:5.3.27]
	at org.springframework.beans.factory.support.DefaultListableBeanFactory.resolveDependency(DefaultListableBeanFactory.java:1311) ~[spring-beans-5.3.27.jar:5.3.27]
	at org.springframework.beans.factory.support.AbstractAutowireCapableBeanFactory.autowireByType(AbstractAutowireCapableBeanFactory.java:1519) ~[spring-beans-5.3.27.jar:5.3.27]
	at org.springframework.beans.factory.support.AbstractAutowireCapableBeanFactory.populateBean(AbstractAutowireCapableBeanFactory.java:1417) ~[spring-beans-5.3.27.jar:5.3.27]
	at org.springframework.beans.factory.support.AbstractAutowireCapableBeanFactory.doCreateBean(AbstractAutowireCapableBeanFactory.java:619) ~[spring-beans-5.3.27.jar:5.3.27]
	at org.springframework.beans.factory.support.AbstractAutowireCapableBeanFactory.createBean(AbstractAutowireCapableBeanFactory.java:542) ~[spring-beans-5.3.27.jar:5.3.27]
	at org.springframework.beans.factory.support.AbstractBeanFactory.lambda$doGetBean$0(AbstractBeanFactory.java:335) ~[spring-beans-5.3.27.jar:5.3.27]
	at org.springframework.beans.factory.support.DefaultSingletonBeanRegistry.getSingleton(DefaultSingletonBeanRegistry.java:234) ~[spring-beans-5.3.27.jar:5.3.27]
	at org.springframework.beans.factory.support.AbstractBeanFactory.doGetBean(AbstractBeanFactory.java:333) ~[spring-beans-5.3.27.jar:5.3.27]
	at org.springframework.beans.factory.support.AbstractBeanFactory.getBean(AbstractBeanFactory.java:208) ~[spring-beans-5.3.27.jar:5.3.27]
	at org.springframework.beans.factory.config.DependencyDescriptor.resolveCandidate(DependencyDescriptor.java:276) ~[spring-beans-5.3.27.jar:5.3.27]
	at org.springframework.beans.factory.support.DefaultListableBeanFactory.doResolveDependency(DefaultListableBeanFactory.java:1391) ~[spring-beans-5.3.27.jar:5.3.27]
	at org.springframework.beans.factory.support.DefaultListableBeanFactory.resolveDependency(DefaultListableBeanFactory.java:1311) ~[spring-beans-5.3.27.jar:5.3.27]
	at org.springframework.beans.factory.annotation.AutowiredAnnotationBeanPostProcessor$AutowiredFieldElement.resolveFieldValue(AutowiredAnnotationBeanPostProcessor.java:657) ~[spring-beans-5.3.27.jar:5.3.27]
	at org.springframework.beans.factory.annotation.AutowiredAnnotationBeanPostProcessor$AutowiredFieldElement.inject(AutowiredAnnotationBeanPostProcessor.java:640) ~[spring-beans-5.3.27.jar:5.3.27]
	at org.springframework.beans.factory.annotation.InjectionMetadata.inject(InjectionMetadata.java:119) ~[spring-beans-5.3.27.jar:5.3.27]
	at org.springframework.beans.factory.annotation.AutowiredAnnotationBeanPostProcessor.postProcessProperties(AutowiredAnnotationBeanPostProcessor.java:399) ~[spring-beans-5.3.27.jar:5.3.27]
	at org.springframework.beans.factory.support.AbstractAutowireCapableBeanFactory.populateBean(AbstractAutowireCapableBeanFactory.java:1431) ~[spring-beans-5.3.27.jar:5.3.27]
	at org.springframework.beans.factory.support.AbstractAutowireCapableBeanFactory.doCreateBean(AbstractAutowireCapableBeanFactory.java:619) ~[spring-beans-5.3.27.jar:5.3.27]
	at org.springframework.beans.factory.support.AbstractAutowireCapableBeanFactory.createBean(AbstractAutowireCapableBeanFactory.java:542) ~[spring-beans-5.3.27.jar:5.3.27]
	at org.springframework.beans.factory.support.AbstractBeanFactory.lambda$doGetBean$0(AbstractBeanFactory.java:335) ~[spring-beans-5.3.27.jar:5.3.27]
	at org.springframework.beans.factory.support.DefaultSingletonBeanRegistry.getSingleton(DefaultSingletonBeanRegistry.java:234) ~[spring-beans-5.3.27.jar:5.3.27]
	at org.springframework.beans.factory.support.AbstractBeanFactory.doGetBean(AbstractBeanFactory.java:333) ~[spring-beans-5.3.27.jar:5.3.27]
	at org.springframework.beans.factory.support.AbstractBeanFactory.getBean(AbstractBeanFactory.java:208) ~[spring-beans-5.3.27.jar:5.3.27]
	at org.springframework.beans.factory.config.DependencyDescriptor.resolveCandidate(DependencyDescriptor.java:276) ~[spring-beans-5.3.27.jar:5.3.27]
	at org.springframework.beans.factory.support.DefaultListableBeanFactory.doResolveDependency(DefaultListableBeanFactory.java:1391) ~[spring-beans-5.3.27.jar:5.3.27]
	at org.springframework.beans.factory.support.DefaultListableBeanFactory.resolveDependency(DefaultListableBeanFactory.java:1311) ~[spring-beans-5.3.27.jar:5.3.27]
	at org.springframework.beans.factory.support.ConstructorResolver.resolveAutowiredArgument(ConstructorResolver.java:887) ~[spring-beans-5.3.27.jar:5.3.27]
	at org.springframework.beans.factory.support.ConstructorResolver.createArgumentArray(ConstructorResolver.java:791) ~[spring-beans-5.3.27.jar:5.3.27]
	at org.springframework.beans.factory.support.ConstructorResolver.autowireConstructor(ConstructorResolver.java:229) ~[spring-beans-5.3.27.jar:5.3.27]
	at org.springframework.beans.factory.support.AbstractAutowireCapableBeanFactory.autowireConstructor(AbstractAutowireCapableBeanFactory.java:1372) ~[spring-beans-5.3.27.jar:5.3.27]
	at org.springframework.beans.factory.support.AbstractAutowireCapableBeanFactory.createBeanInstance(AbstractAutowireCapableBeanFactory.java:1222) ~[spring-beans-5.3.27.jar:5.3.27]
	at org.springframework.beans.factory.support.AbstractAutowireCapableBeanFactory.doCreateBean(AbstractAutowireCapableBeanFactory.java:582) ~[spring-beans-5.3.27.jar:5.3.27]
	at org.springframework.beans.factory.support.AbstractAutowireCapableBeanFactory.createBean(AbstractAutowireCapableBeanFactory.java:542) ~[spring-beans-5.3.27.jar:5.3.27]
	at org.springframework.beans.factory.support.AbstractBeanFactory.lambda$doGetBean$0(AbstractBeanFactory.java:335) ~[spring-beans-5.3.27.jar:5.3.27]
	at org.springframework.beans.factory.support.DefaultSingletonBeanRegistry.getSingleton(DefaultSingletonBeanRegistry.java:234) ~[spring-beans-5.3.27.jar:5.3.27]
	at org.springframework.beans.factory.support.AbstractBeanFactory.doGetBean(AbstractBeanFactory.java:333) ~[spring-beans-5.3.27.jar:5.3.27]
	at org.springframework.beans.factory.support.AbstractBeanFactory.getBean(AbstractBeanFactory.java:208) ~[spring-beans-5.3.27.jar:5.3.27]
	at org.springframework.beans.factory.support.DefaultListableBeanFactory.preInstantiateSingletons(DefaultListableBeanFactory.java:955) ~[spring-beans-5.3.27.jar:5.3.27]
	at org.springframework.context.support.AbstractApplicationContext.finishBeanFactoryInitialization(AbstractApplicationContext.java:920) ~[spring-context-5.3.27.jar:5.3.27]
	at org.springframework.context.support.AbstractApplicationContext.refresh(AbstractApplicationContext.java:583) ~[spring-context-5.3.27.jar:5.3.27]
	at org.springframework.boot.web.servlet.context.ServletWebServerApplicationContext.refresh(ServletWebServerApplicationContext.java:147) ~[spring-boot-2.7.12.jar:2.7.12]
	at org.springframework.boot.SpringApplication.refresh(SpringApplication.java:731) ~[spring-boot-2.7.12.jar:2.7.12]
	at org.springframework.boot.SpringApplication.refreshContext(SpringApplication.java:408) ~[spring-boot-2.7.12.jar:2.7.12]
	at org.springframework.boot.SpringApplication.run(SpringApplication.java:307) ~[spring-boot-2.7.12.jar:2.7.12]
	at org.springframework.boot.SpringApplication.run(SpringApplication.java:1303) ~[spring-boot-2.7.12.jar:2.7.12]
	at org.springframework.boot.SpringApplication.run(SpringApplication.java:1292) ~[spring-boot-2.7.12.jar:2.7.12]
	at com.hmall.search.SearchApplication.main(SearchApplication.java:15) ~[classes/:na]
Caused by: com.mysql.cj.exceptions.CJCommunicationsException: Communications link failure

The last packet sent successfully to the server was 0 milliseconds ago. The driver has not received any packets from the server.
	at java.base/jdk.internal.reflect.NativeConstructorAccessorImpl.newInstance0(Native Method) ~[na:na]
	at java.base/jdk.internal.reflect.NativeConstructorAccessorImpl.newInstance(NativeConstructorAccessorImpl.java:62) ~[na:na]
	at java.base/jdk.internal.reflect.DelegatingConstructorAccessorImpl.newInstance(DelegatingConstructorAccessorImpl.java:45) ~[na:na]
	at java.base/java.lang.reflect.Constructor.newInstance(Constructor.java:490) ~[na:na]
	at com.mysql.cj.exceptions.ExceptionFactory.createException(ExceptionFactory.java:61) ~[mysql-connector-java-8.0.23.jar:8.0.23]
	at com.mysql.cj.exceptions.ExceptionFactory.createException(ExceptionFactory.java:105) ~[mysql-connector-java-8.0.23.jar:8.0.23]
	at com.mysql.cj.exceptions.ExceptionFactory.createException(ExceptionFactory.java:151) ~[mysql-connector-java-8.0.23.jar:8.0.23]
	at com.mysql.cj.exceptions.ExceptionFactory.createCommunicationsException(ExceptionFactory.java:167) ~[mysql-connector-java-8.0.23.jar:8.0.23]
	at com.mysql.cj.protocol.a.NativeSocketConnection.connect(NativeSocketConnection.java:89) ~[mysql-connector-java-8.0.23.jar:8.0.23]
	at com.mysql.cj.NativeSession.connect(NativeSession.java:144) ~[mysql-connector-java-8.0.23.jar:8.0.23]
	at com.mysql.cj.jdbc.ConnectionImpl.connectWithRetries(ConnectionImpl.java:847) ~[mysql-connector-java-8.0.23.jar:8.0.23]
	... 88 common frames omitted
Caused by: java.net.UnknownHostException: mysql
	at java.base/java.net.InetAddress$CachedAddresses.get(InetAddress.java:797) ~[na:na]
	at java.base/java.net.InetAddress.getAllByName0(InetAddress.java:1533) ~[na:na]
	at java.base/java.net.InetAddress.getAllByName(InetAddress.java:1386) ~[na:na]
	at java.base/java.net.InetAddress.getAllByName(InetAddress.java:1307) ~[na:na]
	at com.mysql.cj.protocol.StandardSocketFactory.connect(StandardSocketFactory.java:132) ~[mysql-connector-java-8.0.23.jar:8.0.23]
	at com.mysql.cj.protocol.a.NativeSocketConnection.connect(NativeSocketConnection.java:63) ~[mysql-connector-java-8.0.23.jar:8.0.23]
	... 90 common frames omitted

20:55:07:942  WARN 49392 --- [main] ConfigServletWebServerApplicationContext : Exception encountered during context initialization - cancelling refresh attempt: org.springframework.beans.factory.UnsatisfiedDependencyException: Error creating bean with name 'searchController' defined in file [C:\Program Files\directx\Desktop\JAVA\hmall\hmall\search-service\target\classes\com\hmall\search\controller\SearchController.class]: Unsatisfied dependency expressed through constructor parameter 0; nested exception is org.springframework.beans.factory.UnsatisfiedDependencyException: Error creating bean with name 'itemServiceImpl': Unsatisfied dependency expressed through field 'baseMapper'; nested exception is org.springframework.beans.factory.UnsatisfiedDependencyException: Error creating bean with name 'itemMapper' defined in file [C:\Program Files\directx\Desktop\JAVA\hmall\hmall\search-service\target\classes\com\hmall\search\mapper\ItemMapper.class]: Unsatisfied dependency expressed through bean property 'sqlSessionFactory'; nested exception is org.springframework.beans.factory.UnsatisfiedDependencyException: Error creating bean with name 'sqlSessionFactory' defined in class path resource [com/baomidou/mybatisplus/autoconfigure/MybatisPlusAutoConfiguration.class]: Unsatisfied dependency expressed through method 'sqlSessionFactory' parameter 0; nested exception is org.springframework.beans.factory.BeanCreationException: Error creating bean with name 'dataSource' defined in class path resource [org/springframework/boot/autoconfigure/jdbc/DataSourceConfiguration$Hikari.class]: Initialization of bean failed; nested exception is java.lang.IllegalStateException: can not init dataSource
20:55:07:945  WARN 49392 --- [main] s.c.a.AnnotationConfigApplicationContext : Exception thrown from ApplicationListener handling ContextClosedEvent

org.springframework.beans.factory.BeanCreationNotAllowedException: Error creating bean with name 'rabbitConnectionFactory': Singleton bean creation not allowed while singletons of this factory are in destruction (Do not request a bean from a BeanFactory in a destroy method implementation!)
	at org.springframework.beans.factory.support.DefaultSingletonBeanRegistry.getSingleton(DefaultSingletonBeanRegistry.java:220) ~[spring-beans-5.3.27.jar:5.3.27]
	at org.springframework.beans.factory.support.AbstractBeanFactory.doGetBean(AbstractBeanFactory.java:333) ~[spring-beans-5.3.27.jar:5.3.27]
	at org.springframework.beans.factory.support.AbstractBeanFactory.getBean(AbstractBeanFactory.java:213) ~[spring-beans-5.3.27.jar:5.3.27]
	at org.springframework.context.event.AbstractApplicationEventMulticaster.retrieveApplicationListeners(AbstractApplicationEventMulticaster.java:264) ~[spring-context-5.3.27.jar:5.3.27]
	at org.springframework.context.event.AbstractApplicationEventMulticaster.getApplicationListeners(AbstractApplicationEventMulticaster.java:221) ~[spring-context-5.3.27.jar:5.3.27]
	at org.springframework.context.event.SimpleApplicationEventMulticaster.multicastEvent(SimpleApplicationEventMulticaster.java:138) ~[spring-context-5.3.27.jar:5.3.27]
	at org.springframework.context.support.AbstractApplicationContext.publishEvent(AbstractApplicationContext.java:421) ~[spring-context-5.3.27.jar:5.3.27]
	at org.springframework.context.support.AbstractApplicationContext.publishEvent(AbstractApplicationContext.java:427) ~[spring-context-5.3.27.jar:5.3.27]
	at org.springframework.context.support.AbstractApplicationContext.publishEvent(AbstractApplicationContext.java:378) ~[spring-context-5.3.27.jar:5.3.27]
	at org.springframework.context.support.AbstractApplicationContext.doClose(AbstractApplicationContext.java:1060) ~[spring-context-5.3.27.jar:5.3.27]
	at org.springframework.context.support.AbstractApplicationContext.close(AbstractApplicationContext.java:1023) ~[spring-context-5.3.27.jar:5.3.27]
	at org.springframework.cloud.context.named.NamedContextFactory.destroy(NamedContextFactory.java:99) ~[spring-cloud-context-3.1.3.jar:3.1.3]
	at org.springframework.beans.factory.support.DisposableBeanAdapter.destroy(DisposableBeanAdapter.java:213) ~[spring-beans-5.3.27.jar:5.3.27]
	at org.springframework.beans.factory.support.DefaultSingletonBeanRegistry.destroyBean(DefaultSingletonBeanRegistry.java:587) ~[spring-beans-5.3.27.jar:5.3.27]
	at org.springframework.beans.factory.support.DefaultSingletonBeanRegistry.destroySingleton(DefaultSingletonBeanRegistry.java:559) ~[spring-beans-5.3.27.jar:5.3.27]
	at org.springframework.beans.factory.support.DefaultListableBeanFactory.destroySingleton(DefaultListableBeanFactory.java:1163) ~[spring-beans-5.3.27.jar:5.3.27]
	at org.springframework.beans.factory.support.DefaultSingletonBeanRegistry.destroySingletons(DefaultSingletonBeanRegistry.java:520) ~[spring-beans-5.3.27.jar:5.3.27]
	at org.springframework.beans.factory.support.DefaultListableBeanFactory.destroySingletons(DefaultListableBeanFactory.java:1156) ~[spring-beans-5.3.27.jar:5.3.27]
	at org.springframework.context.support.AbstractApplicationContext.destroyBeans(AbstractApplicationContext.java:1108) ~[spring-context-5.3.27.jar:5.3.27]
	at org.springframework.context.support.AbstractApplicationContext.refresh(AbstractApplicationContext.java:596) ~[spring-context-5.3.27.jar:5.3.27]
	at org.springframework.boot.web.servlet.context.ServletWebServerApplicationContext.refresh(ServletWebServerApplicationContext.java:147) ~[spring-boot-2.7.12.jar:2.7.12]
	at org.springframework.boot.SpringApplication.refresh(SpringApplication.java:731) ~[spring-boot-2.7.12.jar:2.7.12]
	at org.springframework.boot.SpringApplication.refreshContext(SpringApplication.java:408) ~[spring-boot-2.7.12.jar:2.7.12]
	at org.springframework.boot.SpringApplication.run(SpringApplication.java:307) ~[spring-boot-2.7.12.jar:2.7.12]
	at org.springframework.boot.SpringApplication.run(SpringApplication.java:1303) ~[spring-boot-2.7.12.jar:2.7.12]
	at org.springframework.boot.SpringApplication.run(SpringApplication.java:1292) ~[spring-boot-2.7.12.jar:2.7.12]
	at com.hmall.search.SearchApplication.main(SearchApplication.java:15) ~[classes/:na]

20:55:07:946  WARN 49392 --- [main] s.c.a.AnnotationConfigApplicationContext : Exception thrown from ApplicationListener handling ContextClosedEvent

org.springframework.beans.factory.BeanCreationNotAllowedException: Error creating bean with name 'rabbitConnectionFactory': Singleton bean creation not allowed while singletons of this factory are in destruction (Do not request a bean from a BeanFactory in a destroy method implementation!)
	at org.springframework.beans.factory.support.DefaultSingletonBeanRegistry.getSingleton(DefaultSingletonBeanRegistry.java:220) ~[spring-beans-5.3.27.jar:5.3.27]
	at org.springframework.beans.factory.support.AbstractBeanFactory.doGetBean(AbstractBeanFactory.java:333) ~[spring-beans-5.3.27.jar:5.3.27]
	at org.springframework.beans.factory.support.AbstractBeanFactory.getBean(AbstractBeanFactory.java:213) ~[spring-beans-5.3.27.jar:5.3.27]
	at org.springframework.context.event.AbstractApplicationEventMulticaster.retrieveApplicationListeners(AbstractApplicationEventMulticaster.java:264) ~[spring-context-5.3.27.jar:5.3.27]
	at org.springframework.context.event.AbstractApplicationEventMulticaster.getApplicationListeners(AbstractApplicationEventMulticaster.java:221) ~[spring-context-5.3.27.jar:5.3.27]
	at org.springframework.context.event.SimpleApplicationEventMulticaster.multicastEvent(SimpleApplicationEventMulticaster.java:138) ~[spring-context-5.3.27.jar:5.3.27]
	at org.springframework.context.support.AbstractApplicationContext.publishEvent(AbstractApplicationContext.java:421) ~[spring-context-5.3.27.jar:5.3.27]
	at org.springframework.context.support.AbstractApplicationContext.publishEvent(AbstractApplicationContext.java:427) ~[spring-context-5.3.27.jar:5.3.27]
	at org.springframework.context.support.AbstractApplicationContext.publishEvent(AbstractApplicationContext.java:378) ~[spring-context-5.3.27.jar:5.3.27]
	at org.springframework.context.support.AbstractApplicationContext.doClose(AbstractApplicationContext.java:1060) ~[spring-context-5.3.27.jar:5.3.27]
	at org.springframework.context.support.AbstractApplicationContext.close(AbstractApplicationContext.java:1023) ~[spring-context-5.3.27.jar:5.3.27]
	at org.springframework.cloud.context.named.NamedContextFactory.destroy(NamedContextFactory.java:99) ~[spring-cloud-context-3.1.3.jar:3.1.3]
	at org.springframework.beans.factory.support.DisposableBeanAdapter.destroy(DisposableBeanAdapter.java:213) ~[spring-beans-5.3.27.jar:5.3.27]
	at org.springframework.beans.factory.support.DefaultSingletonBeanRegistry.destroyBean(DefaultSingletonBeanRegistry.java:587) ~[spring-beans-5.3.27.jar:5.3.27]
	at org.springframework.beans.factory.support.DefaultSingletonBeanRegistry.destroySingleton(DefaultSingletonBeanRegistry.java:559) ~[spring-beans-5.3.27.jar:5.3.27]
	at org.springframework.beans.factory.support.DefaultListableBeanFactory.destroySingleton(DefaultListableBeanFactory.java:1163) ~[spring-beans-5.3.27.jar:5.3.27]
	at org.springframework.beans.factory.support.DefaultSingletonBeanRegistry.destroySingletons(DefaultSingletonBeanRegistry.java:520) ~[spring-beans-5.3.27.jar:5.3.27]
	at org.springframework.beans.factory.support.DefaultListableBeanFactory.destroySingletons(DefaultListableBeanFactory.java:1156) ~[spring-beans-5.3.27.jar:5.3.27]
	at org.springframework.context.support.AbstractApplicationContext.destroyBeans(AbstractApplicationContext.java:1108) ~[spring-context-5.3.27.jar:5.3.27]
	at org.springframework.context.support.AbstractApplicationContext.refresh(AbstractApplicationContext.java:596) ~[spring-context-5.3.27.jar:5.3.27]
	at org.springframework.boot.web.servlet.context.ServletWebServerApplicationContext.refresh(ServletWebServerApplicationContext.java:147) ~[spring-boot-2.7.12.jar:2.7.12]
	at org.springframework.boot.SpringApplication.refresh(SpringApplication.java:731) ~[spring-boot-2.7.12.jar:2.7.12]
	at org.springframework.boot.SpringApplication.refreshContext(SpringApplication.java:408) ~[spring-boot-2.7.12.jar:2.7.12]
	at org.springframework.boot.SpringApplication.run(SpringApplication.java:307) ~[spring-boot-2.7.12.jar:2.7.12]
	at org.springframework.boot.SpringApplication.run(SpringApplication.java:1303) ~[spring-boot-2.7.12.jar:2.7.12]
	at org.springframework.boot.SpringApplication.run(SpringApplication.java:1292) ~[spring-boot-2.7.12.jar:2.7.12]
	at com.hmall.search.SearchApplication.main(SearchApplication.java:15) ~[classes/:na]

20:55:07:949  INFO 49392 --- [NettyClientSelector_TMROLE_1_1] i.s.c.r.n.AbstractNettyRemotingClient    : channel inactive: [id: 0x633bcada, L:/192.168.23.1:53886 ! R:/192.168.23.128:8099]
20:55:07:949  INFO 49392 --- [NettyClientSelector_TMROLE_1_1] i.s.c.r.netty.NettyClientChannelManager  : return to pool, rm channel:[id: 0x633bcada, L:/192.168.23.1:53886 ! R:/192.168.23.128:8099]
20:55:07:949  INFO 49392 --- [NettyClientSelector_TMROLE_1_1] i.s.core.rpc.netty.NettyPoolableFactory  : channel valid false,channel:[id: 0x633bcada, L:/192.168.23.1:53886 ! R:/192.168.23.128:8099]
20:55:07:950  INFO 49392 --- [NettyClientSelector_TMROLE_1_1] i.s.core.rpc.netty.NettyPoolableFactory  : will destroy channel:[id: 0x633bcada, L:/192.168.23.1:53886 ! R:/192.168.23.128:8099]
20:55:07:950  INFO 49392 --- [NettyClientSelector_TMROLE_1_1] i.s.c.r.n.AbstractNettyRemotingClient    : ChannelHandlerContext(AbstractNettyRemotingClient$ClientHandler#0, [id: 0x633bcada, L:/192.168.23.1:53886 ! R:/192.168.23.128:8099]) will closed
20:55:07:950  INFO 49392 --- [NettyClientSelector_TMROLE_1_1] i.s.c.r.n.AbstractNettyRemotingClient    : ChannelHandlerContext(AbstractNettyRemotingClient$ClientHandler#0, [id: 0x633bcada, L:/192.168.23.1:53886 ! R:/192.168.23.128:8099]) will closed
20:55:07:958  INFO 49392 --- [main] o.apache.catalina.core.StandardService   : Stopping service [Tomcat]
20:55:07:968  INFO 49392 --- [main] ConditionEvaluationReportLoggingListener : 

Error starting ApplicationContext. To display the conditions report re-run your application with 'debug' enabled.
20:55:07:990 ERROR 49392 --- [main] o.s.boot.SpringApplication               : Application run failed

org.springframework.beans.factory.UnsatisfiedDependencyException: Error creating bean with name 'searchController' defined in file [C:\Program Files\directx\Desktop\JAVA\hmall\hmall\search-service\target\classes\com\hmall\search\controller\SearchController.class]: Unsatisfied dependency expressed through constructor parameter 0; nested exception is org.springframework.beans.factory.UnsatisfiedDependencyException: Error creating bean with name 'itemServiceImpl': Unsatisfied dependency expressed through field 'baseMapper'; nested exception is org.springframework.beans.factory.UnsatisfiedDependencyException: Error creating bean with name 'itemMapper' defined in file [C:\Program Files\directx\Desktop\JAVA\hmall\hmall\search-service\target\classes\com\hmall\search\mapper\ItemMapper.class]: Unsatisfied dependency expressed through bean property 'sqlSessionFactory'; nested exception is org.springframework.beans.factory.UnsatisfiedDependencyException: Error creating bean with name 'sqlSessionFactory' defined in class path resource [com/baomidou/mybatisplus/autoconfigure/MybatisPlusAutoConfiguration.class]: Unsatisfied dependency expressed through method 'sqlSessionFactory' parameter 0; nested exception is org.springframework.beans.factory.BeanCreationException: Error creating bean with name 'dataSource' defined in class path resource [org/springframework/boot/autoconfigure/jdbc/DataSourceConfiguration$Hikari.class]: Initialization of bean failed; nested exception is java.lang.IllegalStateException: can not init dataSource
	at org.springframework.beans.factory.support.ConstructorResolver.createArgumentArray(ConstructorResolver.java:800) ~[spring-beans-5.3.27.jar:5.3.27]
	at org.springframework.beans.factory.support.ConstructorResolver.autowireConstructor(ConstructorResolver.java:229) ~[spring-beans-5.3.27.jar:5.3.27]
	at org.springframework.beans.factory.support.AbstractAutowireCapableBeanFactory.autowireConstructor(AbstractAutowireCapableBeanFactory.java:1372) ~[spring-beans-5.3.27.jar:5.3.27]
	at org.springframework.beans.factory.support.AbstractAutowireCapableBeanFactory.createBeanInstance(AbstractAutowireCapableBeanFactory.java:1222) ~[spring-beans-5.3.27.jar:5.3.27]
	at org.springframework.beans.factory.support.AbstractAutowireCapableBeanFactory.doCreateBean(AbstractAutowireCapableBeanFactory.java:582) ~[spring-beans-5.3.27.jar:5.3.27]
	at org.springframework.beans.factory.support.AbstractAutowireCapableBeanFactory.createBean(AbstractAutowireCapableBeanFactory.java:542) ~[spring-beans-5.3.27.jar:5.3.27]
	at org.springframework.beans.factory.support.AbstractBeanFactory.lambda$doGetBean$0(AbstractBeanFactory.java:335) ~[spring-beans-5.3.27.jar:5.3.27]
	at org.springframework.beans.factory.support.DefaultSingletonBeanRegistry.getSingleton(DefaultSingletonBeanRegistry.java:234) ~[spring-beans-5.3.27.jar:5.3.27]
	at org.springframework.beans.factory.support.AbstractBeanFactory.doGetBean(AbstractBeanFactory.java:333) ~[spring-beans-5.3.27.jar:5.3.27]
	at org.springframework.beans.factory.support.AbstractBeanFactory.getBean(AbstractBeanFactory.java:208) ~[spring-beans-5.3.27.jar:5.3.27]
	at org.springframework.beans.factory.support.DefaultListableBeanFactory.preInstantiateSingletons(DefaultListableBeanFactory.java:955) ~[spring-beans-5.3.27.jar:5.3.27]
	at org.springframework.context.support.AbstractApplicationContext.finishBeanFactoryInitialization(AbstractApplicationContext.java:920) ~[spring-context-5.3.27.jar:5.3.27]
	at org.springframework.context.support.AbstractApplicationContext.refresh(AbstractApplicationContext.java:583) ~[spring-context-5.3.27.jar:5.3.27]
	at org.springframework.boot.web.servlet.context.ServletWebServerApplicationContext.refresh(ServletWebServerApplicationContext.java:147) ~[spring-boot-2.7.12.jar:2.7.12]
	at org.springframework.boot.SpringApplication.refresh(SpringApplication.java:731) ~[spring-boot-2.7.12.jar:2.7.12]
	at org.springframework.boot.SpringApplication.refreshContext(SpringApplication.java:408) ~[spring-boot-2.7.12.jar:2.7.12]
	at org.springframework.boot.SpringApplication.run(SpringApplication.java:307) ~[spring-boot-2.7.12.jar:2.7.12]
	at org.springframework.boot.SpringApplication.run(SpringApplication.java:1303) ~[spring-boot-2.7.12.jar:2.7.12]
	at org.springframework.boot.SpringApplication.run(SpringApplication.java:1292) ~[spring-boot-2.7.12.jar:2.7.12]
	at com.hmall.search.SearchApplication.main(SearchApplication.java:15) ~[classes/:na]
Caused by: org.springframework.beans.factory.UnsatisfiedDependencyException: Error creating bean with name 'itemServiceImpl': Unsatisfied dependency expressed through field 'baseMapper'; nested exception is org.springframework.beans.factory.UnsatisfiedDependencyException: Error creating bean with name 'itemMapper' defined in file [C:\Program Files\directx\Desktop\JAVA\hmall\hmall\search-service\target\classes\com\hmall\search\mapper\ItemMapper.class]: Unsatisfied dependency expressed through bean property 'sqlSessionFactory'; nested exception is org.springframework.beans.factory.UnsatisfiedDependencyException: Error creating bean with name 'sqlSessionFactory' defined in class path resource [com/baomidou/mybatisplus/autoconfigure/MybatisPlusAutoConfiguration.class]: Unsatisfied dependency expressed through method 'sqlSessionFactory' parameter 0; nested exception is org.springframework.beans.factory.BeanCreationException: Error creating bean with name 'dataSource' defined in class path resource [org/springframework/boot/autoconfigure/jdbc/DataSourceConfiguration$Hikari.class]: Initialization of bean failed; nested exception is java.lang.IllegalStateException: can not init dataSource
	at org.springframework.beans.factory.annotation.AutowiredAnnotationBeanPostProcessor$AutowiredFieldElement.resolveFieldValue(AutowiredAnnotationBeanPostProcessor.java:660) ~[spring-beans-5.3.27.jar:5.3.27]
	at org.springframework.beans.factory.annotation.AutowiredAnnotationBeanPostProcessor$AutowiredFieldElement.inject(AutowiredAnnotationBeanPostProcessor.java:640) ~[spring-beans-5.3.27.jar:5.3.27]
	at org.springframework.beans.factory.annotation.InjectionMetadata.inject(InjectionMetadata.java:119) ~[spring-beans-5.3.27.jar:5.3.27]
	at org.springframework.beans.factory.annotation.AutowiredAnnotationBeanPostProcessor.postProcessProperties(AutowiredAnnotationBeanPostProcessor.java:399) ~[spring-beans-5.3.27.jar:5.3.27]
	at org.springframework.beans.factory.support.AbstractAutowireCapableBeanFactory.populateBean(AbstractAutowireCapableBeanFactory.java:1431) ~[spring-beans-5.3.27.jar:5.3.27]
	at org.springframework.beans.factory.support.AbstractAutowireCapableBeanFactory.doCreateBean(AbstractAutowireCapableBeanFactory.java:619) ~[spring-beans-5.3.27.jar:5.3.27]
	at org.springframework.beans.factory.support.AbstractAutowireCapableBeanFactory.createBean(AbstractAutowireCapableBeanFactory.java:542) ~[spring-beans-5.3.27.jar:5.3.27]
	at org.springframework.beans.factory.support.AbstractBeanFactory.lambda$doGetBean$0(AbstractBeanFactory.java:335) ~[spring-beans-5.3.27.jar:5.3.27]
	at org.springframework.beans.factory.support.DefaultSingletonBeanRegistry.getSingleton(DefaultSingletonBeanRegistry.java:234) ~[spring-beans-5.3.27.jar:5.3.27]
	at org.springframework.beans.factory.support.AbstractBeanFactory.doGetBean(AbstractBeanFactory.java:333) ~[spring-beans-5.3.27.jar:5.3.27]
	at org.springframework.beans.factory.support.AbstractBeanFactory.getBean(AbstractBeanFactory.java:208) ~[spring-beans-5.3.27.jar:5.3.27]
	at org.springframework.beans.factory.config.DependencyDescriptor.resolveCandidate(DependencyDescriptor.java:276) ~[spring-beans-5.3.27.jar:5.3.27]
	at org.springframework.beans.factory.support.DefaultListableBeanFactory.doResolveDependency(DefaultListableBeanFactory.java:1391) ~[spring-beans-5.3.27.jar:5.3.27]
	at org.springframework.beans.factory.support.DefaultListableBeanFactory.resolveDependency(DefaultListableBeanFactory.java:1311) ~[spring-beans-5.3.27.jar:5.3.27]
	at org.springframework.beans.factory.support.ConstructorResolver.resolveAutowiredArgument(ConstructorResolver.java:887) ~[spring-beans-5.3.27.jar:5.3.27]
	at org.springframework.beans.factory.support.ConstructorResolver.createArgumentArray(ConstructorResolver.java:791) ~[spring-beans-5.3.27.jar:5.3.27]
	... 19 common frames omitted
Caused by: org.springframework.beans.factory.UnsatisfiedDependencyException: Error creating bean with name 'itemMapper' defined in file [C:\Program Files\directx\Desktop\JAVA\hmall\hmall\search-service\target\classes\com\hmall\search\mapper\ItemMapper.class]: Unsatisfied dependency expressed through bean property 'sqlSessionFactory'; nested exception is org.springframework.beans.factory.UnsatisfiedDependencyException: Error creating bean with name 'sqlSessionFactory' defined in class path resource [com/baomidou/mybatisplus/autoconfigure/MybatisPlusAutoConfiguration.class]: Unsatisfied dependency expressed through method 'sqlSessionFactory' parameter 0; nested exception is org.springframework.beans.factory.BeanCreationException: Error creating bean with name 'dataSource' defined in class path resource [org/springframework/boot/autoconfigure/jdbc/DataSourceConfiguration$Hikari.class]: Initialization of bean failed; nested exception is java.lang.IllegalStateException: can not init dataSource
	at org.springframework.beans.factory.support.AbstractAutowireCapableBeanFactory.autowireByType(AbstractAutowireCapableBeanFactory.java:1534) ~[spring-beans-5.3.27.jar:5.3.27]
	at org.springframework.beans.factory.support.AbstractAutowireCapableBeanFactory.populateBean(AbstractAutowireCapableBeanFactory.java:1417) ~[spring-beans-5.3.27.jar:5.3.27]
	at org.springframework.beans.factory.support.AbstractAutowireCapableBeanFactory.doCreateBean(AbstractAutowireCapableBeanFactory.java:619) ~[spring-beans-5.3.27.jar:5.3.27]
	at org.springframework.beans.factory.support.AbstractAutowireCapableBeanFactory.createBean(AbstractAutowireCapableBeanFactory.java:542) ~[spring-beans-5.3.27.jar:5.3.27]
	at org.springframework.beans.factory.support.AbstractBeanFactory.lambda$doGetBean$0(AbstractBeanFactory.java:335) ~[spring-beans-5.3.27.jar:5.3.27]
	at org.springframework.beans.factory.support.DefaultSingletonBeanRegistry.getSingleton(DefaultSingletonBeanRegistry.java:234) ~[spring-beans-5.3.27.jar:5.3.27]
	at org.springframework.beans.factory.support.AbstractBeanFactory.doGetBean(AbstractBeanFactory.java:333) ~[spring-beans-5.3.27.jar:5.3.27]
	at org.springframework.beans.factory.support.AbstractBeanFactory.getBean(AbstractBeanFactory.java:208) ~[spring-beans-5.3.27.jar:5.3.27]
	at org.springframework.beans.factory.config.DependencyDescriptor.resolveCandidate(DependencyDescriptor.java:276) ~[spring-beans-5.3.27.jar:5.3.27]
	at org.springframework.beans.factory.support.DefaultListableBeanFactory.doResolveDependency(DefaultListableBeanFactory.java:1391) ~[spring-beans-5.3.27.jar:5.3.27]
	at org.springframework.beans.factory.support.DefaultListableBeanFactory.resolveDependency(DefaultListableBeanFactory.java:1311) ~[spring-beans-5.3.27.jar:5.3.27]
	at org.springframework.beans.factory.annotation.AutowiredAnnotationBeanPostProcessor$AutowiredFieldElement.resolveFieldValue(AutowiredAnnotationBeanPostProcessor.java:657) ~[spring-beans-5.3.27.jar:5.3.27]
	... 34 common frames omitted
Caused by: org.springframework.beans.factory.UnsatisfiedDependencyException: Error creating bean with name 'sqlSessionFactory' defined in class path resource [com/baomidou/mybatisplus/autoconfigure/MybatisPlusAutoConfiguration.class]: Unsatisfied dependency expressed through method 'sqlSessionFactory' parameter 0; nested exception is org.springframework.beans.factory.BeanCreationException: Error creating bean with name 'dataSource' defined in class path resource [org/springframework/boot/autoconfigure/jdbc/DataSourceConfiguration$Hikari.class]: Initialization of bean failed; nested exception is java.lang.IllegalStateException: can not init dataSource
	at org.springframework.beans.factory.support.ConstructorResolver.createArgumentArray(ConstructorResolver.java:800) ~[spring-beans-5.3.27.jar:5.3.27]
	at org.springframework.beans.factory.support.ConstructorResolver.instantiateUsingFactoryMethod(ConstructorResolver.java:541) ~[spring-beans-5.3.27.jar:5.3.27]
	at org.springframework.beans.factory.support.AbstractAutowireCapableBeanFactory.instantiateUsingFactoryMethod(AbstractAutowireCapableBeanFactory.java:1352) ~[spring-beans-5.3.27.jar:5.3.27]
	at org.springframework.beans.factory.support.AbstractAutowireCapableBeanFactory.createBeanInstance(AbstractAutowireCapableBeanFactory.java:1195) ~[spring-beans-5.3.27.jar:5.3.27]
	at org.springframework.beans.factory.support.AbstractAutowireCapableBeanFactory.doCreateBean(AbstractAutowireCapableBeanFactory.java:582) ~[spring-beans-5.3.27.jar:5.3.27]
	at org.springframework.beans.factory.support.AbstractAutowireCapableBeanFactory.createBean(AbstractAutowireCapableBeanFactory.java:542) ~[spring-beans-5.3.27.jar:5.3.27]
	at org.springframework.beans.factory.support.AbstractBeanFactory.lambda$doGetBean$0(AbstractBeanFactory.java:335) ~[spring-beans-5.3.27.jar:5.3.27]
	at org.springframework.beans.factory.support.DefaultSingletonBeanRegistry.getSingleton(DefaultSingletonBeanRegistry.java:234) ~[spring-beans-5.3.27.jar:5.3.27]
	at org.springframework.beans.factory.support.AbstractBeanFactory.doGetBean(AbstractBeanFactory.java:333) ~[spring-beans-5.3.27.jar:5.3.27]
	at org.springframework.beans.factory.support.AbstractBeanFactory.getBean(AbstractBeanFactory.java:208) ~[spring-beans-5.3.27.jar:5.3.27]
	at org.springframework.beans.factory.config.DependencyDescriptor.resolveCandidate(DependencyDescriptor.java:276) ~[spring-beans-5.3.27.jar:5.3.27]
	at org.springframework.beans.factory.support.DefaultListableBeanFactory.doResolveDependency(DefaultListableBeanFactory.java:1391) ~[spring-beans-5.3.27.jar:5.3.27]
	at org.springframework.beans.factory.support.DefaultListableBeanFactory.resolveDependency(DefaultListableBeanFactory.java:1311) ~[spring-beans-5.3.27.jar:5.3.27]
	at org.springframework.beans.factory.support.AbstractAutowireCapableBeanFactory.autowireByType(AbstractAutowireCapableBeanFactory.java:1519) ~[spring-beans-5.3.27.jar:5.3.27]
	... 45 common frames omitted
Caused by: org.springframework.beans.factory.BeanCreationException: Error creating bean with name 'dataSource' defined in class path resource [org/springframework/boot/autoconfigure/jdbc/DataSourceConfiguration$Hikari.class]: Initialization of bean failed; nested exception is java.lang.IllegalStateException: can not init dataSource
	at org.springframework.beans.factory.support.AbstractAutowireCapableBeanFactory.doCreateBean(AbstractAutowireCapableBeanFactory.java:628) ~[spring-beans-5.3.27.jar:5.3.27]
	at org.springframework.beans.factory.support.AbstractAutowireCapableBeanFactory.createBean(AbstractAutowireCapableBeanFactory.java:542) ~[spring-beans-5.3.27.jar:5.3.27]
	at org.springframework.beans.factory.support.AbstractBeanFactory.lambda$doGetBean$0(AbstractBeanFactory.java:335) ~[spring-beans-5.3.27.jar:5.3.27]
	at org.springframework.beans.factory.support.DefaultSingletonBeanRegistry.getSingleton(DefaultSingletonBeanRegistry.java:234) ~[spring-beans-5.3.27.jar:5.3.27]
	at org.springframework.beans.factory.support.AbstractBeanFactory.doGetBean(AbstractBeanFactory.java:333) ~[spring-beans-5.3.27.jar:5.3.27]
	at org.springframework.beans.factory.support.AbstractBeanFactory.getBean(AbstractBeanFactory.java:208) ~[spring-beans-5.3.27.jar:5.3.27]
	at org.springframework.beans.factory.config.DependencyDescriptor.resolveCandidate(DependencyDescriptor.java:276) ~[spring-beans-5.3.27.jar:5.3.27]
	at org.springframework.beans.factory.support.DefaultListableBeanFactory.doResolveDependency(DefaultListableBeanFactory.java:1391) ~[spring-beans-5.3.27.jar:5.3.27]
	at org.springframework.beans.factory.support.DefaultListableBeanFactory.resolveDependency(DefaultListableBeanFactory.java:1311) ~[spring-beans-5.3.27.jar:5.3.27]
	at org.springframework.beans.factory.support.ConstructorResolver.resolveAutowiredArgument(ConstructorResolver.java:887) ~[spring-beans-5.3.27.jar:5.3.27]
	at org.springframework.beans.factory.support.ConstructorResolver.createArgumentArray(ConstructorResolver.java:791) ~[spring-beans-5.3.27.jar:5.3.27]
	... 58 common frames omitted
Caused by: java.lang.IllegalStateException: can not init dataSource
	at io.seata.rm.datasource.DataSourceProxy.init(DataSourceProxy.java:113) ~[seata-all-1.5.2.jar:1.5.2]
	at io.seata.rm.datasource.DataSourceProxy.<init>(DataSourceProxy.java:99) ~[seata-all-1.5.2.jar:1.5.2]
	at io.seata.rm.datasource.DataSourceProxy.<init>(DataSourceProxy.java:84) ~[seata-all-1.5.2.jar:1.5.2]
	at io.seata.spring.annotation.datasource.SeataAutoDataSourceProxyCreator.buildProxy(SeataAutoDataSourceProxyCreator.java:114) ~[seata-all-1.5.2.jar:1.5.2]
	at io.seata.spring.annotation.datasource.SeataAutoDataSourceProxyCreator.wrapIfNecessary(SeataAutoDataSourceProxyCreator.java:89) ~[seata-all-1.5.2.jar:1.5.2]
	at org.springframework.aop.framework.autoproxy.AbstractAutoProxyCreator.postProcessAfterInitialization(AbstractAutoProxyCreator.java:293) ~[spring-aop-5.3.27.jar:5.3.27]
	at org.springframework.beans.factory.support.AbstractAutowireCapableBeanFactory.applyBeanPostProcessorsAfterInitialization(AbstractAutowireCapableBeanFactory.java:455) ~[spring-beans-5.3.27.jar:5.3.27]
	at org.springframework.beans.factory.support.AbstractAutowireCapableBeanFactory.initializeBean(AbstractAutowireCapableBeanFactory.java:1808) ~[spring-beans-5.3.27.jar:5.3.27]
	at org.springframework.beans.factory.support.AbstractAutowireCapableBeanFactory.doCreateBean(AbstractAutowireCapableBeanFactory.java:620) ~[spring-beans-5.3.27.jar:5.3.27]
	... 68 common frames omitted
Caused by: java.sql.SQLNonTransientConnectionException: Could not create connection to database server. Attempted reconnect 3 times. Giving up.
	at com.mysql.cj.jdbc.exceptions.SQLError.createSQLException(SQLError.java:110) ~[mysql-connector-java-8.0.23.jar:8.0.23]
	at com.mysql.cj.jdbc.exceptions.SQLError.createSQLException(SQLError.java:97) ~[mysql-connector-java-8.0.23.jar:8.0.23]
	at com.mysql.cj.jdbc.exceptions.SQLError.createSQLException(SQLError.java:89) ~[mysql-connector-java-8.0.23.jar:8.0.23]
	at com.mysql.cj.jdbc.exceptions.SQLError.createSQLException(SQLError.java:63) ~[mysql-connector-java-8.0.23.jar:8.0.23]
	at com.mysql.cj.jdbc.exceptions.SQLError.createSQLException(SQLError.java:73) ~[mysql-connector-java-8.0.23.jar:8.0.23]
	at com.mysql.cj.jdbc.ConnectionImpl.connectWithRetries(ConnectionImpl.java:903) ~[mysql-connector-java-8.0.23.jar:8.0.23]
	at com.mysql.cj.jdbc.ConnectionImpl.createNewIO(ConnectionImpl.java:828) ~[mysql-connector-java-8.0.23.jar:8.0.23]
	at com.mysql.cj.jdbc.ConnectionImpl.<init>(ConnectionImpl.java:453) ~[mysql-connector-java-8.0.23.jar:8.0.23]
	at com.mysql.cj.jdbc.ConnectionImpl.getInstance(ConnectionImpl.java:246) ~[mysql-connector-java-8.0.23.jar:8.0.23]
	at com.mysql.cj.jdbc.NonRegisteringDriver.connect(NonRegisteringDriver.java:198) ~[mysql-connector-java-8.0.23.jar:8.0.23]
	at com.zaxxer.hikari.util.DriverDataSource.getConnection(DriverDataSource.java:138) ~[HikariCP-4.0.3.jar:na]
	at com.zaxxer.hikari.pool.PoolBase.newConnection(PoolBase.java:364) ~[HikariCP-4.0.3.jar:na]
	at com.zaxxer.hikari.pool.PoolBase.newPoolEntry(PoolBase.java:206) ~[HikariCP-4.0.3.jar:na]
	at com.zaxxer.hikari.pool.HikariPool.createPoolEntry(HikariPool.java:476) ~[HikariCP-4.0.3.jar:na]
	at com.zaxxer.hikari.pool.HikariPool.checkFailFast(HikariPool.java:561) ~[HikariCP-4.0.3.jar:na]
	at com.zaxxer.hikari.pool.HikariPool.<init>(HikariPool.java:115) ~[HikariCP-4.0.3.jar:na]
	at com.zaxxer.hikari.HikariDataSource.getConnection(HikariDataSource.java:112) ~[HikariCP-4.0.3.jar:na]
	at io.seata.rm.datasource.DataSourceProxy.init(DataSourceProxy.java:104) ~[seata-all-1.5.2.jar:1.5.2]
	... 76 common frames omitted
Caused by: com.mysql.cj.exceptions.CJCommunicationsException: Communications link failure

The last packet sent successfully to the server was 0 milliseconds ago. The driver has not received any packets from the server.
	at java.base/jdk.internal.reflect.NativeConstructorAccessorImpl.newInstance0(Native Method) ~[na:na]
	at java.base/jdk.internal.reflect.NativeConstructorAccessorImpl.newInstance(NativeConstructorAccessorImpl.java:62) ~[na:na]
	at java.base/jdk.internal.reflect.DelegatingConstructorAccessorImpl.newInstance(DelegatingConstructorAccessorImpl.java:45) ~[na:na]
	at java.base/java.lang.reflect.Constructor.newInstance(Constructor.java:490) ~[na:na]
	at com.mysql.cj.exceptions.ExceptionFactory.createException(ExceptionFactory.java:61) ~[mysql-connector-java-8.0.23.jar:8.0.23]
	at com.mysql.cj.exceptions.ExceptionFactory.createException(ExceptionFactory.java:105) ~[mysql-connector-java-8.0.23.jar:8.0.23]
	at com.mysql.cj.exceptions.ExceptionFactory.createException(ExceptionFactory.java:151) ~[mysql-connector-java-8.0.23.jar:8.0.23]
	at com.mysql.cj.exceptions.ExceptionFactory.createCommunicationsException(ExceptionFactory.java:167) ~[mysql-connector-java-8.0.23.jar:8.0.23]
	at com.mysql.cj.protocol.a.NativeSocketConnection.connect(NativeSocketConnection.java:89) ~[mysql-connector-java-8.0.23.jar:8.0.23]
	at com.mysql.cj.NativeSession.connect(NativeSession.java:144) ~[mysql-connector-java-8.0.23.jar:8.0.23]
	at com.mysql.cj.jdbc.ConnectionImpl.connectWithRetries(ConnectionImpl.java:847) ~[mysql-connector-java-8.0.23.jar:8.0.23]
	... 88 common frames omitted
Caused by: java.net.UnknownHostException: mysql
	at java.base/java.net.InetAddress$CachedAddresses.get(InetAddress.java:797) ~[na:na]
	at java.base/java.net.InetAddress.getAllByName0(InetAddress.java:1533) ~[na:na]
	at java.base/java.net.InetAddress.getAllByName(InetAddress.java:1386) ~[na:na]
	at java.base/java.net.InetAddress.getAllByName(InetAddress.java:1307) ~[na:na]
	at com.mysql.cj.protocol.StandardSocketFactory.connect(StandardSocketFactory.java:132) ~[mysql-connector-java-8.0.23.jar:8.0.23]
	at com.mysql.cj.protocol.a.NativeSocketConnection.connect(NativeSocketConnection.java:63) ~[mysql-connector-java-8.0.23.jar:8.0.23]
	... 90 common frames omitted

20:55:50:738  WARN 49392 --- [Thread-5] c.a.nacos.common.notify.NotifyCenter     : [NotifyCenter] Start destroying Publisher
20:55:50:738  WARN 49392 --- [Thread-1] c.a.n.common.http.HttpClientBeanHolder   : [HttpClientBeanHolder] Start destroying common HttpClient
20:55:50:740  WARN 49392 --- [Thread-5] c.a.nacos.common.notify.NotifyCenter     : [NotifyCenter] Destruction of the end
20:55:55:926  INFO 18512 --- [main] com.hmall.search.SearchApplication       : The following 1 profile is active: "dev"
20:55:56:631  INFO 18512 --- [main] o.s.cloud.context.scope.GenericScope     : BeanFactory id=e59cb67c-5044-3b68-b0d2-a7f38eef80e7
20:55:56:668  INFO 18512 --- [main] trationDelegate$BeanPostProcessorChecker : Bean 'io.seata.spring.boot.autoconfigure.SeataCoreAutoConfiguration' of type [io.seata.spring.boot.autoconfigure.SeataCoreAutoConfiguration] is not eligible for getting processed by all BeanPostProcessors (for example: not eligible for auto-proxying)
20:55:56:668  INFO 18512 --- [main] trationDelegate$BeanPostProcessorChecker : Bean 'springApplicationContextProvider' of type [io.seata.spring.boot.autoconfigure.provider.SpringApplicationContextProvider] is not eligible for getting processed by all BeanPostProcessors (for example: not eligible for auto-proxying)
20:55:56:668  INFO 18512 --- [main] trationDelegate$BeanPostProcessorChecker : Bean 'io.seata.spring.boot.autoconfigure.SeataAutoConfiguration' of type [io.seata.spring.boot.autoconfigure.SeataAutoConfiguration] is not eligible for getting processed by all BeanPostProcessors (for example: not eligible for auto-proxying)
20:55:56:687  INFO 18512 --- [main] trationDelegate$BeanPostProcessorChecker : Bean 'failureHandler' of type [io.seata.tm.api.DefaultFailureHandlerImpl] is not eligible for getting processed by all BeanPostProcessors (for example: not eligible for auto-proxying)
20:55:56:689  INFO 18512 --- [main] trationDelegate$BeanPostProcessorChecker : Bean 'org.springframework.cloud.commons.config.CommonsConfigAutoConfiguration' of type [org.springframework.cloud.commons.config.CommonsConfigAutoConfiguration] is not eligible for getting processed by all BeanPostProcessors (for example: not eligible for auto-proxying)
20:55:56:690  INFO 18512 --- [main] trationDelegate$BeanPostProcessorChecker : Bean 'org.springframework.cloud.client.loadbalancer.LoadBalancerDefaultMappingsProviderAutoConfiguration' of type [org.springframework.cloud.client.loadbalancer.LoadBalancerDefaultMappingsProviderAutoConfiguration] is not eligible for getting processed by all BeanPostProcessors (for example: not eligible for auto-proxying)
20:55:56:690  INFO 18512 --- [main] trationDelegate$BeanPostProcessorChecker : Bean 'loadBalancerClientsDefaultsMappingsProvider' of type [org.springframework.cloud.client.loadbalancer.LoadBalancerDefaultMappingsProviderAutoConfiguration$$Lambda$568/0x00000008405c5040] is not eligible for getting processed by all BeanPostProcessors (for example: not eligible for auto-proxying)
20:55:56:690  INFO 18512 --- [main] trationDelegate$BeanPostProcessorChecker : Bean 'defaultsBindHandlerAdvisor' of type [org.springframework.cloud.commons.config.DefaultsBindHandlerAdvisor] is not eligible for getting processed by all BeanPostProcessors (for example: not eligible for auto-proxying)
20:55:56:692  INFO 18512 --- [main] trationDelegate$BeanPostProcessorChecker : Bean 'springCloudAlibabaConfiguration' of type [io.seata.spring.boot.autoconfigure.properties.SpringCloudAlibabaConfiguration] is not eligible for getting processed by all BeanPostProcessors (for example: not eligible for auto-proxying)
20:55:56:693  INFO 18512 --- [main] trationDelegate$BeanPostProcessorChecker : Bean 'seataProperties' of type [io.seata.spring.boot.autoconfigure.properties.SeataProperties] is not eligible for getting processed by all BeanPostProcessors (for example: not eligible for auto-proxying)
20:55:56:694  INFO 18512 --- [main] i.s.s.b.a.SeataAutoConfiguration         : Automatically configure Seata
20:55:56:729  INFO 18512 --- [main] io.seata.config.ConfigurationFactory     : load Configuration from :Spring Configuration
20:55:56:732  INFO 18512 --- [main] io.seata.config.ConfigurationFactory     : load Configuration from :Spring Configuration
20:55:56:765  INFO 18512 --- [main] i.s.s.a.GlobalTransactionScanner         : Initializing Global Transaction Clients ... 
20:55:56:803  INFO 18512 --- [main] i.s.core.rpc.netty.NettyClientBootstrap  : NettyClientBootstrap has started
20:55:56:905  INFO 18512 --- [main] com.alibaba.nacos.common.remote.client   : [RpcClientFactory] create a new rpc client of 95232532-2b61-4012-978a-aba02959b2de
20:55:56:905  INFO 18512 --- [main] com.alibaba.nacos.common.remote.client   : [95232532-2b61-4012-978a-aba02959b2de] RpcClient init label, labels = {module=naming, source=sdk}
20:55:56:907  INFO 18512 --- [main] com.alibaba.nacos.common.remote.client   : [95232532-2b61-4012-978a-aba02959b2de] RpcClient init, ServerListFactory = com.alibaba.nacos.client.naming.core.ServerListManager
20:55:56:907  INFO 18512 --- [main] com.alibaba.nacos.common.remote.client   : [95232532-2b61-4012-978a-aba02959b2de] Registry connection listener to current client:com.alibaba.nacos.client.naming.remote.gprc.redo.NamingGrpcRedoService
20:55:56:908  INFO 18512 --- [main] com.alibaba.nacos.common.remote.client   : [95232532-2b61-4012-978a-aba02959b2de] Register server push request handler:com.alibaba.nacos.client.naming.remote.gprc.NamingPushRequestHandler
20:55:56:908  INFO 18512 --- [main] com.alibaba.nacos.common.remote.client   : [95232532-2b61-4012-978a-aba02959b2de] Try to connect to server on start up, server: {serverIp = '192.168.23.128', server main port = 8848}
20:55:57:036  INFO 18512 --- [main] com.alibaba.nacos.common.remote.client   : [95232532-2b61-4012-978a-aba02959b2de] Success to connect to server [192.168.23.128:8848] on start up, connectionId = 1766062561572_192.168.23.1_57232
20:55:57:036  INFO 18512 --- [main] com.alibaba.nacos.common.remote.client   : [95232532-2b61-4012-978a-aba02959b2de] Register server push request handler:com.alibaba.nacos.common.remote.client.RpcClient$ConnectResetRequestHandler
20:55:57:036  INFO 18512 --- [main] com.alibaba.nacos.common.remote.client   : [95232532-2b61-4012-978a-aba02959b2de] Register server push request handler:com.alibaba.nacos.common.remote.client.RpcClient$$Lambda$474/0x0000000840383c40
20:55:57:036  INFO 18512 --- [com.alibaba.nacos.client.remote.worker] com.alibaba.nacos.common.remote.client   : [95232532-2b61-4012-978a-aba02959b2de] Notify connected event to listeners.
20:55:57:073  INFO 18512 --- [main] i.s.c.r.netty.NettyClientChannelManager  : will connect to 192.168.23.128:8099
20:55:57:295  INFO 18512 --- [main] i.s.core.rpc.netty.NettyPoolableFactory  : NettyPool create channel to transactionRole:TMROLE,address:192.168.23.128:8099,msg:< RegisterTMRequest{applicationId='search-service', transactionServiceGroup='hmall'} >
20:55:57:594  INFO 18512 --- [main] i.s.c.rpc.netty.TmNettyRemotingClient    : register TM success. client version:1.5.2, server version:1.5.2,channel:[id: 0x212590e0, L:/192.168.23.1:57234 - R:/192.168.23.128:8099]
20:55:57:597  INFO 18512 --- [main] i.s.core.rpc.netty.NettyPoolableFactory  : register success, cost 35 ms, version:1.5.2,role:TMROLE,channel:[id: 0x212590e0, L:/192.168.23.1:57234 - R:/192.168.23.128:8099]
20:55:57:598  INFO 18512 --- [main] i.s.s.a.GlobalTransactionScanner         : Transaction Manager Client is initialized. applicationId[search-service] txServiceGroup[hmall]
20:55:57:604  INFO 18512 --- [main] io.seata.rm.datasource.AsyncWorker       : Async Commit Buffer Limit: 10000
20:55:57:605  INFO 18512 --- [main] i.s.rm.datasource.xa.ResourceManagerXA   : ResourceManagerXA init ...
20:55:57:610  INFO 18512 --- [main] i.s.core.rpc.netty.NettyClientBootstrap  : NettyClientBootstrap has started
20:55:57:610  INFO 18512 --- [main] i.s.s.a.GlobalTransactionScanner         : Resource Manager is initialized. applicationId[search-service] txServiceGroup[hmall]
20:55:57:610  INFO 18512 --- [main] i.s.s.a.GlobalTransactionScanner         : Global Transaction Clients are initialized. 
20:55:57:612  INFO 18512 --- [main] trationDelegate$BeanPostProcessorChecker : Bean 'io.seata.spring.boot.autoconfigure.SeataDataSourceAutoConfiguration' of type [io.seata.spring.boot.autoconfigure.SeataDataSourceAutoConfiguration] is not eligible for getting processed by all BeanPostProcessors (for example: not eligible for auto-proxying)
20:55:57:622  INFO 18512 --- [nacos-grpc-client-executor-6] com.alibaba.nacos.common.remote.client   : [95232532-2b61-4012-978a-aba02959b2de] Receive server push request, request = NotifySubscriberRequest, requestId = 2
20:55:57:633  INFO 18512 --- [nacos-grpc-client-executor-6] com.alibaba.nacos.common.remote.client   : [95232532-2b61-4012-978a-aba02959b2de] Ack server push request, request = NotifySubscriberRequest, requestId = 2
20:55:57:669  INFO 18512 --- [main] trationDelegate$BeanPostProcessorChecker : Bean 'com.alibaba.cloud.seata.feign.SeataFeignClientAutoConfiguration$FeignBeanPostProcessorConfiguration' of type [com.alibaba.cloud.seata.feign.SeataFeignClientAutoConfiguration$FeignBeanPostProcessorConfiguration] is not eligible for getting processed by all BeanPostProcessors (for example: not eligible for auto-proxying)
20:55:57:671  INFO 18512 --- [main] trationDelegate$BeanPostProcessorChecker : Bean 'seataFeignObjectWrapper' of type [com.alibaba.cloud.seata.feign.SeataFeignObjectWrapper] is not eligible for getting processed by all BeanPostProcessors (for example: not eligible for auto-proxying)
20:55:57:845  INFO 18512 --- [main] o.s.b.w.embedded.tomcat.TomcatWebServer  : Tomcat initialized with port(s): 8087 (http)
20:55:57:852  INFO 18512 --- [main] o.apache.catalina.core.StandardService   : Starting service [Tomcat]
20:55:57:853  INFO 18512 --- [main] org.apache.catalina.core.StandardEngine  : Starting Servlet engine: [Apache Tomcat/9.0.75]
20:55:57:986  INFO 18512 --- [main] o.a.c.c.C.[Tomcat].[localhost].[/]       : Initializing Spring embedded WebApplicationContext
20:55:57:986  INFO 18512 --- [main] w.s.c.ServletWebServerApplicationContext : Root WebApplicationContext: initialization completed in 2040 ms
20:55:58:129  INFO 18512 --- [main] o.s.c.openfeign.FeignClientFactoryBean   : For 'item-service' URL not provided. Will try picking an instance via load-balancing.
20:55:58:377  INFO 18512 --- [main] o.s.c.openfeign.FeignClientFactoryBean   : For 'trade-service' URL not provided. Will try picking an instance via load-balancing.
20:55:58:463  INFO 18512 --- [main] com.zaxxer.hikari.HikariDataSource       : HikariPool-1 - Starting...
20:56:10:834 ERROR 18512 --- [main] com.zaxxer.hikari.pool.HikariPool        : HikariPool-1 - Exception during pool initialization.

java.sql.SQLNonTransientConnectionException: Could not create connection to database server. Attempted reconnect 3 times. Giving up.
	at com.mysql.cj.jdbc.exceptions.SQLError.createSQLException(SQLError.java:110) ~[mysql-connector-java-8.0.23.jar:8.0.23]
	at com.mysql.cj.jdbc.exceptions.SQLError.createSQLException(SQLError.java:97) ~[mysql-connector-java-8.0.23.jar:8.0.23]
	at com.mysql.cj.jdbc.exceptions.SQLError.createSQLException(SQLError.java:89) ~[mysql-connector-java-8.0.23.jar:8.0.23]
	at com.mysql.cj.jdbc.exceptions.SQLError.createSQLException(SQLError.java:63) ~[mysql-connector-java-8.0.23.jar:8.0.23]
	at com.mysql.cj.jdbc.exceptions.SQLError.createSQLException(SQLError.java:73) ~[mysql-connector-java-8.0.23.jar:8.0.23]
	at com.mysql.cj.jdbc.ConnectionImpl.connectWithRetries(ConnectionImpl.java:903) ~[mysql-connector-java-8.0.23.jar:8.0.23]
	at com.mysql.cj.jdbc.ConnectionImpl.createNewIO(ConnectionImpl.java:828) ~[mysql-connector-java-8.0.23.jar:8.0.23]
	at com.mysql.cj.jdbc.ConnectionImpl.<init>(ConnectionImpl.java:453) ~[mysql-connector-java-8.0.23.jar:8.0.23]
	at com.mysql.cj.jdbc.ConnectionImpl.getInstance(ConnectionImpl.java:246) ~[mysql-connector-java-8.0.23.jar:8.0.23]
	at com.mysql.cj.jdbc.NonRegisteringDriver.connect(NonRegisteringDriver.java:198) ~[mysql-connector-java-8.0.23.jar:8.0.23]
	at com.zaxxer.hikari.util.DriverDataSource.getConnection(DriverDataSource.java:138) ~[HikariCP-4.0.3.jar:na]
	at com.zaxxer.hikari.pool.PoolBase.newConnection(PoolBase.java:364) ~[HikariCP-4.0.3.jar:na]
	at com.zaxxer.hikari.pool.PoolBase.newPoolEntry(PoolBase.java:206) ~[HikariCP-4.0.3.jar:na]
	at com.zaxxer.hikari.pool.HikariPool.createPoolEntry(HikariPool.java:476) ~[HikariCP-4.0.3.jar:na]
	at com.zaxxer.hikari.pool.HikariPool.checkFailFast(HikariPool.java:561) ~[HikariCP-4.0.3.jar:na]
	at com.zaxxer.hikari.pool.HikariPool.<init>(HikariPool.java:115) ~[HikariCP-4.0.3.jar:na]
	at com.zaxxer.hikari.HikariDataSource.getConnection(HikariDataSource.java:112) ~[HikariCP-4.0.3.jar:na]
	at io.seata.rm.datasource.DataSourceProxy.init(DataSourceProxy.java:104) ~[seata-all-1.5.2.jar:1.5.2]
	at io.seata.rm.datasource.DataSourceProxy.<init>(DataSourceProxy.java:99) ~[seata-all-1.5.2.jar:1.5.2]
	at io.seata.rm.datasource.DataSourceProxy.<init>(DataSourceProxy.java:84) ~[seata-all-1.5.2.jar:1.5.2]
	at io.seata.spring.annotation.datasource.SeataAutoDataSourceProxyCreator.buildProxy(SeataAutoDataSourceProxyCreator.java:114) ~[seata-all-1.5.2.jar:1.5.2]
	at io.seata.spring.annotation.datasource.SeataAutoDataSourceProxyCreator.wrapIfNecessary(SeataAutoDataSourceProxyCreator.java:89) ~[seata-all-1.5.2.jar:1.5.2]
	at org.springframework.aop.framework.autoproxy.AbstractAutoProxyCreator.postProcessAfterInitialization(AbstractAutoProxyCreator.java:293) ~[spring-aop-5.3.27.jar:5.3.27]
	at org.springframework.beans.factory.support.AbstractAutowireCapableBeanFactory.applyBeanPostProcessorsAfterInitialization(AbstractAutowireCapableBeanFactory.java:455) ~[spring-beans-5.3.27.jar:5.3.27]
	at org.springframework.beans.factory.support.AbstractAutowireCapableBeanFactory.initializeBean(AbstractAutowireCapableBeanFactory.java:1808) ~[spring-beans-5.3.27.jar:5.3.27]
	at org.springframework.beans.factory.support.AbstractAutowireCapableBeanFactory.doCreateBean(AbstractAutowireCapableBeanFactory.java:620) ~[spring-beans-5.3.27.jar:5.3.27]
	at org.springframework.beans.factory.support.AbstractAutowireCapableBeanFactory.createBean(AbstractAutowireCapableBeanFactory.java:542) ~[spring-beans-5.3.27.jar:5.3.27]
	at org.springframework.beans.factory.support.AbstractBeanFactory.lambda$doGetBean$0(AbstractBeanFactory.java:335) ~[spring-beans-5.3.27.jar:5.3.27]
	at org.springframework.beans.factory.support.DefaultSingletonBeanRegistry.getSingleton(DefaultSingletonBeanRegistry.java:234) ~[spring-beans-5.3.27.jar:5.3.27]
	at org.springframework.beans.factory.support.AbstractBeanFactory.doGetBean(AbstractBeanFactory.java:333) ~[spring-beans-5.3.27.jar:5.3.27]
	at org.springframework.beans.factory.support.AbstractBeanFactory.getBean(AbstractBeanFactory.java:208) ~[spring-beans-5.3.27.jar:5.3.27]
	at org.springframework.beans.factory.config.DependencyDescriptor.resolveCandidate(DependencyDescriptor.java:276) ~[spring-beans-5.3.27.jar:5.3.27]
	at org.springframework.beans.factory.support.DefaultListableBeanFactory.doResolveDependency(DefaultListableBeanFactory.java:1391) ~[spring-beans-5.3.27.jar:5.3.27]
	at org.springframework.beans.factory.support.DefaultListableBeanFactory.resolveDependency(DefaultListableBeanFactory.java:1311) ~[spring-beans-5.3.27.jar:5.3.27]
	at org.springframework.beans.factory.support.ConstructorResolver.resolveAutowiredArgument(ConstructorResolver.java:887) ~[spring-beans-5.3.27.jar:5.3.27]
	at org.springframework.beans.factory.support.ConstructorResolver.createArgumentArray(ConstructorResolver.java:791) ~[spring-beans-5.3.27.jar:5.3.27]
	at org.springframework.beans.factory.support.ConstructorResolver.instantiateUsingFactoryMethod(ConstructorResolver.java:541) ~[spring-beans-5.3.27.jar:5.3.27]
	at org.springframework.beans.factory.support.AbstractAutowireCapableBeanFactory.instantiateUsingFactoryMethod(AbstractAutowireCapableBeanFactory.java:1352) ~[spring-beans-5.3.27.jar:5.3.27]
	at org.springframework.beans.factory.support.AbstractAutowireCapableBeanFactory.createBeanInstance(AbstractAutowireCapableBeanFactory.java:1195) ~[spring-beans-5.3.27.jar:5.3.27]
	at org.springframework.beans.factory.support.AbstractAutowireCapableBeanFactory.doCreateBean(AbstractAutowireCapableBeanFactory.java:582) ~[spring-beans-5.3.27.jar:5.3.27]
	at org.springframework.beans.factory.support.AbstractAutowireCapableBeanFactory.createBean(AbstractAutowireCapableBeanFactory.java:542) ~[spring-beans-5.3.27.jar:5.3.27]
	at org.springframework.beans.factory.support.AbstractBeanFactory.lambda$doGetBean$0(AbstractBeanFactory.java:335) ~[spring-beans-5.3.27.jar:5.3.27]
	at org.springframework.beans.factory.support.DefaultSingletonBeanRegistry.getSingleton(DefaultSingletonBeanRegistry.java:234) ~[spring-beans-5.3.27.jar:5.3.27]
	at org.springframework.beans.factory.support.AbstractBeanFactory.doGetBean(AbstractBeanFactory.java:333) ~[spring-beans-5.3.27.jar:5.3.27]
	at org.springframework.beans.factory.support.AbstractBeanFactory.getBean(AbstractBeanFactory.java:208) ~[spring-beans-5.3.27.jar:5.3.27]
	at org.springframework.beans.factory.config.DependencyDescriptor.resolveCandidate(DependencyDescriptor.java:276) ~[spring-beans-5.3.27.jar:5.3.27]
	at org.springframework.beans.factory.support.DefaultListableBeanFactory.doResolveDependency(DefaultListableBeanFactory.java:1391) ~[spring-beans-5.3.27.jar:5.3.27]
	at org.springframework.beans.factory.support.DefaultListableBeanFactory.resolveDependency(DefaultListableBeanFactory.java:1311) ~[spring-beans-5.3.27.jar:5.3.27]
	at org.springframework.beans.factory.support.AbstractAutowireCapableBeanFactory.autowireByType(AbstractAutowireCapableBeanFactory.java:1519) ~[spring-beans-5.3.27.jar:5.3.27]
	at org.springframework.beans.factory.support.AbstractAutowireCapableBeanFactory.populateBean(AbstractAutowireCapableBeanFactory.java:1417) ~[spring-beans-5.3.27.jar:5.3.27]
	at org.springframework.beans.factory.support.AbstractAutowireCapableBeanFactory.doCreateBean(AbstractAutowireCapableBeanFactory.java:619) ~[spring-beans-5.3.27.jar:5.3.27]
	at org.springframework.beans.factory.support.AbstractAutowireCapableBeanFactory.createBean(AbstractAutowireCapableBeanFactory.java:542) ~[spring-beans-5.3.27.jar:5.3.27]
	at org.springframework.beans.factory.support.AbstractBeanFactory.lambda$doGetBean$0(AbstractBeanFactory.java:335) ~[spring-beans-5.3.27.jar:5.3.27]
	at org.springframework.beans.factory.support.DefaultSingletonBeanRegistry.getSingleton(DefaultSingletonBeanRegistry.java:234) ~[spring-beans-5.3.27.jar:5.3.27]
	at org.springframework.beans.factory.support.AbstractBeanFactory.doGetBean(AbstractBeanFactory.java:333) ~[spring-beans-5.3.27.jar:5.3.27]
	at org.springframework.beans.factory.support.AbstractBeanFactory.getBean(AbstractBeanFactory.java:208) ~[spring-beans-5.3.27.jar:5.3.27]
	at org.springframework.beans.factory.config.DependencyDescriptor.resolveCandidate(DependencyDescriptor.java:276) ~[spring-beans-5.3.27.jar:5.3.27]
	at org.springframework.beans.factory.support.DefaultListableBeanFactory.doResolveDependency(DefaultListableBeanFactory.java:1391) ~[spring-beans-5.3.27.jar:5.3.27]
	at org.springframework.beans.factory.support.DefaultListableBeanFactory.resolveDependency(DefaultListableBeanFactory.java:1311) ~[spring-beans-5.3.27.jar:5.3.27]
	at org.springframework.beans.factory.annotation.AutowiredAnnotationBeanPostProcessor$AutowiredFieldElement.resolveFieldValue(AutowiredAnnotationBeanPostProcessor.java:657) ~[spring-beans-5.3.27.jar:5.3.27]
	at org.springframework.beans.factory.annotation.AutowiredAnnotationBeanPostProcessor$AutowiredFieldElement.inject(AutowiredAnnotationBeanPostProcessor.java:640) ~[spring-beans-5.3.27.jar:5.3.27]
	at org.springframework.beans.factory.annotation.InjectionMetadata.inject(InjectionMetadata.java:119) ~[spring-beans-5.3.27.jar:5.3.27]
	at org.springframework.beans.factory.annotation.AutowiredAnnotationBeanPostProcessor.postProcessProperties(AutowiredAnnotationBeanPostProcessor.java:399) ~[spring-beans-5.3.27.jar:5.3.27]
	at org.springframework.beans.factory.support.AbstractAutowireCapableBeanFactory.populateBean(AbstractAutowireCapableBeanFactory.java:1431) ~[spring-beans-5.3.27.jar:5.3.27]
	at org.springframework.beans.factory.support.AbstractAutowireCapableBeanFactory.doCreateBean(AbstractAutowireCapableBeanFactory.java:619) ~[spring-beans-5.3.27.jar:5.3.27]
	at org.springframework.beans.factory.support.AbstractAutowireCapableBeanFactory.createBean(AbstractAutowireCapableBeanFactory.java:542) ~[spring-beans-5.3.27.jar:5.3.27]
	at org.springframework.beans.factory.support.AbstractBeanFactory.lambda$doGetBean$0(AbstractBeanFactory.java:335) ~[spring-beans-5.3.27.jar:5.3.27]
	at org.springframework.beans.factory.support.DefaultSingletonBeanRegistry.getSingleton(DefaultSingletonBeanRegistry.java:234) ~[spring-beans-5.3.27.jar:5.3.27]
	at org.springframework.beans.factory.support.AbstractBeanFactory.doGetBean(AbstractBeanFactory.java:333) ~[spring-beans-5.3.27.jar:5.3.27]
	at org.springframework.beans.factory.support.AbstractBeanFactory.getBean(AbstractBeanFactory.java:208) ~[spring-beans-5.3.27.jar:5.3.27]
	at org.springframework.beans.factory.config.DependencyDescriptor.resolveCandidate(DependencyDescriptor.java:276) ~[spring-beans-5.3.27.jar:5.3.27]
	at org.springframework.beans.factory.support.DefaultListableBeanFactory.doResolveDependency(DefaultListableBeanFactory.java:1391) ~[spring-beans-5.3.27.jar:5.3.27]
	at org.springframework.beans.factory.support.DefaultListableBeanFactory.resolveDependency(DefaultListableBeanFactory.java:1311) ~[spring-beans-5.3.27.jar:5.3.27]
	at org.springframework.beans.factory.support.ConstructorResolver.resolveAutowiredArgument(ConstructorResolver.java:887) ~[spring-beans-5.3.27.jar:5.3.27]
	at org.springframework.beans.factory.support.ConstructorResolver.createArgumentArray(ConstructorResolver.java:791) ~[spring-beans-5.3.27.jar:5.3.27]
	at org.springframework.beans.factory.support.ConstructorResolver.autowireConstructor(ConstructorResolver.java:229) ~[spring-beans-5.3.27.jar:5.3.27]
	at org.springframework.beans.factory.support.AbstractAutowireCapableBeanFactory.autowireConstructor(AbstractAutowireCapableBeanFactory.java:1372) ~[spring-beans-5.3.27.jar:5.3.27]
	at org.springframework.beans.factory.support.AbstractAutowireCapableBeanFactory.createBeanInstance(AbstractAutowireCapableBeanFactory.java:1222) ~[spring-beans-5.3.27.jar:5.3.27]
	at org.springframework.beans.factory.support.AbstractAutowireCapableBeanFactory.doCreateBean(AbstractAutowireCapableBeanFactory.java:582) ~[spring-beans-5.3.27.jar:5.3.27]
	at org.springframework.beans.factory.support.AbstractAutowireCapableBeanFactory.createBean(AbstractAutowireCapableBeanFactory.java:542) ~[spring-beans-5.3.27.jar:5.3.27]
	at org.springframework.beans.factory.support.AbstractBeanFactory.lambda$doGetBean$0(AbstractBeanFactory.java:335) ~[spring-beans-5.3.27.jar:5.3.27]
	at org.springframework.beans.factory.support.DefaultSingletonBeanRegistry.getSingleton(DefaultSingletonBeanRegistry.java:234) ~[spring-beans-5.3.27.jar:5.3.27]
	at org.springframework.beans.factory.support.AbstractBeanFactory.doGetBean(AbstractBeanFactory.java:333) ~[spring-beans-5.3.27.jar:5.3.27]
	at org.springframework.beans.factory.support.AbstractBeanFactory.getBean(AbstractBeanFactory.java:208) ~[spring-beans-5.3.27.jar:5.3.27]
	at org.springframework.beans.factory.support.DefaultListableBeanFactory.preInstantiateSingletons(DefaultListableBeanFactory.java:955) ~[spring-beans-5.3.27.jar:5.3.27]
	at org.springframework.context.support.AbstractApplicationContext.finishBeanFactoryInitialization(AbstractApplicationContext.java:920) ~[spring-context-5.3.27.jar:5.3.27]
	at org.springframework.context.support.AbstractApplicationContext.refresh(AbstractApplicationContext.java:583) ~[spring-context-5.3.27.jar:5.3.27]
	at org.springframework.boot.web.servlet.context.ServletWebServerApplicationContext.refresh(ServletWebServerApplicationContext.java:147) ~[spring-boot-2.7.12.jar:2.7.12]
	at org.springframework.boot.SpringApplication.refresh(SpringApplication.java:731) ~[spring-boot-2.7.12.jar:2.7.12]
	at org.springframework.boot.SpringApplication.refreshContext(SpringApplication.java:408) ~[spring-boot-2.7.12.jar:2.7.12]
	at org.springframework.boot.SpringApplication.run(SpringApplication.java:307) ~[spring-boot-2.7.12.jar:2.7.12]
	at org.springframework.boot.SpringApplication.run(SpringApplication.java:1303) ~[spring-boot-2.7.12.jar:2.7.12]
	at org.springframework.boot.SpringApplication.run(SpringApplication.java:1292) ~[spring-boot-2.7.12.jar:2.7.12]
	at com.hmall.search.SearchApplication.main(SearchApplication.java:15) ~[classes/:na]
Caused by: com.mysql.cj.exceptions.CJCommunicationsException: Communications link failure

The last packet sent successfully to the server was 0 milliseconds ago. The driver has not received any packets from the server.
	at java.base/jdk.internal.reflect.NativeConstructorAccessorImpl.newInstance0(Native Method) ~[na:na]
	at java.base/jdk.internal.reflect.NativeConstructorAccessorImpl.newInstance(NativeConstructorAccessorImpl.java:62) ~[na:na]
	at java.base/jdk.internal.reflect.DelegatingConstructorAccessorImpl.newInstance(DelegatingConstructorAccessorImpl.java:45) ~[na:na]
	at java.base/java.lang.reflect.Constructor.newInstance(Constructor.java:490) ~[na:na]
	at com.mysql.cj.exceptions.ExceptionFactory.createException(ExceptionFactory.java:61) ~[mysql-connector-java-8.0.23.jar:8.0.23]
	at com.mysql.cj.exceptions.ExceptionFactory.createException(ExceptionFactory.java:105) ~[mysql-connector-java-8.0.23.jar:8.0.23]
	at com.mysql.cj.exceptions.ExceptionFactory.createException(ExceptionFactory.java:151) ~[mysql-connector-java-8.0.23.jar:8.0.23]
	at com.mysql.cj.exceptions.ExceptionFactory.createCommunicationsException(ExceptionFactory.java:167) ~[mysql-connector-java-8.0.23.jar:8.0.23]
	at com.mysql.cj.protocol.a.NativeSocketConnection.connect(NativeSocketConnection.java:89) ~[mysql-connector-java-8.0.23.jar:8.0.23]
	at com.mysql.cj.NativeSession.connect(NativeSession.java:144) ~[mysql-connector-java-8.0.23.jar:8.0.23]
	at com.mysql.cj.jdbc.ConnectionImpl.connectWithRetries(ConnectionImpl.java:847) ~[mysql-connector-java-8.0.23.jar:8.0.23]
	... 88 common frames omitted
Caused by: java.net.UnknownHostException: mysql
	at java.base/java.net.InetAddress$CachedAddresses.get(InetAddress.java:797) ~[na:na]
	at java.base/java.net.InetAddress.getAllByName0(InetAddress.java:1533) ~[na:na]
	at java.base/java.net.InetAddress.getAllByName(InetAddress.java:1386) ~[na:na]
	at java.base/java.net.InetAddress.getAllByName(InetAddress.java:1307) ~[na:na]
	at com.mysql.cj.protocol.StandardSocketFactory.connect(StandardSocketFactory.java:132) ~[mysql-connector-java-8.0.23.jar:8.0.23]
	at com.mysql.cj.protocol.a.NativeSocketConnection.connect(NativeSocketConnection.java:63) ~[mysql-connector-java-8.0.23.jar:8.0.23]
	... 90 common frames omitted

20:56:10:839  WARN 18512 --- [main] ConfigServletWebServerApplicationContext : Exception encountered during context initialization - cancelling refresh attempt: org.springframework.beans.factory.UnsatisfiedDependencyException: Error creating bean with name 'searchController' defined in file [C:\Program Files\directx\Desktop\JAVA\hmall\hmall\search-service\target\classes\com\hmall\search\controller\SearchController.class]: Unsatisfied dependency expressed through constructor parameter 0; nested exception is org.springframework.beans.factory.UnsatisfiedDependencyException: Error creating bean with name 'itemServiceImpl': Unsatisfied dependency expressed through field 'baseMapper'; nested exception is org.springframework.beans.factory.UnsatisfiedDependencyException: Error creating bean with name 'itemMapper' defined in file [C:\Program Files\directx\Desktop\JAVA\hmall\hmall\search-service\target\classes\com\hmall\search\mapper\ItemMapper.class]: Unsatisfied dependency expressed through bean property 'sqlSessionFactory'; nested exception is org.springframework.beans.factory.UnsatisfiedDependencyException: Error creating bean with name 'sqlSessionFactory' defined in class path resource [com/baomidou/mybatisplus/autoconfigure/MybatisPlusAutoConfiguration.class]: Unsatisfied dependency expressed through method 'sqlSessionFactory' parameter 0; nested exception is org.springframework.beans.factory.BeanCreationException: Error creating bean with name 'dataSource' defined in class path resource [org/springframework/boot/autoconfigure/jdbc/DataSourceConfiguration$Hikari.class]: Initialization of bean failed; nested exception is java.lang.IllegalStateException: can not init dataSource
20:56:10:844  WARN 18512 --- [main] s.c.a.AnnotationConfigApplicationContext : Exception thrown from ApplicationListener handling ContextClosedEvent

org.springframework.beans.factory.BeanCreationNotAllowedException: Error creating bean with name 'rabbitConnectionFactory': Singleton bean creation not allowed while singletons of this factory are in destruction (Do not request a bean from a BeanFactory in a destroy method implementation!)
	at org.springframework.beans.factory.support.DefaultSingletonBeanRegistry.getSingleton(DefaultSingletonBeanRegistry.java:220) ~[spring-beans-5.3.27.jar:5.3.27]
	at org.springframework.beans.factory.support.AbstractBeanFactory.doGetBean(AbstractBeanFactory.java:333) ~[spring-beans-5.3.27.jar:5.3.27]
	at org.springframework.beans.factory.support.AbstractBeanFactory.getBean(AbstractBeanFactory.java:213) ~[spring-beans-5.3.27.jar:5.3.27]
	at org.springframework.context.event.AbstractApplicationEventMulticaster.retrieveApplicationListeners(AbstractApplicationEventMulticaster.java:264) ~[spring-context-5.3.27.jar:5.3.27]
	at org.springframework.context.event.AbstractApplicationEventMulticaster.getApplicationListeners(AbstractApplicationEventMulticaster.java:221) ~[spring-context-5.3.27.jar:5.3.27]
	at org.springframework.context.event.SimpleApplicationEventMulticaster.multicastEvent(SimpleApplicationEventMulticaster.java:138) ~[spring-context-5.3.27.jar:5.3.27]
	at org.springframework.context.support.AbstractApplicationContext.publishEvent(AbstractApplicationContext.java:421) ~[spring-context-5.3.27.jar:5.3.27]
	at org.springframework.context.support.AbstractApplicationContext.publishEvent(AbstractApplicationContext.java:427) ~[spring-context-5.3.27.jar:5.3.27]
	at org.springframework.context.support.AbstractApplicationContext.publishEvent(AbstractApplicationContext.java:378) ~[spring-context-5.3.27.jar:5.3.27]
	at org.springframework.context.support.AbstractApplicationContext.doClose(AbstractApplicationContext.java:1060) ~[spring-context-5.3.27.jar:5.3.27]
	at org.springframework.context.support.AbstractApplicationContext.close(AbstractApplicationContext.java:1023) ~[spring-context-5.3.27.jar:5.3.27]
	at org.springframework.cloud.context.named.NamedContextFactory.destroy(NamedContextFactory.java:99) ~[spring-cloud-context-3.1.3.jar:3.1.3]
	at org.springframework.beans.factory.support.DisposableBeanAdapter.destroy(DisposableBeanAdapter.java:213) ~[spring-beans-5.3.27.jar:5.3.27]
	at org.springframework.beans.factory.support.DefaultSingletonBeanRegistry.destroyBean(DefaultSingletonBeanRegistry.java:587) ~[spring-beans-5.3.27.jar:5.3.27]
	at org.springframework.beans.factory.support.DefaultSingletonBeanRegistry.destroySingleton(DefaultSingletonBeanRegistry.java:559) ~[spring-beans-5.3.27.jar:5.3.27]
	at org.springframework.beans.factory.support.DefaultListableBeanFactory.destroySingleton(DefaultListableBeanFactory.java:1163) ~[spring-beans-5.3.27.jar:5.3.27]
	at org.springframework.beans.factory.support.DefaultSingletonBeanRegistry.destroySingletons(DefaultSingletonBeanRegistry.java:520) ~[spring-beans-5.3.27.jar:5.3.27]
	at org.springframework.beans.factory.support.DefaultListableBeanFactory.destroySingletons(DefaultListableBeanFactory.java:1156) ~[spring-beans-5.3.27.jar:5.3.27]
	at org.springframework.context.support.AbstractApplicationContext.destroyBeans(AbstractApplicationContext.java:1108) ~[spring-context-5.3.27.jar:5.3.27]
	at org.springframework.context.support.AbstractApplicationContext.refresh(AbstractApplicationContext.java:596) ~[spring-context-5.3.27.jar:5.3.27]
	at org.springframework.boot.web.servlet.context.ServletWebServerApplicationContext.refresh(ServletWebServerApplicationContext.java:147) ~[spring-boot-2.7.12.jar:2.7.12]
	at org.springframework.boot.SpringApplication.refresh(SpringApplication.java:731) ~[spring-boot-2.7.12.jar:2.7.12]
	at org.springframework.boot.SpringApplication.refreshContext(SpringApplication.java:408) ~[spring-boot-2.7.12.jar:2.7.12]
	at org.springframework.boot.SpringApplication.run(SpringApplication.java:307) ~[spring-boot-2.7.12.jar:2.7.12]
	at org.springframework.boot.SpringApplication.run(SpringApplication.java:1303) ~[spring-boot-2.7.12.jar:2.7.12]
	at org.springframework.boot.SpringApplication.run(SpringApplication.java:1292) ~[spring-boot-2.7.12.jar:2.7.12]
	at com.hmall.search.SearchApplication.main(SearchApplication.java:15) ~[classes/:na]

20:56:10:846  WARN 18512 --- [main] s.c.a.AnnotationConfigApplicationContext : Exception thrown from ApplicationListener handling ContextClosedEvent

org.springframework.beans.factory.BeanCreationNotAllowedException: Error creating bean with name 'rabbitConnectionFactory': Singleton bean creation not allowed while singletons of this factory are in destruction (Do not request a bean from a BeanFactory in a destroy method implementation!)
	at org.springframework.beans.factory.support.DefaultSingletonBeanRegistry.getSingleton(DefaultSingletonBeanRegistry.java:220) ~[spring-beans-5.3.27.jar:5.3.27]
	at org.springframework.beans.factory.support.AbstractBeanFactory.doGetBean(AbstractBeanFactory.java:333) ~[spring-beans-5.3.27.jar:5.3.27]
	at org.springframework.beans.factory.support.AbstractBeanFactory.getBean(AbstractBeanFactory.java:213) ~[spring-beans-5.3.27.jar:5.3.27]
	at org.springframework.context.event.AbstractApplicationEventMulticaster.retrieveApplicationListeners(AbstractApplicationEventMulticaster.java:264) ~[spring-context-5.3.27.jar:5.3.27]
	at org.springframework.context.event.AbstractApplicationEventMulticaster.getApplicationListeners(AbstractApplicationEventMulticaster.java:221) ~[spring-context-5.3.27.jar:5.3.27]
	at org.springframework.context.event.SimpleApplicationEventMulticaster.multicastEvent(SimpleApplicationEventMulticaster.java:138) ~[spring-context-5.3.27.jar:5.3.27]
	at org.springframework.context.support.AbstractApplicationContext.publishEvent(AbstractApplicationContext.java:421) ~[spring-context-5.3.27.jar:5.3.27]
	at org.springframework.context.support.AbstractApplicationContext.publishEvent(AbstractApplicationContext.java:427) ~[spring-context-5.3.27.jar:5.3.27]
	at org.springframework.context.support.AbstractApplicationContext.publishEvent(AbstractApplicationContext.java:378) ~[spring-context-5.3.27.jar:5.3.27]
	at org.springframework.context.support.AbstractApplicationContext.doClose(AbstractApplicationContext.java:1060) ~[spring-context-5.3.27.jar:5.3.27]
	at org.springframework.context.support.AbstractApplicationContext.close(AbstractApplicationContext.java:1023) ~[spring-context-5.3.27.jar:5.3.27]
	at org.springframework.cloud.context.named.NamedContextFactory.destroy(NamedContextFactory.java:99) ~[spring-cloud-context-3.1.3.jar:3.1.3]
	at org.springframework.beans.factory.support.DisposableBeanAdapter.destroy(DisposableBeanAdapter.java:213) ~[spring-beans-5.3.27.jar:5.3.27]
	at org.springframework.beans.factory.support.DefaultSingletonBeanRegistry.destroyBean(DefaultSingletonBeanRegistry.java:587) ~[spring-beans-5.3.27.jar:5.3.27]
	at org.springframework.beans.factory.support.DefaultSingletonBeanRegistry.destroySingleton(DefaultSingletonBeanRegistry.java:559) ~[spring-beans-5.3.27.jar:5.3.27]
	at org.springframework.beans.factory.support.DefaultListableBeanFactory.destroySingleton(DefaultListableBeanFactory.java:1163) ~[spring-beans-5.3.27.jar:5.3.27]
	at org.springframework.beans.factory.support.DefaultSingletonBeanRegistry.destroySingletons(DefaultSingletonBeanRegistry.java:520) ~[spring-beans-5.3.27.jar:5.3.27]
	at org.springframework.beans.factory.support.DefaultListableBeanFactory.destroySingletons(DefaultListableBeanFactory.java:1156) ~[spring-beans-5.3.27.jar:5.3.27]
	at org.springframework.context.support.AbstractApplicationContext.destroyBeans(AbstractApplicationContext.java:1108) ~[spring-context-5.3.27.jar:5.3.27]
	at org.springframework.context.support.AbstractApplicationContext.refresh(AbstractApplicationContext.java:596) ~[spring-context-5.3.27.jar:5.3.27]
	at org.springframework.boot.web.servlet.context.ServletWebServerApplicationContext.refresh(ServletWebServerApplicationContext.java:147) ~[spring-boot-2.7.12.jar:2.7.12]
	at org.springframework.boot.SpringApplication.refresh(SpringApplication.java:731) ~[spring-boot-2.7.12.jar:2.7.12]
	at org.springframework.boot.SpringApplication.refreshContext(SpringApplication.java:408) ~[spring-boot-2.7.12.jar:2.7.12]
	at org.springframework.boot.SpringApplication.run(SpringApplication.java:307) ~[spring-boot-2.7.12.jar:2.7.12]
	at org.springframework.boot.SpringApplication.run(SpringApplication.java:1303) ~[spring-boot-2.7.12.jar:2.7.12]
	at org.springframework.boot.SpringApplication.run(SpringApplication.java:1292) ~[spring-boot-2.7.12.jar:2.7.12]
	at com.hmall.search.SearchApplication.main(SearchApplication.java:15) ~[classes/:na]

20:56:10:849  INFO 18512 --- [NettyClientSelector_TMROLE_1_1] i.s.c.r.n.AbstractNettyRemotingClient    : channel inactive: [id: 0x212590e0, L:/192.168.23.1:57234 ! R:/192.168.23.128:8099]
20:56:10:850  INFO 18512 --- [NettyClientSelector_TMROLE_1_1] i.s.c.r.netty.NettyClientChannelManager  : return to pool, rm channel:[id: 0x212590e0, L:/192.168.23.1:57234 ! R:/192.168.23.128:8099]
20:56:10:850  INFO 18512 --- [NettyClientSelector_TMROLE_1_1] i.s.core.rpc.netty.NettyPoolableFactory  : channel valid false,channel:[id: 0x212590e0, L:/192.168.23.1:57234 ! R:/192.168.23.128:8099]
20:56:10:851  INFO 18512 --- [NettyClientSelector_TMROLE_1_1] i.s.core.rpc.netty.NettyPoolableFactory  : will destroy channel:[id: 0x212590e0, L:/192.168.23.1:57234 ! R:/192.168.23.128:8099]
20:56:10:851  INFO 18512 --- [NettyClientSelector_TMROLE_1_1] i.s.c.r.n.AbstractNettyRemotingClient    : ChannelHandlerContext(AbstractNettyRemotingClient$ClientHandler#0, [id: 0x212590e0, L:/192.168.23.1:57234 ! R:/192.168.23.128:8099]) will closed
20:56:10:852  INFO 18512 --- [NettyClientSelector_TMROLE_1_1] i.s.c.r.n.AbstractNettyRemotingClient    : ChannelHandlerContext(AbstractNettyRemotingClient$ClientHandler#0, [id: 0x212590e0, L:/192.168.23.1:57234 ! R:/192.168.23.128:8099]) will closed
20:56:10:860  INFO 18512 --- [main] o.apache.catalina.core.StandardService   : Stopping service [Tomcat]
20:56:10:872  INFO 18512 --- [main] ConditionEvaluationReportLoggingListener : 

Error starting ApplicationContext. To display the conditions report re-run your application with 'debug' enabled.
20:56:10:906 ERROR 18512 --- [main] o.s.boot.SpringApplication               : Application run failed

org.springframework.beans.factory.UnsatisfiedDependencyException: Error creating bean with name 'searchController' defined in file [C:\Program Files\directx\Desktop\JAVA\hmall\hmall\search-service\target\classes\com\hmall\search\controller\SearchController.class]: Unsatisfied dependency expressed through constructor parameter 0; nested exception is org.springframework.beans.factory.UnsatisfiedDependencyException: Error creating bean with name 'itemServiceImpl': Unsatisfied dependency expressed through field 'baseMapper'; nested exception is org.springframework.beans.factory.UnsatisfiedDependencyException: Error creating bean with name 'itemMapper' defined in file [C:\Program Files\directx\Desktop\JAVA\hmall\hmall\search-service\target\classes\com\hmall\search\mapper\ItemMapper.class]: Unsatisfied dependency expressed through bean property 'sqlSessionFactory'; nested exception is org.springframework.beans.factory.UnsatisfiedDependencyException: Error creating bean with name 'sqlSessionFactory' defined in class path resource [com/baomidou/mybatisplus/autoconfigure/MybatisPlusAutoConfiguration.class]: Unsatisfied dependency expressed through method 'sqlSessionFactory' parameter 0; nested exception is org.springframework.beans.factory.BeanCreationException: Error creating bean with name 'dataSource' defined in class path resource [org/springframework/boot/autoconfigure/jdbc/DataSourceConfiguration$Hikari.class]: Initialization of bean failed; nested exception is java.lang.IllegalStateException: can not init dataSource
	at org.springframework.beans.factory.support.ConstructorResolver.createArgumentArray(ConstructorResolver.java:800) ~[spring-beans-5.3.27.jar:5.3.27]
	at org.springframework.beans.factory.support.ConstructorResolver.autowireConstructor(ConstructorResolver.java:229) ~[spring-beans-5.3.27.jar:5.3.27]
	at org.springframework.beans.factory.support.AbstractAutowireCapableBeanFactory.autowireConstructor(AbstractAutowireCapableBeanFactory.java:1372) ~[spring-beans-5.3.27.jar:5.3.27]
	at org.springframework.beans.factory.support.AbstractAutowireCapableBeanFactory.createBeanInstance(AbstractAutowireCapableBeanFactory.java:1222) ~[spring-beans-5.3.27.jar:5.3.27]
	at org.springframework.beans.factory.support.AbstractAutowireCapableBeanFactory.doCreateBean(AbstractAutowireCapableBeanFactory.java:582) ~[spring-beans-5.3.27.jar:5.3.27]
	at org.springframework.beans.factory.support.AbstractAutowireCapableBeanFactory.createBean(AbstractAutowireCapableBeanFactory.java:542) ~[spring-beans-5.3.27.jar:5.3.27]
	at org.springframework.beans.factory.support.AbstractBeanFactory.lambda$doGetBean$0(AbstractBeanFactory.java:335) ~[spring-beans-5.3.27.jar:5.3.27]
	at org.springframework.beans.factory.support.DefaultSingletonBeanRegistry.getSingleton(DefaultSingletonBeanRegistry.java:234) ~[spring-beans-5.3.27.jar:5.3.27]
	at org.springframework.beans.factory.support.AbstractBeanFactory.doGetBean(AbstractBeanFactory.java:333) ~[spring-beans-5.3.27.jar:5.3.27]
	at org.springframework.beans.factory.support.AbstractBeanFactory.getBean(AbstractBeanFactory.java:208) ~[spring-beans-5.3.27.jar:5.3.27]
	at org.springframework.beans.factory.support.DefaultListableBeanFactory.preInstantiateSingletons(DefaultListableBeanFactory.java:955) ~[spring-beans-5.3.27.jar:5.3.27]
	at org.springframework.context.support.AbstractApplicationContext.finishBeanFactoryInitialization(AbstractApplicationContext.java:920) ~[spring-context-5.3.27.jar:5.3.27]
	at org.springframework.context.support.AbstractApplicationContext.refresh(AbstractApplicationContext.java:583) ~[spring-context-5.3.27.jar:5.3.27]
	at org.springframework.boot.web.servlet.context.ServletWebServerApplicationContext.refresh(ServletWebServerApplicationContext.java:147) ~[spring-boot-2.7.12.jar:2.7.12]
	at org.springframework.boot.SpringApplication.refresh(SpringApplication.java:731) ~[spring-boot-2.7.12.jar:2.7.12]
	at org.springframework.boot.SpringApplication.refreshContext(SpringApplication.java:408) ~[spring-boot-2.7.12.jar:2.7.12]
	at org.springframework.boot.SpringApplication.run(SpringApplication.java:307) ~[spring-boot-2.7.12.jar:2.7.12]
	at org.springframework.boot.SpringApplication.run(SpringApplication.java:1303) ~[spring-boot-2.7.12.jar:2.7.12]
	at org.springframework.boot.SpringApplication.run(SpringApplication.java:1292) ~[spring-boot-2.7.12.jar:2.7.12]
	at com.hmall.search.SearchApplication.main(SearchApplication.java:15) ~[classes/:na]
Caused by: org.springframework.beans.factory.UnsatisfiedDependencyException: Error creating bean with name 'itemServiceImpl': Unsatisfied dependency expressed through field 'baseMapper'; nested exception is org.springframework.beans.factory.UnsatisfiedDependencyException: Error creating bean with name 'itemMapper' defined in file [C:\Program Files\directx\Desktop\JAVA\hmall\hmall\search-service\target\classes\com\hmall\search\mapper\ItemMapper.class]: Unsatisfied dependency expressed through bean property 'sqlSessionFactory'; nested exception is org.springframework.beans.factory.UnsatisfiedDependencyException: Error creating bean with name 'sqlSessionFactory' defined in class path resource [com/baomidou/mybatisplus/autoconfigure/MybatisPlusAutoConfiguration.class]: Unsatisfied dependency expressed through method 'sqlSessionFactory' parameter 0; nested exception is org.springframework.beans.factory.BeanCreationException: Error creating bean with name 'dataSource' defined in class path resource [org/springframework/boot/autoconfigure/jdbc/DataSourceConfiguration$Hikari.class]: Initialization of bean failed; nested exception is java.lang.IllegalStateException: can not init dataSource
	at org.springframework.beans.factory.annotation.AutowiredAnnotationBeanPostProcessor$AutowiredFieldElement.resolveFieldValue(AutowiredAnnotationBeanPostProcessor.java:660) ~[spring-beans-5.3.27.jar:5.3.27]
	at org.springframework.beans.factory.annotation.AutowiredAnnotationBeanPostProcessor$AutowiredFieldElement.inject(AutowiredAnnotationBeanPostProcessor.java:640) ~[spring-beans-5.3.27.jar:5.3.27]
	at org.springframework.beans.factory.annotation.InjectionMetadata.inject(InjectionMetadata.java:119) ~[spring-beans-5.3.27.jar:5.3.27]
	at org.springframework.beans.factory.annotation.AutowiredAnnotationBeanPostProcessor.postProcessProperties(AutowiredAnnotationBeanPostProcessor.java:399) ~[spring-beans-5.3.27.jar:5.3.27]
	at org.springframework.beans.factory.support.AbstractAutowireCapableBeanFactory.populateBean(AbstractAutowireCapableBeanFactory.java:1431) ~[spring-beans-5.3.27.jar:5.3.27]
	at org.springframework.beans.factory.support.AbstractAutowireCapableBeanFactory.doCreateBean(AbstractAutowireCapableBeanFactory.java:619) ~[spring-beans-5.3.27.jar:5.3.27]
	at org.springframework.beans.factory.support.AbstractAutowireCapableBeanFactory.createBean(AbstractAutowireCapableBeanFactory.java:542) ~[spring-beans-5.3.27.jar:5.3.27]
	at org.springframework.beans.factory.support.AbstractBeanFactory.lambda$doGetBean$0(AbstractBeanFactory.java:335) ~[spring-beans-5.3.27.jar:5.3.27]
	at org.springframework.beans.factory.support.DefaultSingletonBeanRegistry.getSingleton(DefaultSingletonBeanRegistry.java:234) ~[spring-beans-5.3.27.jar:5.3.27]
	at org.springframework.beans.factory.support.AbstractBeanFactory.doGetBean(AbstractBeanFactory.java:333) ~[spring-beans-5.3.27.jar:5.3.27]
	at org.springframework.beans.factory.support.AbstractBeanFactory.getBean(AbstractBeanFactory.java:208) ~[spring-beans-5.3.27.jar:5.3.27]
	at org.springframework.beans.factory.config.DependencyDescriptor.resolveCandidate(DependencyDescriptor.java:276) ~[spring-beans-5.3.27.jar:5.3.27]
	at org.springframework.beans.factory.support.DefaultListableBeanFactory.doResolveDependency(DefaultListableBeanFactory.java:1391) ~[spring-beans-5.3.27.jar:5.3.27]
	at org.springframework.beans.factory.support.DefaultListableBeanFactory.resolveDependency(DefaultListableBeanFactory.java:1311) ~[spring-beans-5.3.27.jar:5.3.27]
	at org.springframework.beans.factory.support.ConstructorResolver.resolveAutowiredArgument(ConstructorResolver.java:887) ~[spring-beans-5.3.27.jar:5.3.27]
	at org.springframework.beans.factory.support.ConstructorResolver.createArgumentArray(ConstructorResolver.java:791) ~[spring-beans-5.3.27.jar:5.3.27]
	... 19 common frames omitted
Caused by: org.springframework.beans.factory.UnsatisfiedDependencyException: Error creating bean with name 'itemMapper' defined in file [C:\Program Files\directx\Desktop\JAVA\hmall\hmall\search-service\target\classes\com\hmall\search\mapper\ItemMapper.class]: Unsatisfied dependency expressed through bean property 'sqlSessionFactory'; nested exception is org.springframework.beans.factory.UnsatisfiedDependencyException: Error creating bean with name 'sqlSessionFactory' defined in class path resource [com/baomidou/mybatisplus/autoconfigure/MybatisPlusAutoConfiguration.class]: Unsatisfied dependency expressed through method 'sqlSessionFactory' parameter 0; nested exception is org.springframework.beans.factory.BeanCreationException: Error creating bean with name 'dataSource' defined in class path resource [org/springframework/boot/autoconfigure/jdbc/DataSourceConfiguration$Hikari.class]: Initialization of bean failed; nested exception is java.lang.IllegalStateException: can not init dataSource
	at org.springframework.beans.factory.support.AbstractAutowireCapableBeanFactory.autowireByType(AbstractAutowireCapableBeanFactory.java:1534) ~[spring-beans-5.3.27.jar:5.3.27]
	at org.springframework.beans.factory.support.AbstractAutowireCapableBeanFactory.populateBean(AbstractAutowireCapableBeanFactory.java:1417) ~[spring-beans-5.3.27.jar:5.3.27]
	at org.springframework.beans.factory.support.AbstractAutowireCapableBeanFactory.doCreateBean(AbstractAutowireCapableBeanFactory.java:619) ~[spring-beans-5.3.27.jar:5.3.27]
	at org.springframework.beans.factory.support.AbstractAutowireCapableBeanFactory.createBean(AbstractAutowireCapableBeanFactory.java:542) ~[spring-beans-5.3.27.jar:5.3.27]
	at org.springframework.beans.factory.support.AbstractBeanFactory.lambda$doGetBean$0(AbstractBeanFactory.java:335) ~[spring-beans-5.3.27.jar:5.3.27]
	at org.springframework.beans.factory.support.DefaultSingletonBeanRegistry.getSingleton(DefaultSingletonBeanRegistry.java:234) ~[spring-beans-5.3.27.jar:5.3.27]
	at org.springframework.beans.factory.support.AbstractBeanFactory.doGetBean(AbstractBeanFactory.java:333) ~[spring-beans-5.3.27.jar:5.3.27]
	at org.springframework.beans.factory.support.AbstractBeanFactory.getBean(AbstractBeanFactory.java:208) ~[spring-beans-5.3.27.jar:5.3.27]
	at org.springframework.beans.factory.config.DependencyDescriptor.resolveCandidate(DependencyDescriptor.java:276) ~[spring-beans-5.3.27.jar:5.3.27]
	at org.springframework.beans.factory.support.DefaultListableBeanFactory.doResolveDependency(DefaultListableBeanFactory.java:1391) ~[spring-beans-5.3.27.jar:5.3.27]
	at org.springframework.beans.factory.support.DefaultListableBeanFactory.resolveDependency(DefaultListableBeanFactory.java:1311) ~[spring-beans-5.3.27.jar:5.3.27]
	at org.springframework.beans.factory.annotation.AutowiredAnnotationBeanPostProcessor$AutowiredFieldElement.resolveFieldValue(AutowiredAnnotationBeanPostProcessor.java:657) ~[spring-beans-5.3.27.jar:5.3.27]
	... 34 common frames omitted
Caused by: org.springframework.beans.factory.UnsatisfiedDependencyException: Error creating bean with name 'sqlSessionFactory' defined in class path resource [com/baomidou/mybatisplus/autoconfigure/MybatisPlusAutoConfiguration.class]: Unsatisfied dependency expressed through method 'sqlSessionFactory' parameter 0; nested exception is org.springframework.beans.factory.BeanCreationException: Error creating bean with name 'dataSource' defined in class path resource [org/springframework/boot/autoconfigure/jdbc/DataSourceConfiguration$Hikari.class]: Initialization of bean failed; nested exception is java.lang.IllegalStateException: can not init dataSource
	at org.springframework.beans.factory.support.ConstructorResolver.createArgumentArray(ConstructorResolver.java:800) ~[spring-beans-5.3.27.jar:5.3.27]
	at org.springframework.beans.factory.support.ConstructorResolver.instantiateUsingFactoryMethod(ConstructorResolver.java:541) ~[spring-beans-5.3.27.jar:5.3.27]
	at org.springframework.beans.factory.support.AbstractAutowireCapableBeanFactory.instantiateUsingFactoryMethod(AbstractAutowireCapableBeanFactory.java:1352) ~[spring-beans-5.3.27.jar:5.3.27]
	at org.springframework.beans.factory.support.AbstractAutowireCapableBeanFactory.createBeanInstance(AbstractAutowireCapableBeanFactory.java:1195) ~[spring-beans-5.3.27.jar:5.3.27]
	at org.springframework.beans.factory.support.AbstractAutowireCapableBeanFactory.doCreateBean(AbstractAutowireCapableBeanFactory.java:582) ~[spring-beans-5.3.27.jar:5.3.27]
	at org.springframework.beans.factory.support.AbstractAutowireCapableBeanFactory.createBean(AbstractAutowireCapableBeanFactory.java:542) ~[spring-beans-5.3.27.jar:5.3.27]
	at org.springframework.beans.factory.support.AbstractBeanFactory.lambda$doGetBean$0(AbstractBeanFactory.java:335) ~[spring-beans-5.3.27.jar:5.3.27]
	at org.springframework.beans.factory.support.DefaultSingletonBeanRegistry.getSingleton(DefaultSingletonBeanRegistry.java:234) ~[spring-beans-5.3.27.jar:5.3.27]
	at org.springframework.beans.factory.support.AbstractBeanFactory.doGetBean(AbstractBeanFactory.java:333) ~[spring-beans-5.3.27.jar:5.3.27]
	at org.springframework.beans.factory.support.AbstractBeanFactory.getBean(AbstractBeanFactory.java:208) ~[spring-beans-5.3.27.jar:5.3.27]
	at org.springframework.beans.factory.config.DependencyDescriptor.resolveCandidate(DependencyDescriptor.java:276) ~[spring-beans-5.3.27.jar:5.3.27]
	at org.springframework.beans.factory.support.DefaultListableBeanFactory.doResolveDependency(DefaultListableBeanFactory.java:1391) ~[spring-beans-5.3.27.jar:5.3.27]
	at org.springframework.beans.factory.support.DefaultListableBeanFactory.resolveDependency(DefaultListableBeanFactory.java:1311) ~[spring-beans-5.3.27.jar:5.3.27]
	at org.springframework.beans.factory.support.AbstractAutowireCapableBeanFactory.autowireByType(AbstractAutowireCapableBeanFactory.java:1519) ~[spring-beans-5.3.27.jar:5.3.27]
	... 45 common frames omitted
Caused by: org.springframework.beans.factory.BeanCreationException: Error creating bean with name 'dataSource' defined in class path resource [org/springframework/boot/autoconfigure/jdbc/DataSourceConfiguration$Hikari.class]: Initialization of bean failed; nested exception is java.lang.IllegalStateException: can not init dataSource
	at org.springframework.beans.factory.support.AbstractAutowireCapableBeanFactory.doCreateBean(AbstractAutowireCapableBeanFactory.java:628) ~[spring-beans-5.3.27.jar:5.3.27]
	at org.springframework.beans.factory.support.AbstractAutowireCapableBeanFactory.createBean(AbstractAutowireCapableBeanFactory.java:542) ~[spring-beans-5.3.27.jar:5.3.27]
	at org.springframework.beans.factory.support.AbstractBeanFactory.lambda$doGetBean$0(AbstractBeanFactory.java:335) ~[spring-beans-5.3.27.jar:5.3.27]
	at org.springframework.beans.factory.support.DefaultSingletonBeanRegistry.getSingleton(DefaultSingletonBeanRegistry.java:234) ~[spring-beans-5.3.27.jar:5.3.27]
	at org.springframework.beans.factory.support.AbstractBeanFactory.doGetBean(AbstractBeanFactory.java:333) ~[spring-beans-5.3.27.jar:5.3.27]
	at org.springframework.beans.factory.support.AbstractBeanFactory.getBean(AbstractBeanFactory.java:208) ~[spring-beans-5.3.27.jar:5.3.27]
	at org.springframework.beans.factory.config.DependencyDescriptor.resolveCandidate(DependencyDescriptor.java:276) ~[spring-beans-5.3.27.jar:5.3.27]
	at org.springframework.beans.factory.support.DefaultListableBeanFactory.doResolveDependency(DefaultListableBeanFactory.java:1391) ~[spring-beans-5.3.27.jar:5.3.27]
	at org.springframework.beans.factory.support.DefaultListableBeanFactory.resolveDependency(DefaultListableBeanFactory.java:1311) ~[spring-beans-5.3.27.jar:5.3.27]
	at org.springframework.beans.factory.support.ConstructorResolver.resolveAutowiredArgument(ConstructorResolver.java:887) ~[spring-beans-5.3.27.jar:5.3.27]
	at org.springframework.beans.factory.support.ConstructorResolver.createArgumentArray(ConstructorResolver.java:791) ~[spring-beans-5.3.27.jar:5.3.27]
	... 58 common frames omitted
Caused by: java.lang.IllegalStateException: can not init dataSource
	at io.seata.rm.datasource.DataSourceProxy.init(DataSourceProxy.java:113) ~[seata-all-1.5.2.jar:1.5.2]
	at io.seata.rm.datasource.DataSourceProxy.<init>(DataSourceProxy.java:99) ~[seata-all-1.5.2.jar:1.5.2]
	at io.seata.rm.datasource.DataSourceProxy.<init>(DataSourceProxy.java:84) ~[seata-all-1.5.2.jar:1.5.2]
	at io.seata.spring.annotation.datasource.SeataAutoDataSourceProxyCreator.buildProxy(SeataAutoDataSourceProxyCreator.java:114) ~[seata-all-1.5.2.jar:1.5.2]
	at io.seata.spring.annotation.datasource.SeataAutoDataSourceProxyCreator.wrapIfNecessary(SeataAutoDataSourceProxyCreator.java:89) ~[seata-all-1.5.2.jar:1.5.2]
	at org.springframework.aop.framework.autoproxy.AbstractAutoProxyCreator.postProcessAfterInitialization(AbstractAutoProxyCreator.java:293) ~[spring-aop-5.3.27.jar:5.3.27]
	at org.springframework.beans.factory.support.AbstractAutowireCapableBeanFactory.applyBeanPostProcessorsAfterInitialization(AbstractAutowireCapableBeanFactory.java:455) ~[spring-beans-5.3.27.jar:5.3.27]
	at org.springframework.beans.factory.support.AbstractAutowireCapableBeanFactory.initializeBean(AbstractAutowireCapableBeanFactory.java:1808) ~[spring-beans-5.3.27.jar:5.3.27]
	at org.springframework.beans.factory.support.AbstractAutowireCapableBeanFactory.doCreateBean(AbstractAutowireCapableBeanFactory.java:620) ~[spring-beans-5.3.27.jar:5.3.27]
	... 68 common frames omitted
Caused by: java.sql.SQLNonTransientConnectionException: Could not create connection to database server. Attempted reconnect 3 times. Giving up.
	at com.mysql.cj.jdbc.exceptions.SQLError.createSQLException(SQLError.java:110) ~[mysql-connector-java-8.0.23.jar:8.0.23]
	at com.mysql.cj.jdbc.exceptions.SQLError.createSQLException(SQLError.java:97) ~[mysql-connector-java-8.0.23.jar:8.0.23]
	at com.mysql.cj.jdbc.exceptions.SQLError.createSQLException(SQLError.java:89) ~[mysql-connector-java-8.0.23.jar:8.0.23]
	at com.mysql.cj.jdbc.exceptions.SQLError.createSQLException(SQLError.java:63) ~[mysql-connector-java-8.0.23.jar:8.0.23]
	at com.mysql.cj.jdbc.exceptions.SQLError.createSQLException(SQLError.java:73) ~[mysql-connector-java-8.0.23.jar:8.0.23]
	at com.mysql.cj.jdbc.ConnectionImpl.connectWithRetries(ConnectionImpl.java:903) ~[mysql-connector-java-8.0.23.jar:8.0.23]
	at com.mysql.cj.jdbc.ConnectionImpl.createNewIO(ConnectionImpl.java:828) ~[mysql-connector-java-8.0.23.jar:8.0.23]
	at com.mysql.cj.jdbc.ConnectionImpl.<init>(ConnectionImpl.java:453) ~[mysql-connector-java-8.0.23.jar:8.0.23]
	at com.mysql.cj.jdbc.ConnectionImpl.getInstance(ConnectionImpl.java:246) ~[mysql-connector-java-8.0.23.jar:8.0.23]
	at com.mysql.cj.jdbc.NonRegisteringDriver.connect(NonRegisteringDriver.java:198) ~[mysql-connector-java-8.0.23.jar:8.0.23]
	at com.zaxxer.hikari.util.DriverDataSource.getConnection(DriverDataSource.java:138) ~[HikariCP-4.0.3.jar:na]
	at com.zaxxer.hikari.pool.PoolBase.newConnection(PoolBase.java:364) ~[HikariCP-4.0.3.jar:na]
	at com.zaxxer.hikari.pool.PoolBase.newPoolEntry(PoolBase.java:206) ~[HikariCP-4.0.3.jar:na]
	at com.zaxxer.hikari.pool.HikariPool.createPoolEntry(HikariPool.java:476) ~[HikariCP-4.0.3.jar:na]
	at com.zaxxer.hikari.pool.HikariPool.checkFailFast(HikariPool.java:561) ~[HikariCP-4.0.3.jar:na]
	at com.zaxxer.hikari.pool.HikariPool.<init>(HikariPool.java:115) ~[HikariCP-4.0.3.jar:na]
	at com.zaxxer.hikari.HikariDataSource.getConnection(HikariDataSource.java:112) ~[HikariCP-4.0.3.jar:na]
	at io.seata.rm.datasource.DataSourceProxy.init(DataSourceProxy.java:104) ~[seata-all-1.5.2.jar:1.5.2]
	... 76 common frames omitted
Caused by: com.mysql.cj.exceptions.CJCommunicationsException: Communications link failure

The last packet sent successfully to the server was 0 milliseconds ago. The driver has not received any packets from the server.
	at java.base/jdk.internal.reflect.NativeConstructorAccessorImpl.newInstance0(Native Method) ~[na:na]
	at java.base/jdk.internal.reflect.NativeConstructorAccessorImpl.newInstance(NativeConstructorAccessorImpl.java:62) ~[na:na]
	at java.base/jdk.internal.reflect.DelegatingConstructorAccessorImpl.newInstance(DelegatingConstructorAccessorImpl.java:45) ~[na:na]
	at java.base/java.lang.reflect.Constructor.newInstance(Constructor.java:490) ~[na:na]
	at com.mysql.cj.exceptions.ExceptionFactory.createException(ExceptionFactory.java:61) ~[mysql-connector-java-8.0.23.jar:8.0.23]
	at com.mysql.cj.exceptions.ExceptionFactory.createException(ExceptionFactory.java:105) ~[mysql-connector-java-8.0.23.jar:8.0.23]
	at com.mysql.cj.exceptions.ExceptionFactory.createException(ExceptionFactory.java:151) ~[mysql-connector-java-8.0.23.jar:8.0.23]
	at com.mysql.cj.exceptions.ExceptionFactory.createCommunicationsException(ExceptionFactory.java:167) ~[mysql-connector-java-8.0.23.jar:8.0.23]
	at com.mysql.cj.protocol.a.NativeSocketConnection.connect(NativeSocketConnection.java:89) ~[mysql-connector-java-8.0.23.jar:8.0.23]
	at com.mysql.cj.NativeSession.connect(NativeSession.java:144) ~[mysql-connector-java-8.0.23.jar:8.0.23]
	at com.mysql.cj.jdbc.ConnectionImpl.connectWithRetries(ConnectionImpl.java:847) ~[mysql-connector-java-8.0.23.jar:8.0.23]
	... 88 common frames omitted
Caused by: java.net.UnknownHostException: mysql
	at java.base/java.net.InetAddress$CachedAddresses.get(InetAddress.java:797) ~[na:na]
	at java.base/java.net.InetAddress.getAllByName0(InetAddress.java:1533) ~[na:na]
	at java.base/java.net.InetAddress.getAllByName(InetAddress.java:1386) ~[na:na]
	at java.base/java.net.InetAddress.getAllByName(InetAddress.java:1307) ~[na:na]
	at com.mysql.cj.protocol.StandardSocketFactory.connect(StandardSocketFactory.java:132) ~[mysql-connector-java-8.0.23.jar:8.0.23]
	at com.mysql.cj.protocol.a.NativeSocketConnection.connect(NativeSocketConnection.java:63) ~[mysql-connector-java-8.0.23.jar:8.0.23]
	... 90 common frames omitted

20:56:37:441  WARN 18512 --- [Thread-1] c.a.n.common.http.HttpClientBeanHolder   : [HttpClientBeanHolder] Start destroying common HttpClient
20:56:37:441  WARN 18512 --- [Thread-5] c.a.nacos.common.notify.NotifyCenter     : [NotifyCenter] Start destroying Publisher
20:56:37:448  WARN 18512 --- [Thread-5] c.a.nacos.common.notify.NotifyCenter     : [NotifyCenter] Destruction of the end
20:56:37:449  WARN 18512 --- [Thread-1] c.a.n.common.http.HttpClientBeanHolder   : [HttpClientBeanHolder] Destruction of the end
20:56:44:184  INFO 50592 --- [main] com.hmall.search.SearchApplication       : The following 1 profile is active: "local"
20:56:45:065  INFO 50592 --- [main] o.s.cloud.context.scope.GenericScope     : BeanFactory id=e59cb67c-5044-3b68-b0d2-a7f38eef80e7
20:56:45:109  INFO 50592 --- [main] trationDelegate$BeanPostProcessorChecker : Bean 'io.seata.spring.boot.autoconfigure.SeataCoreAutoConfiguration' of type [io.seata.spring.boot.autoconfigure.SeataCoreAutoConfiguration] is not eligible for getting processed by all BeanPostProcessors (for example: not eligible for auto-proxying)
20:56:45:110  INFO 50592 --- [main] trationDelegate$BeanPostProcessorChecker : Bean 'springApplicationContextProvider' of type [io.seata.spring.boot.autoconfigure.provider.SpringApplicationContextProvider] is not eligible for getting processed by all BeanPostProcessors (for example: not eligible for auto-proxying)
20:56:45:110  INFO 50592 --- [main] trationDelegate$BeanPostProcessorChecker : Bean 'io.seata.spring.boot.autoconfigure.SeataAutoConfiguration' of type [io.seata.spring.boot.autoconfigure.SeataAutoConfiguration] is not eligible for getting processed by all BeanPostProcessors (for example: not eligible for auto-proxying)
20:56:45:133  INFO 50592 --- [main] trationDelegate$BeanPostProcessorChecker : Bean 'failureHandler' of type [io.seata.tm.api.DefaultFailureHandlerImpl] is not eligible for getting processed by all BeanPostProcessors (for example: not eligible for auto-proxying)
20:56:45:135  INFO 50592 --- [main] trationDelegate$BeanPostProcessorChecker : Bean 'org.springframework.cloud.commons.config.CommonsConfigAutoConfiguration' of type [org.springframework.cloud.commons.config.CommonsConfigAutoConfiguration] is not eligible for getting processed by all BeanPostProcessors (for example: not eligible for auto-proxying)
20:56:45:136  INFO 50592 --- [main] trationDelegate$BeanPostProcessorChecker : Bean 'org.springframework.cloud.client.loadbalancer.LoadBalancerDefaultMappingsProviderAutoConfiguration' of type [org.springframework.cloud.client.loadbalancer.LoadBalancerDefaultMappingsProviderAutoConfiguration] is not eligible for getting processed by all BeanPostProcessors (for example: not eligible for auto-proxying)
20:56:45:136  INFO 50592 --- [main] trationDelegate$BeanPostProcessorChecker : Bean 'loadBalancerClientsDefaultsMappingsProvider' of type [org.springframework.cloud.client.loadbalancer.LoadBalancerDefaultMappingsProviderAutoConfiguration$$Lambda$569/0x00000008405d7840] is not eligible for getting processed by all BeanPostProcessors (for example: not eligible for auto-proxying)
20:56:45:136  INFO 50592 --- [main] trationDelegate$BeanPostProcessorChecker : Bean 'defaultsBindHandlerAdvisor' of type [org.springframework.cloud.commons.config.DefaultsBindHandlerAdvisor] is not eligible for getting processed by all BeanPostProcessors (for example: not eligible for auto-proxying)
20:56:45:139  INFO 50592 --- [main] trationDelegate$BeanPostProcessorChecker : Bean 'springCloudAlibabaConfiguration' of type [io.seata.spring.boot.autoconfigure.properties.SpringCloudAlibabaConfiguration] is not eligible for getting processed by all BeanPostProcessors (for example: not eligible for auto-proxying)
20:56:45:140  INFO 50592 --- [main] trationDelegate$BeanPostProcessorChecker : Bean 'seataProperties' of type [io.seata.spring.boot.autoconfigure.properties.SeataProperties] is not eligible for getting processed by all BeanPostProcessors (for example: not eligible for auto-proxying)
20:56:45:141  INFO 50592 --- [main] i.s.s.b.a.SeataAutoConfiguration         : Automatically configure Seata
20:56:45:179  INFO 50592 --- [main] io.seata.config.ConfigurationFactory     : load Configuration from :Spring Configuration
20:56:45:187  INFO 50592 --- [main] io.seata.config.ConfigurationFactory     : load Configuration from :Spring Configuration
20:56:45:227  INFO 50592 --- [main] i.s.s.a.GlobalTransactionScanner         : Initializing Global Transaction Clients ... 
20:56:45:282  INFO 50592 --- [main] i.s.core.rpc.netty.NettyClientBootstrap  : NettyClientBootstrap has started
20:56:45:413  INFO 50592 --- [main] com.alibaba.nacos.common.remote.client   : [RpcClientFactory] create a new rpc client of 230c9171-24c4-40e9-93d2-4762f5f6aea1
20:56:45:413  INFO 50592 --- [main] com.alibaba.nacos.common.remote.client   : [230c9171-24c4-40e9-93d2-4762f5f6aea1] RpcClient init label, labels = {module=naming, source=sdk}
20:56:45:415  INFO 50592 --- [main] com.alibaba.nacos.common.remote.client   : [230c9171-24c4-40e9-93d2-4762f5f6aea1] RpcClient init, ServerListFactory = com.alibaba.nacos.client.naming.core.ServerListManager
20:56:45:415  INFO 50592 --- [main] com.alibaba.nacos.common.remote.client   : [230c9171-24c4-40e9-93d2-4762f5f6aea1] Registry connection listener to current client:com.alibaba.nacos.client.naming.remote.gprc.redo.NamingGrpcRedoService
20:56:45:415  INFO 50592 --- [main] com.alibaba.nacos.common.remote.client   : [230c9171-24c4-40e9-93d2-4762f5f6aea1] Register server push request handler:com.alibaba.nacos.client.naming.remote.gprc.NamingPushRequestHandler
20:56:45:416  INFO 50592 --- [main] com.alibaba.nacos.common.remote.client   : [230c9171-24c4-40e9-93d2-4762f5f6aea1] Try to connect to server on start up, server: {serverIp = '192.168.23.128', server main port = 8848}
20:56:45:541  INFO 50592 --- [main] com.alibaba.nacos.common.remote.client   : [230c9171-24c4-40e9-93d2-4762f5f6aea1] Success to connect to server [192.168.23.128:8848] on start up, connectionId = 1766062610082_192.168.23.1_63366
20:56:45:541  INFO 50592 --- [main] com.alibaba.nacos.common.remote.client   : [230c9171-24c4-40e9-93d2-4762f5f6aea1] Register server push request handler:com.alibaba.nacos.common.remote.client.RpcClient$ConnectResetRequestHandler
20:56:45:541  INFO 50592 --- [main] com.alibaba.nacos.common.remote.client   : [230c9171-24c4-40e9-93d2-4762f5f6aea1] Register server push request handler:com.alibaba.nacos.common.remote.client.RpcClient$$Lambda$475/0x00000008403ef440
20:56:45:541  INFO 50592 --- [com.alibaba.nacos.client.remote.worker] com.alibaba.nacos.common.remote.client   : [230c9171-24c4-40e9-93d2-4762f5f6aea1] Notify connected event to listeners.
20:56:45:590  INFO 50592 --- [main] i.s.c.r.netty.NettyClientChannelManager  : will connect to 192.168.23.128:8099
20:56:45:835  INFO 50592 --- [main] i.s.core.rpc.netty.NettyPoolableFactory  : NettyPool create channel to transactionRole:TMROLE,address:192.168.23.128:8099,msg:< RegisterTMRequest{applicationId='search-service', transactionServiceGroup='hmall'} >
20:56:46:135  INFO 50592 --- [nacos-grpc-client-executor-6] com.alibaba.nacos.common.remote.client   : [230c9171-24c4-40e9-93d2-4762f5f6aea1] Receive server push request, request = NotifySubscriberRequest, requestId = 12
20:56:46:145  INFO 50592 --- [nacos-grpc-client-executor-6] com.alibaba.nacos.common.remote.client   : [230c9171-24c4-40e9-93d2-4762f5f6aea1] Ack server push request, request = NotifySubscriberRequest, requestId = 12
20:56:46:185  INFO 50592 --- [main] i.s.c.rpc.netty.TmNettyRemotingClient    : register TM success. client version:1.5.2, server version:1.5.2,channel:[id: 0xaea83422, L:/192.168.23.1:63369 - R:/192.168.23.128:8099]
20:56:46:189  INFO 50592 --- [main] i.s.core.rpc.netty.NettyPoolableFactory  : register success, cost 45 ms, version:1.5.2,role:TMROLE,channel:[id: 0xaea83422, L:/192.168.23.1:63369 - R:/192.168.23.128:8099]
20:56:46:189  INFO 50592 --- [main] i.s.s.a.GlobalTransactionScanner         : Transaction Manager Client is initialized. applicationId[search-service] txServiceGroup[hmall]
20:56:46:196  INFO 50592 --- [main] io.seata.rm.datasource.AsyncWorker       : Async Commit Buffer Limit: 10000
20:56:46:196  INFO 50592 --- [main] i.s.rm.datasource.xa.ResourceManagerXA   : ResourceManagerXA init ...
20:56:46:201  INFO 50592 --- [main] i.s.core.rpc.netty.NettyClientBootstrap  : NettyClientBootstrap has started
20:56:46:202  INFO 50592 --- [main] i.s.s.a.GlobalTransactionScanner         : Resource Manager is initialized. applicationId[search-service] txServiceGroup[hmall]
20:56:46:202  INFO 50592 --- [main] i.s.s.a.GlobalTransactionScanner         : Global Transaction Clients are initialized. 
20:56:46:203  INFO 50592 --- [main] trationDelegate$BeanPostProcessorChecker : Bean 'io.seata.spring.boot.autoconfigure.SeataDataSourceAutoConfiguration' of type [io.seata.spring.boot.autoconfigure.SeataDataSourceAutoConfiguration] is not eligible for getting processed by all BeanPostProcessors (for example: not eligible for auto-proxying)
20:56:46:262  INFO 50592 --- [main] trationDelegate$BeanPostProcessorChecker : Bean 'com.alibaba.cloud.seata.feign.SeataFeignClientAutoConfiguration$FeignBeanPostProcessorConfiguration' of type [com.alibaba.cloud.seata.feign.SeataFeignClientAutoConfiguration$FeignBeanPostProcessorConfiguration] is not eligible for getting processed by all BeanPostProcessors (for example: not eligible for auto-proxying)
20:56:46:263  INFO 50592 --- [main] trationDelegate$BeanPostProcessorChecker : Bean 'seataFeignObjectWrapper' of type [com.alibaba.cloud.seata.feign.SeataFeignObjectWrapper] is not eligible for getting processed by all BeanPostProcessors (for example: not eligible for auto-proxying)
20:56:46:450  INFO 50592 --- [main] o.s.b.w.embedded.tomcat.TomcatWebServer  : Tomcat initialized with port(s): 8087 (http)
20:56:46:468  INFO 50592 --- [main] o.apache.catalina.core.StandardService   : Starting service [Tomcat]
20:56:46:468  INFO 50592 --- [main] org.apache.catalina.core.StandardEngine  : Starting Servlet engine: [Apache Tomcat/9.0.75]
20:56:46:615  INFO 50592 --- [main] o.a.c.c.C.[Tomcat].[localhost].[/]       : Initializing Spring embedded WebApplicationContext
20:56:46:616  INFO 50592 --- [main] w.s.c.ServletWebServerApplicationContext : Root WebApplicationContext: initialization completed in 2419 ms
20:56:46:766  INFO 50592 --- [main] o.s.c.openfeign.FeignClientFactoryBean   : For 'item-service' URL not provided. Will try picking an instance via load-balancing.
20:56:47:109  INFO 50592 --- [main] o.s.c.openfeign.FeignClientFactoryBean   : For 'trade-service' URL not provided. Will try picking an instance via load-balancing.
20:56:47:228  INFO 50592 --- [main] com.zaxxer.hikari.HikariDataSource       : HikariPool-1 - Starting...
20:56:47:450  INFO 50592 --- [main] com.zaxxer.hikari.HikariDataSource       : HikariPool-1 - Start completed.
20:56:47:512  INFO 50592 --- [main] i.s.c.r.netty.NettyClientChannelManager  : will connect to 192.168.23.128:8099
20:56:47:513  INFO 50592 --- [main] i.s.c.rpc.netty.RmNettyRemotingClient    : RM will register :jdbc:mysql://192.168.23.128:3306/hm-item
20:56:47:513  INFO 50592 --- [main] i.s.core.rpc.netty.NettyPoolableFactory  : NettyPool create channel to transactionRole:RMROLE,address:192.168.23.128:8099,msg:< RegisterRMRequest{resourceIds='jdbc:mysql://192.168.23.128:3306/hm-item', applicationId='search-service', transactionServiceGroup='hmall'} >
20:56:47:521  INFO 50592 --- [main] i.s.c.rpc.netty.RmNettyRemotingClient    : register RM success. client version:1.5.2, server version:1.5.2,channel:[id: 0x23fad8d9, L:/192.168.23.1:63440 - R:/192.168.23.128:8099]
20:56:47:522  INFO 50592 --- [main] i.s.core.rpc.netty.NettyPoolableFactory  : register success, cost 7 ms, version:1.5.2,role:RMROLE,channel:[id: 0x23fad8d9, L:/192.168.23.1:63440 - R:/192.168.23.128:8099]
20:56:48:863  INFO 50592 --- [main] pertySourcedRequestMappingHandlerMapping : Mapped URL path [/v2/api-docs] onto method [springfox.documentation.swagger2.web.Swagger2ControllerWebMvc#getDocumentation(String, HttpServletRequest)]
20:56:49:473  INFO 50592 --- [main] com.alibaba.nacos.common.remote.client   : [RpcClientFactory] create a new rpc client of 2e49518b-affe-4b44-8e57-da44422db9b0
20:56:49:473  INFO 50592 --- [main] com.alibaba.nacos.common.remote.client   : [2e49518b-affe-4b44-8e57-da44422db9b0] RpcClient init label, labels = {module=naming, source=sdk}
20:56:49:473  INFO 50592 --- [main] com.alibaba.nacos.common.remote.client   : [2e49518b-affe-4b44-8e57-da44422db9b0] RpcClient init, ServerListFactory = com.alibaba.nacos.client.naming.core.ServerListManager
20:56:49:474  INFO 50592 --- [main] com.alibaba.nacos.common.remote.client   : [2e49518b-affe-4b44-8e57-da44422db9b0] Registry connection listener to current client:com.alibaba.nacos.client.naming.remote.gprc.redo.NamingGrpcRedoService
20:56:49:474  INFO 50592 --- [main] com.alibaba.nacos.common.remote.client   : [2e49518b-affe-4b44-8e57-da44422db9b0] Register server push request handler:com.alibaba.nacos.client.naming.remote.gprc.NamingPushRequestHandler
20:56:49:474  INFO 50592 --- [main] com.alibaba.nacos.common.remote.client   : [2e49518b-affe-4b44-8e57-da44422db9b0] Try to connect to server on start up, server: {serverIp = '192.168.23.128', server main port = 8848}
20:56:49:608  INFO 50592 --- [main] com.alibaba.nacos.common.remote.client   : [2e49518b-affe-4b44-8e57-da44422db9b0] Success to connect to server [192.168.23.128:8848] on start up, connectionId = 1766062614138_192.168.23.1_63585
20:56:49:608  INFO 50592 --- [main] com.alibaba.nacos.common.remote.client   : [2e49518b-affe-4b44-8e57-da44422db9b0] Register server push request handler:com.alibaba.nacos.common.remote.client.RpcClient$ConnectResetRequestHandler
20:56:49:608  INFO 50592 --- [com.alibaba.nacos.client.remote.worker] com.alibaba.nacos.common.remote.client   : [2e49518b-affe-4b44-8e57-da44422db9b0] Notify connected event to listeners.
20:56:49:608  INFO 50592 --- [main] com.alibaba.nacos.common.remote.client   : [2e49518b-affe-4b44-8e57-da44422db9b0] Register server push request handler:com.alibaba.nacos.common.remote.client.RpcClient$$Lambda$475/0x00000008403ef440
20:56:49:647  INFO 50592 --- [main] o.s.b.w.embedded.tomcat.TomcatWebServer  : Tomcat started on port(s): 8087 (http) with context path ''
20:56:49:657  INFO 50592 --- [main] c.a.c.n.registry.NacosServiceRegistry    : nacos registry, DEFAULT_GROUP search-service 192.168.15.1:8087 register finished
20:56:49:986  INFO 50592 --- [main] d.s.w.p.DocumentationPluginsBootstrapper : Documentation plugins bootstrapped
20:56:49:988  INFO 50592 --- [main] d.s.w.p.DocumentationPluginsBootstrapper : Found 1 custom documentation plugin(s)
20:56:50:001  INFO 50592 --- [main] s.d.s.w.s.ApiListingReferenceScanner     : Scanning for api listing references
20:56:50:054  INFO 50592 --- [main] .d.s.w.r.o.CachingOperationNameGenerator : Generating unique operation named: searchUsingGET_1
20:56:50:061  INFO 50592 --- [main] o.s.a.r.c.CachingConnectionFactory       : Attempting to connect to: [192.168.23.128:5672]
20:56:50:086  INFO 50592 --- [main] o.s.a.r.c.CachingConnectionFactory       : Created new connection: rabbitConnectionFactory#69c7fb94:0/SimpleConnection@53ec379a [delegate=amqp://hmall@192.168.23.128:5672//hmall, localPort= 63588]
20:56:50:137  INFO 50592 --- [main] com.hmall.search.SearchApplication       : Started SearchApplication in 9.578 seconds (JVM running for 10.776)
20:56:50:141  INFO 50592 --- [nacos-grpc-client-executor-8] com.alibaba.nacos.common.remote.client   : [2e49518b-affe-4b44-8e57-da44422db9b0] Receive server push request, request = NotifySubscriberRequest, requestId = 13
20:56:50:141  INFO 50592 --- [main] c.a.c.n.refresh.NacosContextRefresher    : [Nacos Config] Listening config: dataId=search-service, group=DEFAULT_GROUP
20:56:50:141  INFO 50592 --- [main] c.a.c.n.refresh.NacosContextRefresher    : [Nacos Config] Listening config: dataId=search-service.yaml, group=DEFAULT_GROUP
20:56:50:142  INFO 50592 --- [main] c.a.c.n.refresh.NacosContextRefresher    : [Nacos Config] Listening config: dataId=search-service-local.yaml, group=DEFAULT_GROUP
20:56:50:155  INFO 50592 --- [nacos-grpc-client-executor-8] com.alibaba.nacos.common.remote.client   : [2e49518b-affe-4b44-8e57-da44422db9b0] Ack server push request, request = NotifySubscriberRequest, requestId = 13
21:11:34:950  WARN 50592 --- [Thread-1] c.a.n.common.http.HttpClientBeanHolder   : [HttpClientBeanHolder] Start destroying common HttpClient
21:11:34:950  WARN 50592 --- [Thread-5] c.a.nacos.common.notify.NotifyCenter     : [NotifyCenter] Start destroying Publisher
21:11:34:975  WARN 50592 --- [Thread-5] c.a.nacos.common.notify.NotifyCenter     : [NotifyCenter] Destruction of the end
21:11:34:993  WARN 50592 --- [Thread-1] c.a.n.common.http.HttpClientBeanHolder   : [HttpClientBeanHolder] Destruction of the end
21:11:35:271  INFO 50592 --- [org.springframework.amqp.rabbit.RabbitListenerEndpointContainer#1-2] o.s.a.r.l.SimpleMessageListenerContainer : Waiting for workers to finish.
21:11:35:271  INFO 50592 --- [org.springframework.amqp.rabbit.RabbitListenerEndpointContainer#0-2] o.s.a.r.l.SimpleMessageListenerContainer : Waiting for workers to finish.
21:11:36:109  INFO 50592 --- [org.springframework.amqp.rabbit.RabbitListenerEndpointContainer#0-2] o.s.a.r.l.SimpleMessageListenerContainer : Successfully waited for workers to finish.
21:11:36:109  INFO 50592 --- [org.springframework.amqp.rabbit.RabbitListenerEndpointContainer#1-2] o.s.a.r.l.SimpleMessageListenerContainer : Successfully waited for workers to finish.
21:11:36:470  INFO 50592 --- [SpringContextShutdownHook] c.a.c.n.registry.NacosServiceRegistry    : De-registering from Nacos Server now...
21:11:36:478  INFO 50592 --- [SpringContextShutdownHook] c.a.c.n.registry.NacosServiceRegistry    : De-registration finished.
21:11:36:807  INFO 50592 --- [SpringContextShutdownHook] com.alibaba.nacos.common.remote.client   : Shutdown rpc client, set status to shutdown
21:11:36:807  INFO 50592 --- [SpringContextShutdownHook] com.alibaba.nacos.common.remote.client   : Shutdown client event executor java.util.concurrent.ScheduledThreadPoolExecutor@78ea1d8c[Running, pool size = 2, active threads = 2, queued tasks = 0, completed tasks = 0]
21:11:36:808  INFO 50592 --- [SpringContextShutdownHook] com.alibaba.nacos.common.remote.client   : Close current connection 1766062614138_192.168.23.1_63585
21:11:36:812  INFO 50592 --- [nacos-grpc-client-executor-194] c.a.n.c.remote.client.grpc.GrpcClient    : [1766062614138_192.168.23.1_63585]Ignore complete event,isRunning:false,isAbandon=false
21:11:36:821  INFO 50592 --- [SpringContextShutdownHook] c.a.n.c.remote.client.grpc.GrpcClient    : Shutdown grpc executor java.util.concurrent.ThreadPoolExecutor@467a474c[Running, pool size = 5, active threads = 0, queued tasks = 0, completed tasks = 195]
21:11:36:829  INFO 50592 --- [SpringContextShutdownHook] com.zaxxer.hikari.HikariDataSource       : HikariPool-1 - Shutdown initiated...
21:11:36:864  INFO 50592 --- [SpringContextShutdownHook] com.zaxxer.hikari.HikariDataSource       : HikariPool-1 - Shutdown completed.
21:11:36:865  INFO 50592 --- [SpringContextShutdownHook] o.s.a.r.l.SimpleMessageListenerContainer : Shutdown ignored - container is already stopped
21:11:36:865  INFO 50592 --- [SpringContextShutdownHook] o.s.a.r.l.SimpleMessageListenerContainer : Shutdown ignored - container is already stopped
21:11:36:884  INFO 50592 --- [NettyClientSelector_TMROLE_1_1] i.s.c.r.n.AbstractNettyRemotingClient    : channel inactive: [id: 0xaea83422, L:/192.168.23.1:63369 ! R:/192.168.23.128:8099]
21:11:36:884  INFO 50592 --- [NettyClientSelector_TMROLE_1_1] i.s.c.r.netty.NettyClientChannelManager  : return to pool, rm channel:[id: 0xaea83422, L:/192.168.23.1:63369 ! R:/192.168.23.128:8099]
21:11:36:885  INFO 50592 --- [NettyClientSelector_TMROLE_1_1] i.s.core.rpc.netty.NettyPoolableFactory  : channel valid false,channel:[id: 0xaea83422, L:/192.168.23.1:63369 ! R:/192.168.23.128:8099]
21:11:36:885  INFO 50592 --- [NettyClientSelector_TMROLE_1_1] i.s.core.rpc.netty.NettyPoolableFactory  : will destroy channel:[id: 0xaea83422, L:/192.168.23.1:63369 ! R:/192.168.23.128:8099]
21:11:36:885  INFO 50592 --- [NettyClientSelector_RMROLE_1_1] i.s.c.r.n.AbstractNettyRemotingClient    : channel inactive: [id: 0x23fad8d9, L:/192.168.23.1:63440 ! R:/192.168.23.128:8099]
21:11:36:885  INFO 50592 --- [NettyClientSelector_RMROLE_1_1] i.s.c.r.netty.NettyClientChannelManager  : return to pool, rm channel:[id: 0x23fad8d9, L:/192.168.23.1:63440 ! R:/192.168.23.128:8099]
21:11:36:885  INFO 50592 --- [NettyClientSelector_RMROLE_1_1] i.s.core.rpc.netty.NettyPoolableFactory  : channel valid false,channel:[id: 0x23fad8d9, L:/192.168.23.1:63440 ! R:/192.168.23.128:8099]
21:11:36:886  INFO 50592 --- [NettyClientSelector_RMROLE_1_1] i.s.core.rpc.netty.NettyPoolableFactory  : will destroy channel:[id: 0x23fad8d9, L:/192.168.23.1:63440 ! R:/192.168.23.128:8099]
21:11:36:886  INFO 50592 --- [NettyClientSelector_TMROLE_1_1] i.s.c.r.n.AbstractNettyRemotingClient    : ChannelHandlerContext(AbstractNettyRemotingClient$ClientHandler#0, [id: 0xaea83422, L:/192.168.23.1:63369 ! R:/192.168.23.128:8099]) will closed
21:11:36:887  INFO 50592 --- [NettyClientSelector_RMROLE_1_1] i.s.c.r.n.AbstractNettyRemotingClient    : ChannelHandlerContext(AbstractNettyRemotingClient$ClientHandler#0, [id: 0x23fad8d9, L:/192.168.23.1:63440 ! R:/192.168.23.128:8099]) will closed
21:11:36:887  INFO 50592 --- [NettyClientSelector_TMROLE_1_1] i.s.c.r.n.AbstractNettyRemotingClient    : ChannelHandlerContext(AbstractNettyRemotingClient$ClientHandler#0, [id: 0xaea83422, L:/192.168.23.1:63369 ! R:/192.168.23.128:8099]) will closed
21:11:36:887  INFO 50592 --- [NettyClientSelector_RMROLE_1_1] i.s.c.r.n.AbstractNettyRemotingClient    : ChannelHandlerContext(AbstractNettyRemotingClient$ClientHandler#0, [id: 0x23fad8d9, L:/192.168.23.1:63440 ! R:/192.168.23.128:8099]) will closed
21:11:47:193  INFO 20372 --- [main] com.hmall.search.SearchApplication       : The following 1 profile is active: "local"
21:11:47:991  INFO 20372 --- [main] o.s.cloud.context.scope.GenericScope     : BeanFactory id=e59cb67c-5044-3b68-b0d2-a7f38eef80e7
21:11:48:032  INFO 20372 --- [main] trationDelegate$BeanPostProcessorChecker : Bean 'io.seata.spring.boot.autoconfigure.SeataCoreAutoConfiguration' of type [io.seata.spring.boot.autoconfigure.SeataCoreAutoConfiguration] is not eligible for getting processed by all BeanPostProcessors (for example: not eligible for auto-proxying)
21:11:48:032  INFO 20372 --- [main] trationDelegate$BeanPostProcessorChecker : Bean 'springApplicationContextProvider' of type [io.seata.spring.boot.autoconfigure.provider.SpringApplicationContextProvider] is not eligible for getting processed by all BeanPostProcessors (for example: not eligible for auto-proxying)
21:11:48:033  INFO 20372 --- [main] trationDelegate$BeanPostProcessorChecker : Bean 'io.seata.spring.boot.autoconfigure.SeataAutoConfiguration' of type [io.seata.spring.boot.autoconfigure.SeataAutoConfiguration] is not eligible for getting processed by all BeanPostProcessors (for example: not eligible for auto-proxying)
21:11:48:059  INFO 20372 --- [main] trationDelegate$BeanPostProcessorChecker : Bean 'failureHandler' of type [io.seata.tm.api.DefaultFailureHandlerImpl] is not eligible for getting processed by all BeanPostProcessors (for example: not eligible for auto-proxying)
21:11:48:061  INFO 20372 --- [main] trationDelegate$BeanPostProcessorChecker : Bean 'org.springframework.cloud.commons.config.CommonsConfigAutoConfiguration' of type [org.springframework.cloud.commons.config.CommonsConfigAutoConfiguration] is not eligible for getting processed by all BeanPostProcessors (for example: not eligible for auto-proxying)
21:11:48:062  INFO 20372 --- [main] trationDelegate$BeanPostProcessorChecker : Bean 'org.springframework.cloud.client.loadbalancer.LoadBalancerDefaultMappingsProviderAutoConfiguration' of type [org.springframework.cloud.client.loadbalancer.LoadBalancerDefaultMappingsProviderAutoConfiguration] is not eligible for getting processed by all BeanPostProcessors (for example: not eligible for auto-proxying)
21:11:48:062  INFO 20372 --- [main] trationDelegate$BeanPostProcessorChecker : Bean 'loadBalancerClientsDefaultsMappingsProvider' of type [org.springframework.cloud.client.loadbalancer.LoadBalancerDefaultMappingsProviderAutoConfiguration$$Lambda$569/0x00000008405d7840] is not eligible for getting processed by all BeanPostProcessors (for example: not eligible for auto-proxying)
21:11:48:062  INFO 20372 --- [main] trationDelegate$BeanPostProcessorChecker : Bean 'defaultsBindHandlerAdvisor' of type [org.springframework.cloud.commons.config.DefaultsBindHandlerAdvisor] is not eligible for getting processed by all BeanPostProcessors (for example: not eligible for auto-proxying)
21:11:48:063  INFO 20372 --- [main] trationDelegate$BeanPostProcessorChecker : Bean 'springCloudAlibabaConfiguration' of type [io.seata.spring.boot.autoconfigure.properties.SpringCloudAlibabaConfiguration] is not eligible for getting processed by all BeanPostProcessors (for example: not eligible for auto-proxying)
21:11:48:065  INFO 20372 --- [main] trationDelegate$BeanPostProcessorChecker : Bean 'seataProperties' of type [io.seata.spring.boot.autoconfigure.properties.SeataProperties] is not eligible for getting processed by all BeanPostProcessors (for example: not eligible for auto-proxying)
21:11:48:066  INFO 20372 --- [main] i.s.s.b.a.SeataAutoConfiguration         : Automatically configure Seata
21:11:48:102  INFO 20372 --- [main] io.seata.config.ConfigurationFactory     : load Configuration from :Spring Configuration
21:11:48:105  INFO 20372 --- [main] io.seata.config.ConfigurationFactory     : load Configuration from :Spring Configuration
21:11:48:140  INFO 20372 --- [main] i.s.s.a.GlobalTransactionScanner         : Initializing Global Transaction Clients ... 
21:11:48:197  INFO 20372 --- [main] i.s.core.rpc.netty.NettyClientBootstrap  : NettyClientBootstrap has started
21:11:48:308  INFO 20372 --- [main] com.alibaba.nacos.common.remote.client   : [RpcClientFactory] create a new rpc client of cc14e8b6-6a07-4530-b7ec-c48980b3d790
21:11:48:308  INFO 20372 --- [main] com.alibaba.nacos.common.remote.client   : [cc14e8b6-6a07-4530-b7ec-c48980b3d790] RpcClient init label, labels = {module=naming, source=sdk}
21:11:48:309  INFO 20372 --- [main] com.alibaba.nacos.common.remote.client   : [cc14e8b6-6a07-4530-b7ec-c48980b3d790] RpcClient init, ServerListFactory = com.alibaba.nacos.client.naming.core.ServerListManager
21:11:48:309  INFO 20372 --- [main] com.alibaba.nacos.common.remote.client   : [cc14e8b6-6a07-4530-b7ec-c48980b3d790] Registry connection listener to current client:com.alibaba.nacos.client.naming.remote.gprc.redo.NamingGrpcRedoService
21:11:48:310  INFO 20372 --- [main] com.alibaba.nacos.common.remote.client   : [cc14e8b6-6a07-4530-b7ec-c48980b3d790] Register server push request handler:com.alibaba.nacos.client.naming.remote.gprc.NamingPushRequestHandler
21:11:48:310  INFO 20372 --- [main] com.alibaba.nacos.common.remote.client   : [cc14e8b6-6a07-4530-b7ec-c48980b3d790] Try to connect to server on start up, server: {serverIp = '192.168.23.128', server main port = 8848}
21:11:48:436  INFO 20372 --- [main] com.alibaba.nacos.common.remote.client   : [cc14e8b6-6a07-4530-b7ec-c48980b3d790] Success to connect to server [192.168.23.128:8848] on start up, connectionId = 1766063512972_192.168.23.1_62636
21:11:48:436  INFO 20372 --- [main] com.alibaba.nacos.common.remote.client   : [cc14e8b6-6a07-4530-b7ec-c48980b3d790] Register server push request handler:com.alibaba.nacos.common.remote.client.RpcClient$ConnectResetRequestHandler
21:11:48:436  INFO 20372 --- [main] com.alibaba.nacos.common.remote.client   : [cc14e8b6-6a07-4530-b7ec-c48980b3d790] Register server push request handler:com.alibaba.nacos.common.remote.client.RpcClient$$Lambda$475/0x00000008403ef440
21:11:48:436  INFO 20372 --- [com.alibaba.nacos.client.remote.worker] com.alibaba.nacos.common.remote.client   : [cc14e8b6-6a07-4530-b7ec-c48980b3d790] Notify connected event to listeners.
21:11:48:474  INFO 20372 --- [main] i.s.c.r.netty.NettyClientChannelManager  : will connect to 192.168.23.128:8099
21:11:48:717  INFO 20372 --- [main] i.s.core.rpc.netty.NettyPoolableFactory  : NettyPool create channel to transactionRole:TMROLE,address:192.168.23.128:8099,msg:< RegisterTMRequest{applicationId='search-service', transactionServiceGroup='hmall'} >
21:11:48:961  INFO 20372 --- [nacos-grpc-client-executor-5] com.alibaba.nacos.common.remote.client   : [cc14e8b6-6a07-4530-b7ec-c48980b3d790] Receive server push request, request = NotifySubscriberRequest, requestId = 14
21:11:48:973  INFO 20372 --- [nacos-grpc-client-executor-5] com.alibaba.nacos.common.remote.client   : [cc14e8b6-6a07-4530-b7ec-c48980b3d790] Ack server push request, request = NotifySubscriberRequest, requestId = 14
21:11:49:039  INFO 20372 --- [main] i.s.c.rpc.netty.TmNettyRemotingClient    : register TM success. client version:1.5.2, server version:1.5.2,channel:[id: 0x12796347, L:/192.168.23.1:62638 - R:/192.168.23.128:8099]
21:11:49:042  INFO 20372 --- [main] i.s.core.rpc.netty.NettyPoolableFactory  : register success, cost 34 ms, version:1.5.2,role:TMROLE,channel:[id: 0x12796347, L:/192.168.23.1:62638 - R:/192.168.23.128:8099]
21:11:49:043  INFO 20372 --- [main] i.s.s.a.GlobalTransactionScanner         : Transaction Manager Client is initialized. applicationId[search-service] txServiceGroup[hmall]
21:11:49:049  INFO 20372 --- [main] io.seata.rm.datasource.AsyncWorker       : Async Commit Buffer Limit: 10000
21:11:49:049  INFO 20372 --- [main] i.s.rm.datasource.xa.ResourceManagerXA   : ResourceManagerXA init ...
21:11:49:054  INFO 20372 --- [main] i.s.core.rpc.netty.NettyClientBootstrap  : NettyClientBootstrap has started
21:11:49:054  INFO 20372 --- [main] i.s.s.a.GlobalTransactionScanner         : Resource Manager is initialized. applicationId[search-service] txServiceGroup[hmall]
21:11:49:054  INFO 20372 --- [main] i.s.s.a.GlobalTransactionScanner         : Global Transaction Clients are initialized. 
21:11:49:055  INFO 20372 --- [main] trationDelegate$BeanPostProcessorChecker : Bean 'io.seata.spring.boot.autoconfigure.SeataDataSourceAutoConfiguration' of type [io.seata.spring.boot.autoconfigure.SeataDataSourceAutoConfiguration] is not eligible for getting processed by all BeanPostProcessors (for example: not eligible for auto-proxying)
21:11:49:110  INFO 20372 --- [main] trationDelegate$BeanPostProcessorChecker : Bean 'com.alibaba.cloud.seata.feign.SeataFeignClientAutoConfiguration$FeignBeanPostProcessorConfiguration' of type [com.alibaba.cloud.seata.feign.SeataFeignClientAutoConfiguration$FeignBeanPostProcessorConfiguration] is not eligible for getting processed by all BeanPostProcessors (for example: not eligible for auto-proxying)
21:11:49:112  INFO 20372 --- [main] trationDelegate$BeanPostProcessorChecker : Bean 'seataFeignObjectWrapper' of type [com.alibaba.cloud.seata.feign.SeataFeignObjectWrapper] is not eligible for getting processed by all BeanPostProcessors (for example: not eligible for auto-proxying)
21:11:49:280  INFO 20372 --- [main] o.s.b.w.embedded.tomcat.TomcatWebServer  : Tomcat initialized with port(s): 8087 (http)
21:11:49:287  INFO 20372 --- [main] o.apache.catalina.core.StandardService   : Starting service [Tomcat]
21:11:49:287  INFO 20372 --- [main] org.apache.catalina.core.StandardEngine  : Starting Servlet engine: [Apache Tomcat/9.0.75]
21:11:49:429  INFO 20372 --- [main] o.a.c.c.C.[Tomcat].[localhost].[/]       : Initializing Spring embedded WebApplicationContext
21:11:49:429  INFO 20372 --- [main] w.s.c.ServletWebServerApplicationContext : Root WebApplicationContext: initialization completed in 2224 ms
21:11:49:570  INFO 20372 --- [main] o.s.c.openfeign.FeignClientFactoryBean   : For 'item-service' URL not provided. Will try picking an instance via load-balancing.
21:11:49:846  INFO 20372 --- [main] o.s.c.openfeign.FeignClientFactoryBean   : For 'trade-service' URL not provided. Will try picking an instance via load-balancing.
21:11:49:948  INFO 20372 --- [main] com.zaxxer.hikari.HikariDataSource       : HikariPool-1 - Starting...
21:11:50:248  INFO 20372 --- [main] com.zaxxer.hikari.HikariDataSource       : HikariPool-1 - Start completed.
21:11:50:347  INFO 20372 --- [main] i.s.c.r.netty.NettyClientChannelManager  : will connect to 192.168.23.128:8099
21:11:50:347  INFO 20372 --- [main] i.s.c.rpc.netty.RmNettyRemotingClient    : RM will register :jdbc:mysql://192.168.23.128:3306/hm-item
21:11:50:348  INFO 20372 --- [main] i.s.core.rpc.netty.NettyPoolableFactory  : NettyPool create channel to transactionRole:RMROLE,address:192.168.23.128:8099,msg:< RegisterRMRequest{resourceIds='jdbc:mysql://192.168.23.128:3306/hm-item', applicationId='search-service', transactionServiceGroup='hmall'} >
21:11:50:356  INFO 20372 --- [main] i.s.c.rpc.netty.RmNettyRemotingClient    : register RM success. client version:1.5.2, server version:1.5.2,channel:[id: 0x25e52eb2, L:/192.168.23.1:54424 - R:/192.168.23.128:8099]
21:11:50:356  INFO 20372 --- [main] i.s.core.rpc.netty.NettyPoolableFactory  : register success, cost 6 ms, version:1.5.2,role:RMROLE,channel:[id: 0x25e52eb2, L:/192.168.23.1:54424 - R:/192.168.23.128:8099]
21:11:51:586  INFO 20372 --- [main] pertySourcedRequestMappingHandlerMapping : Mapped URL path [/v2/api-docs] onto method [springfox.documentation.swagger2.web.Swagger2ControllerWebMvc#getDocumentation(String, HttpServletRequest)]
21:11:52:216  INFO 20372 --- [main] com.alibaba.nacos.common.remote.client   : [RpcClientFactory] create a new rpc client of 49c8e2b0-0d43-4b79-9cc0-af8faeab3d68
21:11:52:216  INFO 20372 --- [main] com.alibaba.nacos.common.remote.client   : [49c8e2b0-0d43-4b79-9cc0-af8faeab3d68] RpcClient init label, labels = {module=naming, source=sdk}
21:11:52:217  INFO 20372 --- [main] com.alibaba.nacos.common.remote.client   : [49c8e2b0-0d43-4b79-9cc0-af8faeab3d68] RpcClient init, ServerListFactory = com.alibaba.nacos.client.naming.core.ServerListManager
21:11:52:217  INFO 20372 --- [main] com.alibaba.nacos.common.remote.client   : [49c8e2b0-0d43-4b79-9cc0-af8faeab3d68] Registry connection listener to current client:com.alibaba.nacos.client.naming.remote.gprc.redo.NamingGrpcRedoService
21:11:52:217  INFO 20372 --- [main] com.alibaba.nacos.common.remote.client   : [49c8e2b0-0d43-4b79-9cc0-af8faeab3d68] Register server push request handler:com.alibaba.nacos.client.naming.remote.gprc.NamingPushRequestHandler
21:11:52:217  INFO 20372 --- [main] com.alibaba.nacos.common.remote.client   : [49c8e2b0-0d43-4b79-9cc0-af8faeab3d68] Try to connect to server on start up, server: {serverIp = '192.168.23.128', server main port = 8848}
21:11:52:334  INFO 20372 --- [main] com.alibaba.nacos.common.remote.client   : [49c8e2b0-0d43-4b79-9cc0-af8faeab3d68] Success to connect to server [192.168.23.128:8848] on start up, connectionId = 1766063516879_192.168.23.1_49814
21:11:52:334  INFO 20372 --- [main] com.alibaba.nacos.common.remote.client   : [49c8e2b0-0d43-4b79-9cc0-af8faeab3d68] Register server push request handler:com.alibaba.nacos.common.remote.client.RpcClient$ConnectResetRequestHandler
21:11:52:334  INFO 20372 --- [com.alibaba.nacos.client.remote.worker] com.alibaba.nacos.common.remote.client   : [49c8e2b0-0d43-4b79-9cc0-af8faeab3d68] Notify connected event to listeners.
21:11:52:334  INFO 20372 --- [main] com.alibaba.nacos.common.remote.client   : [49c8e2b0-0d43-4b79-9cc0-af8faeab3d68] Register server push request handler:com.alibaba.nacos.common.remote.client.RpcClient$$Lambda$475/0x00000008403ef440
21:11:52:375  INFO 20372 --- [main] o.s.b.w.embedded.tomcat.TomcatWebServer  : Tomcat started on port(s): 8087 (http) with context path ''
21:11:52:381  INFO 20372 --- [main] c.a.c.n.registry.NacosServiceRegistry    : nacos registry, DEFAULT_GROUP search-service 192.168.15.1:8087 register finished
21:11:52:716  INFO 20372 --- [main] d.s.w.p.DocumentationPluginsBootstrapper : Documentation plugins bootstrapped
21:11:52:719  INFO 20372 --- [main] d.s.w.p.DocumentationPluginsBootstrapper : Found 1 custom documentation plugin(s)
21:11:52:739  INFO 20372 --- [main] s.d.s.w.s.ApiListingReferenceScanner     : Scanning for api listing references
21:11:52:792  INFO 20372 --- [main] .d.s.w.r.o.CachingOperationNameGenerator : Generating unique operation named: searchUsingGET_1
21:11:52:798  INFO 20372 --- [main] o.s.a.r.c.CachingConnectionFactory       : Attempting to connect to: [192.168.23.128:5672]
21:11:52:832  INFO 20372 --- [main] o.s.a.r.c.CachingConnectionFactory       : Created new connection: rabbitConnectionFactory#475b796d:0/SimpleConnection@6e21b6f8 [delegate=amqp://hmall@192.168.23.128:5672//hmall, localPort= 55832]
21:11:52:872  INFO 20372 --- [nacos-grpc-client-executor-8] com.alibaba.nacos.common.remote.client   : [49c8e2b0-0d43-4b79-9cc0-af8faeab3d68] Receive server push request, request = NotifySubscriberRequest, requestId = 15
21:11:52:882  INFO 20372 --- [nacos-grpc-client-executor-8] com.alibaba.nacos.common.remote.client   : [49c8e2b0-0d43-4b79-9cc0-af8faeab3d68] Ack server push request, request = NotifySubscriberRequest, requestId = 15
21:11:52:897  INFO 20372 --- [main] com.hmall.search.SearchApplication       : Started SearchApplication in 8.814 seconds (JVM running for 9.875)
21:11:52:902  INFO 20372 --- [main] c.a.c.n.refresh.NacosContextRefresher    : [Nacos Config] Listening config: dataId=search-service, group=DEFAULT_GROUP
21:11:52:902  INFO 20372 --- [main] c.a.c.n.refresh.NacosContextRefresher    : [Nacos Config] Listening config: dataId=search-service.yaml, group=DEFAULT_GROUP
21:11:52:902  INFO 20372 --- [main] c.a.c.n.refresh.NacosContextRefresher    : [Nacos Config] Listening config: dataId=search-service-local.yaml, group=DEFAULT_GROUP
21:15:28:549  WARN 20372 --- [Thread-5] c.a.nacos.common.notify.NotifyCenter     : [NotifyCenter] Start destroying Publisher
21:15:28:549  WARN 20372 --- [Thread-1] c.a.n.common.http.HttpClientBeanHolder   : [HttpClientBeanHolder] Start destroying common HttpClient
21:15:28:586  WARN 20372 --- [Thread-5] c.a.nacos.common.notify.NotifyCenter     : [NotifyCenter] Destruction of the end
21:15:28:602  WARN 20372 --- [Thread-1] c.a.n.common.http.HttpClientBeanHolder   : [HttpClientBeanHolder] Destruction of the end
21:15:28:906  INFO 20372 --- [org.springframework.amqp.rabbit.RabbitListenerEndpointContainer#0-2] o.s.a.r.l.SimpleMessageListenerContainer : Waiting for workers to finish.
21:15:28:908  INFO 20372 --- [org.springframework.amqp.rabbit.RabbitListenerEndpointContainer#1-2] o.s.a.r.l.SimpleMessageListenerContainer : Waiting for workers to finish.
21:15:29:096  INFO 20372 --- [org.springframework.amqp.rabbit.RabbitListenerEndpointContainer#1-2] o.s.a.r.l.SimpleMessageListenerContainer : Successfully waited for workers to finish.
21:15:29:096  INFO 20372 --- [org.springframework.amqp.rabbit.RabbitListenerEndpointContainer#0-2] o.s.a.r.l.SimpleMessageListenerContainer : Successfully waited for workers to finish.
21:15:29:478  INFO 20372 --- [SpringContextShutdownHook] c.a.c.n.registry.NacosServiceRegistry    : De-registering from Nacos Server now...
21:15:29:486  INFO 20372 --- [SpringContextShutdownHook] c.a.c.n.registry.NacosServiceRegistry    : De-registration finished.
21:15:29:816  INFO 20372 --- [SpringContextShutdownHook] com.alibaba.nacos.common.remote.client   : Shutdown rpc client, set status to shutdown
21:15:29:816  INFO 20372 --- [SpringContextShutdownHook] com.alibaba.nacos.common.remote.client   : Shutdown client event executor java.util.concurrent.ScheduledThreadPoolExecutor@7c1a7c93[Running, pool size = 2, active threads = 2, queued tasks = 0, completed tasks = 0]
21:15:29:817  INFO 20372 --- [SpringContextShutdownHook] com.alibaba.nacos.common.remote.client   : Close current connection 1766063516879_192.168.23.1_49814
21:15:29:819  INFO 20372 --- [nacos-grpc-client-executor-55] c.a.n.c.remote.client.grpc.GrpcClient    : [1766063516879_192.168.23.1_49814]Ignore complete event,isRunning:false,isAbandon=false
21:15:29:835  INFO 20372 --- [SpringContextShutdownHook] c.a.n.c.remote.client.grpc.GrpcClient    : Shutdown grpc executor java.util.concurrent.ThreadPoolExecutor@e27d9f2[Running, pool size = 5, active threads = 0, queued tasks = 0, completed tasks = 56]
21:15:29:845  INFO 20372 --- [SpringContextShutdownHook] com.zaxxer.hikari.HikariDataSource       : HikariPool-1 - Shutdown initiated...
21:15:29:892  INFO 20372 --- [SpringContextShutdownHook] com.zaxxer.hikari.HikariDataSource       : HikariPool-1 - Shutdown completed.
21:15:29:893  INFO 20372 --- [SpringContextShutdownHook] o.s.a.r.l.SimpleMessageListenerContainer : Shutdown ignored - container is already stopped
21:15:29:893  INFO 20372 --- [SpringContextShutdownHook] o.s.a.r.l.SimpleMessageListenerContainer : Shutdown ignored - container is already stopped
21:15:29:929  INFO 20372 --- [NettyClientSelector_RMROLE_1_1] i.s.c.r.n.AbstractNettyRemotingClient    : channel inactive: [id: 0x25e52eb2, L:/192.168.23.1:54424 ! R:/192.168.23.128:8099]
21:15:29:931  INFO 20372 --- [NettyClientSelector_RMROLE_1_1] i.s.c.r.netty.NettyClientChannelManager  : return to pool, rm channel:[id: 0x25e52eb2, L:/192.168.23.1:54424 ! R:/192.168.23.128:8099]
21:15:29:932  INFO 20372 --- [NettyClientSelector_RMROLE_1_1] i.s.core.rpc.netty.NettyPoolableFactory  : channel valid false,channel:[id: 0x25e52eb2, L:/192.168.23.1:54424 ! R:/192.168.23.128:8099]
21:15:29:933  INFO 20372 --- [NettyClientSelector_RMROLE_1_1] i.s.core.rpc.netty.NettyPoolableFactory  : will destroy channel:[id: 0x25e52eb2, L:/192.168.23.1:54424 ! R:/192.168.23.128:8099]
21:15:29:934  INFO 20372 --- [NettyClientSelector_RMROLE_1_1] i.s.c.r.n.AbstractNettyRemotingClient    : ChannelHandlerContext(AbstractNettyRemotingClient$ClientHandler#0, [id: 0x25e52eb2, L:/192.168.23.1:54424 ! R:/192.168.23.128:8099]) will closed
21:15:29:935  INFO 20372 --- [NettyClientSelector_RMROLE_1_1] i.s.c.r.n.AbstractNettyRemotingClient    : ChannelHandlerContext(AbstractNettyRemotingClient$ClientHandler#0, [id: 0x25e52eb2, L:/192.168.23.1:54424 ! R:/192.168.23.128:8099]) will closed
21:15:38:245  INFO 52396 --- [main] com.hmall.search.SearchApplication       : The following 1 profile is active: "local"
21:15:38:951  INFO 52396 --- [main] o.s.cloud.context.scope.GenericScope     : BeanFactory id=e59cb67c-5044-3b68-b0d2-a7f38eef80e7
21:15:38:989  INFO 52396 --- [main] trationDelegate$BeanPostProcessorChecker : Bean 'io.seata.spring.boot.autoconfigure.SeataCoreAutoConfiguration' of type [io.seata.spring.boot.autoconfigure.SeataCoreAutoConfiguration] is not eligible for getting processed by all BeanPostProcessors (for example: not eligible for auto-proxying)
21:15:38:989  INFO 52396 --- [main] trationDelegate$BeanPostProcessorChecker : Bean 'springApplicationContextProvider' of type [io.seata.spring.boot.autoconfigure.provider.SpringApplicationContextProvider] is not eligible for getting processed by all BeanPostProcessors (for example: not eligible for auto-proxying)
21:15:38:989  INFO 52396 --- [main] trationDelegate$BeanPostProcessorChecker : Bean 'io.seata.spring.boot.autoconfigure.SeataAutoConfiguration' of type [io.seata.spring.boot.autoconfigure.SeataAutoConfiguration] is not eligible for getting processed by all BeanPostProcessors (for example: not eligible for auto-proxying)
21:15:39:015  INFO 52396 --- [main] trationDelegate$BeanPostProcessorChecker : Bean 'failureHandler' of type [io.seata.tm.api.DefaultFailureHandlerImpl] is not eligible for getting processed by all BeanPostProcessors (for example: not eligible for auto-proxying)
21:15:39:017  INFO 52396 --- [main] trationDelegate$BeanPostProcessorChecker : Bean 'org.springframework.cloud.commons.config.CommonsConfigAutoConfiguration' of type [org.springframework.cloud.commons.config.CommonsConfigAutoConfiguration] is not eligible for getting processed by all BeanPostProcessors (for example: not eligible for auto-proxying)
21:15:39:017  INFO 52396 --- [main] trationDelegate$BeanPostProcessorChecker : Bean 'org.springframework.cloud.client.loadbalancer.LoadBalancerDefaultMappingsProviderAutoConfiguration' of type [org.springframework.cloud.client.loadbalancer.LoadBalancerDefaultMappingsProviderAutoConfiguration] is not eligible for getting processed by all BeanPostProcessors (for example: not eligible for auto-proxying)
21:15:39:017  INFO 52396 --- [main] trationDelegate$BeanPostProcessorChecker : Bean 'loadBalancerClientsDefaultsMappingsProvider' of type [org.springframework.cloud.client.loadbalancer.LoadBalancerDefaultMappingsProviderAutoConfiguration$$Lambda$569/0x00000008405d7c40] is not eligible for getting processed by all BeanPostProcessors (for example: not eligible for auto-proxying)
21:15:39:018  INFO 52396 --- [main] trationDelegate$BeanPostProcessorChecker : Bean 'defaultsBindHandlerAdvisor' of type [org.springframework.cloud.commons.config.DefaultsBindHandlerAdvisor] is not eligible for getting processed by all BeanPostProcessors (for example: not eligible for auto-proxying)
21:15:39:020  INFO 52396 --- [main] trationDelegate$BeanPostProcessorChecker : Bean 'springCloudAlibabaConfiguration' of type [io.seata.spring.boot.autoconfigure.properties.SpringCloudAlibabaConfiguration] is not eligible for getting processed by all BeanPostProcessors (for example: not eligible for auto-proxying)
21:15:39:021  INFO 52396 --- [main] trationDelegate$BeanPostProcessorChecker : Bean 'seataProperties' of type [io.seata.spring.boot.autoconfigure.properties.SeataProperties] is not eligible for getting processed by all BeanPostProcessors (for example: not eligible for auto-proxying)
21:15:39:022  INFO 52396 --- [main] i.s.s.b.a.SeataAutoConfiguration         : Automatically configure Seata
21:15:39:055  INFO 52396 --- [main] io.seata.config.ConfigurationFactory     : load Configuration from :Spring Configuration
21:15:39:057  INFO 52396 --- [main] io.seata.config.ConfigurationFactory     : load Configuration from :Spring Configuration
21:15:39:090  INFO 52396 --- [main] i.s.s.a.GlobalTransactionScanner         : Initializing Global Transaction Clients ... 
21:15:39:145  INFO 52396 --- [main] i.s.core.rpc.netty.NettyClientBootstrap  : NettyClientBootstrap has started
21:15:39:245  INFO 52396 --- [main] com.alibaba.nacos.common.remote.client   : [RpcClientFactory] create a new rpc client of 174ec88d-8fac-437d-b923-cec308bdf4dc
21:15:39:246  INFO 52396 --- [main] com.alibaba.nacos.common.remote.client   : [174ec88d-8fac-437d-b923-cec308bdf4dc] RpcClient init label, labels = {module=naming, source=sdk}
21:15:39:246  INFO 52396 --- [main] com.alibaba.nacos.common.remote.client   : [174ec88d-8fac-437d-b923-cec308bdf4dc] RpcClient init, ServerListFactory = com.alibaba.nacos.client.naming.core.ServerListManager
21:15:39:246  INFO 52396 --- [main] com.alibaba.nacos.common.remote.client   : [174ec88d-8fac-437d-b923-cec308bdf4dc] Registry connection listener to current client:com.alibaba.nacos.client.naming.remote.gprc.redo.NamingGrpcRedoService
21:15:39:246  INFO 52396 --- [main] com.alibaba.nacos.common.remote.client   : [174ec88d-8fac-437d-b923-cec308bdf4dc] Register server push request handler:com.alibaba.nacos.client.naming.remote.gprc.NamingPushRequestHandler
21:15:39:247  INFO 52396 --- [main] com.alibaba.nacos.common.remote.client   : [174ec88d-8fac-437d-b923-cec308bdf4dc] Try to connect to server on start up, server: {serverIp = '192.168.23.128', server main port = 8848}
21:15:39:366  INFO 52396 --- [main] com.alibaba.nacos.common.remote.client   : [174ec88d-8fac-437d-b923-cec308bdf4dc] Success to connect to server [192.168.23.128:8848] on start up, connectionId = 1766063743912_192.168.23.1_62932
21:15:39:367  INFO 52396 --- [main] com.alibaba.nacos.common.remote.client   : [174ec88d-8fac-437d-b923-cec308bdf4dc] Register server push request handler:com.alibaba.nacos.common.remote.client.RpcClient$ConnectResetRequestHandler
21:15:39:367  INFO 52396 --- [main] com.alibaba.nacos.common.remote.client   : [174ec88d-8fac-437d-b923-cec308bdf4dc] Register server push request handler:com.alibaba.nacos.common.remote.client.RpcClient$$Lambda$475/0x00000008403ef440
21:15:39:367  INFO 52396 --- [com.alibaba.nacos.client.remote.worker] com.alibaba.nacos.common.remote.client   : [174ec88d-8fac-437d-b923-cec308bdf4dc] Notify connected event to listeners.
21:15:39:405  INFO 52396 --- [main] i.s.c.r.netty.NettyClientChannelManager  : will connect to 192.168.23.128:8099
21:15:39:646  INFO 52396 --- [main] i.s.core.rpc.netty.NettyPoolableFactory  : NettyPool create channel to transactionRole:TMROLE,address:192.168.23.128:8099,msg:< RegisterTMRequest{applicationId='search-service', transactionServiceGroup='hmall'} >
21:15:39:899  INFO 52396 --- [nacos-grpc-client-executor-4] com.alibaba.nacos.common.remote.client   : [174ec88d-8fac-437d-b923-cec308bdf4dc] Receive server push request, request = NotifySubscriberRequest, requestId = 16
21:15:39:908  INFO 52396 --- [nacos-grpc-client-executor-4] com.alibaba.nacos.common.remote.client   : [174ec88d-8fac-437d-b923-cec308bdf4dc] Ack server push request, request = NotifySubscriberRequest, requestId = 16
21:15:39:961  INFO 52396 --- [main] i.s.c.rpc.netty.TmNettyRemotingClient    : register TM success. client version:1.5.2, server version:1.5.2,channel:[id: 0xd94f6ab8, L:/192.168.23.1:62936 - R:/192.168.23.128:8099]
21:15:39:964  INFO 52396 --- [main] i.s.core.rpc.netty.NettyPoolableFactory  : register success, cost 38 ms, version:1.5.2,role:TMROLE,channel:[id: 0xd94f6ab8, L:/192.168.23.1:62936 - R:/192.168.23.128:8099]
21:15:39:965  INFO 52396 --- [main] i.s.s.a.GlobalTransactionScanner         : Transaction Manager Client is initialized. applicationId[search-service] txServiceGroup[hmall]
21:15:39:971  INFO 52396 --- [main] io.seata.rm.datasource.AsyncWorker       : Async Commit Buffer Limit: 10000
21:15:39:972  INFO 52396 --- [main] i.s.rm.datasource.xa.ResourceManagerXA   : ResourceManagerXA init ...
21:15:39:978  INFO 52396 --- [main] i.s.core.rpc.netty.NettyClientBootstrap  : NettyClientBootstrap has started
21:15:39:978  INFO 52396 --- [main] i.s.s.a.GlobalTransactionScanner         : Resource Manager is initialized. applicationId[search-service] txServiceGroup[hmall]
21:15:39:978  INFO 52396 --- [main] i.s.s.a.GlobalTransactionScanner         : Global Transaction Clients are initialized. 
21:15:39:978  INFO 52396 --- [main] trationDelegate$BeanPostProcessorChecker : Bean 'io.seata.spring.boot.autoconfigure.SeataDataSourceAutoConfiguration' of type [io.seata.spring.boot.autoconfigure.SeataDataSourceAutoConfiguration] is not eligible for getting processed by all BeanPostProcessors (for example: not eligible for auto-proxying)
21:15:40:037  INFO 52396 --- [main] trationDelegate$BeanPostProcessorChecker : Bean 'com.alibaba.cloud.seata.feign.SeataFeignClientAutoConfiguration$FeignBeanPostProcessorConfiguration' of type [com.alibaba.cloud.seata.feign.SeataFeignClientAutoConfiguration$FeignBeanPostProcessorConfiguration] is not eligible for getting processed by all BeanPostProcessors (for example: not eligible for auto-proxying)
21:15:40:040  INFO 52396 --- [main] trationDelegate$BeanPostProcessorChecker : Bean 'seataFeignObjectWrapper' of type [com.alibaba.cloud.seata.feign.SeataFeignObjectWrapper] is not eligible for getting processed by all BeanPostProcessors (for example: not eligible for auto-proxying)
21:15:40:201  INFO 52396 --- [main] o.s.b.w.embedded.tomcat.TomcatWebServer  : Tomcat initialized with port(s): 8087 (http)
21:15:40:218  INFO 52396 --- [main] o.apache.catalina.core.StandardService   : Starting service [Tomcat]
21:15:40:218  INFO 52396 --- [main] org.apache.catalina.core.StandardEngine  : Starting Servlet engine: [Apache Tomcat/9.0.75]
21:15:40:357  INFO 52396 --- [main] o.a.c.c.C.[Tomcat].[localhost].[/]       : Initializing Spring embedded WebApplicationContext
21:15:40:357  INFO 52396 --- [main] w.s.c.ServletWebServerApplicationContext : Root WebApplicationContext: initialization completed in 2092 ms
21:15:40:507  INFO 52396 --- [main] o.s.c.openfeign.FeignClientFactoryBean   : For 'item-service' URL not provided. Will try picking an instance via load-balancing.
21:15:40:801  INFO 52396 --- [main] o.s.c.openfeign.FeignClientFactoryBean   : For 'trade-service' URL not provided. Will try picking an instance via load-balancing.
21:15:40:903  INFO 52396 --- [main] com.zaxxer.hikari.HikariDataSource       : HikariPool-1 - Starting...
21:15:41:112  INFO 52396 --- [main] com.zaxxer.hikari.HikariDataSource       : HikariPool-1 - Start completed.
21:15:41:173  INFO 52396 --- [main] i.s.c.r.netty.NettyClientChannelManager  : will connect to 192.168.23.128:8099
21:15:41:173  INFO 52396 --- [main] i.s.c.rpc.netty.RmNettyRemotingClient    : RM will register :jdbc:mysql://192.168.23.128:3306/hm-item
21:15:41:174  INFO 52396 --- [main] i.s.core.rpc.netty.NettyPoolableFactory  : NettyPool create channel to transactionRole:RMROLE,address:192.168.23.128:8099,msg:< RegisterRMRequest{resourceIds='jdbc:mysql://192.168.23.128:3306/hm-item', applicationId='search-service', transactionServiceGroup='hmall'} >
21:15:41:180  INFO 52396 --- [main] i.s.c.rpc.netty.RmNettyRemotingClient    : register RM success. client version:1.5.2, server version:1.5.2,channel:[id: 0xa1cdc99a, L:/192.168.23.1:63009 - R:/192.168.23.128:8099]
21:15:41:181  INFO 52396 --- [main] i.s.core.rpc.netty.NettyPoolableFactory  : register success, cost 5 ms, version:1.5.2,role:RMROLE,channel:[id: 0xa1cdc99a, L:/192.168.23.1:63009 - R:/192.168.23.128:8099]
21:15:42:365  INFO 52396 --- [main] pertySourcedRequestMappingHandlerMapping : Mapped URL path [/v2/api-docs] onto method [springfox.documentation.swagger2.web.Swagger2ControllerWebMvc#getDocumentation(String, HttpServletRequest)]
21:15:42:975  INFO 52396 --- [main] com.alibaba.nacos.common.remote.client   : [RpcClientFactory] create a new rpc client of 253dbfc2-18d9-4704-abd8-a9a25f1f8a58
21:15:42:975  INFO 52396 --- [main] com.alibaba.nacos.common.remote.client   : [253dbfc2-18d9-4704-abd8-a9a25f1f8a58] RpcClient init label, labels = {module=naming, source=sdk}
21:15:42:975  INFO 52396 --- [main] com.alibaba.nacos.common.remote.client   : [253dbfc2-18d9-4704-abd8-a9a25f1f8a58] RpcClient init, ServerListFactory = com.alibaba.nacos.client.naming.core.ServerListManager
21:15:42:976  INFO 52396 --- [main] com.alibaba.nacos.common.remote.client   : [253dbfc2-18d9-4704-abd8-a9a25f1f8a58] Registry connection listener to current client:com.alibaba.nacos.client.naming.remote.gprc.redo.NamingGrpcRedoService
21:15:42:976  INFO 52396 --- [main] com.alibaba.nacos.common.remote.client   : [253dbfc2-18d9-4704-abd8-a9a25f1f8a58] Register server push request handler:com.alibaba.nacos.client.naming.remote.gprc.NamingPushRequestHandler
21:15:42:976  INFO 52396 --- [main] com.alibaba.nacos.common.remote.client   : [253dbfc2-18d9-4704-abd8-a9a25f1f8a58] Try to connect to server on start up, server: {serverIp = '192.168.23.128', server main port = 8848}
21:15:43:098  INFO 52396 --- [main] com.alibaba.nacos.common.remote.client   : [253dbfc2-18d9-4704-abd8-a9a25f1f8a58] Success to connect to server [192.168.23.128:8848] on start up, connectionId = 1766063747639_192.168.23.1_63159
21:15:43:098  INFO 52396 --- [main] com.alibaba.nacos.common.remote.client   : [253dbfc2-18d9-4704-abd8-a9a25f1f8a58] Register server push request handler:com.alibaba.nacos.common.remote.client.RpcClient$ConnectResetRequestHandler
21:15:43:098  INFO 52396 --- [com.alibaba.nacos.client.remote.worker] com.alibaba.nacos.common.remote.client   : [253dbfc2-18d9-4704-abd8-a9a25f1f8a58] Notify connected event to listeners.
21:15:43:098  INFO 52396 --- [main] com.alibaba.nacos.common.remote.client   : [253dbfc2-18d9-4704-abd8-a9a25f1f8a58] Register server push request handler:com.alibaba.nacos.common.remote.client.RpcClient$$Lambda$475/0x00000008403ef440
21:15:43:124  INFO 52396 --- [main] o.s.b.w.embedded.tomcat.TomcatWebServer  : Tomcat started on port(s): 8087 (http) with context path ''
21:15:43:130  INFO 52396 --- [main] c.a.c.n.registry.NacosServiceRegistry    : nacos registry, DEFAULT_GROUP search-service 192.168.15.1:8087 register finished
21:15:43:450  INFO 52396 --- [main] d.s.w.p.DocumentationPluginsBootstrapper : Documentation plugins bootstrapped
21:15:43:452  INFO 52396 --- [main] d.s.w.p.DocumentationPluginsBootstrapper : Found 1 custom documentation plugin(s)
21:15:43:466  INFO 52396 --- [main] s.d.s.w.s.ApiListingReferenceScanner     : Scanning for api listing references
21:15:43:515  INFO 52396 --- [main] .d.s.w.r.o.CachingOperationNameGenerator : Generating unique operation named: searchUsingGET_1
21:15:43:522  INFO 52396 --- [main] o.s.a.r.c.CachingConnectionFactory       : Attempting to connect to: [192.168.23.128:5672]
21:15:43:552  INFO 52396 --- [main] o.s.a.r.c.CachingConnectionFactory       : Created new connection: rabbitConnectionFactory#7ae97a58:0/SimpleConnection@e8ef60b [delegate=amqp://hmall@192.168.23.128:5672//hmall, localPort= 63168]
21:15:43:599  INFO 52396 --- [main] com.hmall.search.SearchApplication       : Started SearchApplication in 8.647 seconds (JVM running for 9.485)
21:15:43:603  INFO 52396 --- [main] c.a.c.n.refresh.NacosContextRefresher    : [Nacos Config] Listening config: dataId=search-service, group=DEFAULT_GROUP
21:15:43:604  INFO 52396 --- [main] c.a.c.n.refresh.NacosContextRefresher    : [Nacos Config] Listening config: dataId=search-service.yaml, group=DEFAULT_GROUP
21:15:43:604  INFO 52396 --- [nacos-grpc-client-executor-6] com.alibaba.nacos.common.remote.client   : [253dbfc2-18d9-4704-abd8-a9a25f1f8a58] Receive server push request, request = NotifySubscriberRequest, requestId = 17
21:15:43:604  INFO 52396 --- [main] c.a.c.n.refresh.NacosContextRefresher    : [Nacos Config] Listening config: dataId=search-service-local.yaml, group=DEFAULT_GROUP
21:15:43:615  INFO 52396 --- [nacos-grpc-client-executor-6] com.alibaba.nacos.common.remote.client   : [253dbfc2-18d9-4704-abd8-a9a25f1f8a58] Ack server push request, request = NotifySubscriberRequest, requestId = 17
21:18:20:649  WARN 52396 --- [Thread-5] c.a.nacos.common.notify.NotifyCenter     : [NotifyCenter] Start destroying Publisher
21:18:20:649  WARN 52396 --- [Thread-1] c.a.n.common.http.HttpClientBeanHolder   : [HttpClientBeanHolder] Start destroying common HttpClient
21:18:20:672  WARN 52396 --- [Thread-5] c.a.nacos.common.notify.NotifyCenter     : [NotifyCenter] Destruction of the end
21:18:20:684  WARN 52396 --- [Thread-1] c.a.n.common.http.HttpClientBeanHolder   : [HttpClientBeanHolder] Destruction of the end
21:18:20:904  INFO 52396 --- [org.springframework.amqp.rabbit.RabbitListenerEndpointContainer#0-2] o.s.a.r.l.SimpleMessageListenerContainer : Waiting for workers to finish.
21:18:20:905  INFO 52396 --- [org.springframework.amqp.rabbit.RabbitListenerEndpointContainer#1-2] o.s.a.r.l.SimpleMessageListenerContainer : Waiting for workers to finish.
21:18:21:552  INFO 52396 --- [org.springframework.amqp.rabbit.RabbitListenerEndpointContainer#1-2] o.s.a.r.l.SimpleMessageListenerContainer : Successfully waited for workers to finish.
21:18:21:552  INFO 52396 --- [org.springframework.amqp.rabbit.RabbitListenerEndpointContainer#0-2] o.s.a.r.l.SimpleMessageListenerContainer : Successfully waited for workers to finish.
21:18:21:931  INFO 52396 --- [SpringContextShutdownHook] c.a.c.n.registry.NacosServiceRegistry    : De-registering from Nacos Server now...
21:18:21:938  INFO 52396 --- [SpringContextShutdownHook] c.a.c.n.registry.NacosServiceRegistry    : De-registration finished.
21:18:22:278  INFO 52396 --- [SpringContextShutdownHook] com.alibaba.nacos.common.remote.client   : Shutdown rpc client, set status to shutdown
21:18:22:279  INFO 52396 --- [SpringContextShutdownHook] com.alibaba.nacos.common.remote.client   : Shutdown client event executor java.util.concurrent.ScheduledThreadPoolExecutor@42b6d211[Running, pool size = 2, active threads = 2, queued tasks = 0, completed tasks = 0]
21:18:22:279  INFO 52396 --- [SpringContextShutdownHook] com.alibaba.nacos.common.remote.client   : Close current connection 1766063747639_192.168.23.1_63159
21:18:22:281  INFO 52396 --- [nacos-grpc-client-executor-41] c.a.n.c.remote.client.grpc.GrpcClient    : [1766063747639_192.168.23.1_63159]Ignore complete event,isRunning:false,isAbandon=false
21:18:22:299  INFO 52396 --- [SpringContextShutdownHook] c.a.n.c.remote.client.grpc.GrpcClient    : Shutdown grpc executor java.util.concurrent.ThreadPoolExecutor@24014da9[Running, pool size = 5, active threads = 0, queued tasks = 0, completed tasks = 42]
21:18:22:309  INFO 52396 --- [SpringContextShutdownHook] com.zaxxer.hikari.HikariDataSource       : HikariPool-1 - Shutdown initiated...
21:18:22:353  INFO 52396 --- [SpringContextShutdownHook] com.zaxxer.hikari.HikariDataSource       : HikariPool-1 - Shutdown completed.
21:18:22:354  INFO 52396 --- [SpringContextShutdownHook] o.s.a.r.l.SimpleMessageListenerContainer : Shutdown ignored - container is already stopped
21:18:22:354  INFO 52396 --- [SpringContextShutdownHook] o.s.a.r.l.SimpleMessageListenerContainer : Shutdown ignored - container is already stopped
21:18:33:194  INFO 49096 --- [main] com.hmall.search.SearchApplication       : The following 1 profile is active: "local"
21:18:34:049  INFO 49096 --- [main] o.s.cloud.context.scope.GenericScope     : BeanFactory id=e59cb67c-5044-3b68-b0d2-a7f38eef80e7
21:18:34:096  INFO 49096 --- [main] trationDelegate$BeanPostProcessorChecker : Bean 'io.seata.spring.boot.autoconfigure.SeataCoreAutoConfiguration' of type [io.seata.spring.boot.autoconfigure.SeataCoreAutoConfiguration] is not eligible for getting processed by all BeanPostProcessors (for example: not eligible for auto-proxying)
21:18:34:096  INFO 49096 --- [main] trationDelegate$BeanPostProcessorChecker : Bean 'springApplicationContextProvider' of type [io.seata.spring.boot.autoconfigure.provider.SpringApplicationContextProvider] is not eligible for getting processed by all BeanPostProcessors (for example: not eligible for auto-proxying)
21:18:34:096  INFO 49096 --- [main] trationDelegate$BeanPostProcessorChecker : Bean 'io.seata.spring.boot.autoconfigure.SeataAutoConfiguration' of type [io.seata.spring.boot.autoconfigure.SeataAutoConfiguration] is not eligible for getting processed by all BeanPostProcessors (for example: not eligible for auto-proxying)
21:18:34:122  INFO 49096 --- [main] trationDelegate$BeanPostProcessorChecker : Bean 'failureHandler' of type [io.seata.tm.api.DefaultFailureHandlerImpl] is not eligible for getting processed by all BeanPostProcessors (for example: not eligible for auto-proxying)
21:18:34:124  INFO 49096 --- [main] trationDelegate$BeanPostProcessorChecker : Bean 'org.springframework.cloud.commons.config.CommonsConfigAutoConfiguration' of type [org.springframework.cloud.commons.config.CommonsConfigAutoConfiguration] is not eligible for getting processed by all BeanPostProcessors (for example: not eligible for auto-proxying)
21:18:34:125  INFO 49096 --- [main] trationDelegate$BeanPostProcessorChecker : Bean 'org.springframework.cloud.client.loadbalancer.LoadBalancerDefaultMappingsProviderAutoConfiguration' of type [org.springframework.cloud.client.loadbalancer.LoadBalancerDefaultMappingsProviderAutoConfiguration] is not eligible for getting processed by all BeanPostProcessors (for example: not eligible for auto-proxying)
21:18:34:125  INFO 49096 --- [main] trationDelegate$BeanPostProcessorChecker : Bean 'loadBalancerClientsDefaultsMappingsProvider' of type [org.springframework.cloud.client.loadbalancer.LoadBalancerDefaultMappingsProviderAutoConfiguration$$Lambda$568/0x00000008405bac40] is not eligible for getting processed by all BeanPostProcessors (for example: not eligible for auto-proxying)
21:18:34:125  INFO 49096 --- [main] trationDelegate$BeanPostProcessorChecker : Bean 'defaultsBindHandlerAdvisor' of type [org.springframework.cloud.commons.config.DefaultsBindHandlerAdvisor] is not eligible for getting processed by all BeanPostProcessors (for example: not eligible for auto-proxying)
21:18:34:128  INFO 49096 --- [main] trationDelegate$BeanPostProcessorChecker : Bean 'springCloudAlibabaConfiguration' of type [io.seata.spring.boot.autoconfigure.properties.SpringCloudAlibabaConfiguration] is not eligible for getting processed by all BeanPostProcessors (for example: not eligible for auto-proxying)
21:18:34:130  INFO 49096 --- [main] trationDelegate$BeanPostProcessorChecker : Bean 'seataProperties' of type [io.seata.spring.boot.autoconfigure.properties.SeataProperties] is not eligible for getting processed by all BeanPostProcessors (for example: not eligible for auto-proxying)
21:18:34:132  INFO 49096 --- [main] i.s.s.b.a.SeataAutoConfiguration         : Automatically configure Seata
21:18:34:169  INFO 49096 --- [main] io.seata.config.ConfigurationFactory     : load Configuration from :Spring Configuration
21:18:34:173  INFO 49096 --- [main] io.seata.config.ConfigurationFactory     : load Configuration from :Spring Configuration
21:18:34:217  INFO 49096 --- [main] i.s.s.a.GlobalTransactionScanner         : Initializing Global Transaction Clients ... 
21:18:34:257  INFO 49096 --- [main] i.s.core.rpc.netty.NettyClientBootstrap  : NettyClientBootstrap has started
21:18:34:358  INFO 49096 --- [main] com.alibaba.nacos.common.remote.client   : [RpcClientFactory] create a new rpc client of ade68c2e-6684-4ffc-9d3a-d0840e3d7061
21:18:34:358  INFO 49096 --- [main] com.alibaba.nacos.common.remote.client   : [ade68c2e-6684-4ffc-9d3a-d0840e3d7061] RpcClient init label, labels = {module=naming, source=sdk}
21:18:34:360  INFO 49096 --- [main] com.alibaba.nacos.common.remote.client   : [ade68c2e-6684-4ffc-9d3a-d0840e3d7061] RpcClient init, ServerListFactory = com.alibaba.nacos.client.naming.core.ServerListManager
21:18:34:360  INFO 49096 --- [main] com.alibaba.nacos.common.remote.client   : [ade68c2e-6684-4ffc-9d3a-d0840e3d7061] Registry connection listener to current client:com.alibaba.nacos.client.naming.remote.gprc.redo.NamingGrpcRedoService
21:18:34:360  INFO 49096 --- [main] com.alibaba.nacos.common.remote.client   : [ade68c2e-6684-4ffc-9d3a-d0840e3d7061] Register server push request handler:com.alibaba.nacos.client.naming.remote.gprc.NamingPushRequestHandler
21:18:34:360  INFO 49096 --- [main] com.alibaba.nacos.common.remote.client   : [ade68c2e-6684-4ffc-9d3a-d0840e3d7061] Try to connect to server on start up, server: {serverIp = '192.168.23.128', server main port = 8848}
21:18:34:485  INFO 49096 --- [main] com.alibaba.nacos.common.remote.client   : [ade68c2e-6684-4ffc-9d3a-d0840e3d7061] Success to connect to server [192.168.23.128:8848] on start up, connectionId = 1766063919023_192.168.23.1_62903
21:18:34:485  INFO 49096 --- [main] com.alibaba.nacos.common.remote.client   : [ade68c2e-6684-4ffc-9d3a-d0840e3d7061] Register server push request handler:com.alibaba.nacos.common.remote.client.RpcClient$ConnectResetRequestHandler
21:18:34:485  INFO 49096 --- [main] com.alibaba.nacos.common.remote.client   : [ade68c2e-6684-4ffc-9d3a-d0840e3d7061] Register server push request handler:com.alibaba.nacos.common.remote.client.RpcClient$$Lambda$474/0x0000000840383c40
21:18:34:485  INFO 49096 --- [com.alibaba.nacos.client.remote.worker] com.alibaba.nacos.common.remote.client   : [ade68c2e-6684-4ffc-9d3a-d0840e3d7061] Notify connected event to listeners.
21:18:34:524  INFO 49096 --- [main] i.s.c.r.netty.NettyClientChannelManager  : will connect to 192.168.23.128:8099
21:18:34:814  INFO 49096 --- [main] i.s.core.rpc.netty.NettyPoolableFactory  : NettyPool create channel to transactionRole:TMROLE,address:192.168.23.128:8099,msg:< RegisterTMRequest{applicationId='search-service', transactionServiceGroup='hmall'} >
21:18:35:104  INFO 49096 --- [nacos-grpc-client-executor-5] com.alibaba.nacos.common.remote.client   : [ade68c2e-6684-4ffc-9d3a-d0840e3d7061] Receive server push request, request = NotifySubscriberRequest, requestId = 21
21:18:35:115  INFO 49096 --- [nacos-grpc-client-executor-5] com.alibaba.nacos.common.remote.client   : [ade68c2e-6684-4ffc-9d3a-d0840e3d7061] Ack server push request, request = NotifySubscriberRequest, requestId = 21
21:18:35:183  INFO 49096 --- [main] i.s.c.rpc.netty.TmNettyRemotingClient    : register TM success. client version:1.5.2, server version:1.5.2,channel:[id: 0x396bbbdb, L:/192.168.23.1:62905 - R:/192.168.23.128:8099]
21:18:35:187  INFO 49096 --- [main] i.s.core.rpc.netty.NettyPoolableFactory  : register success, cost 47 ms, version:1.5.2,role:TMROLE,channel:[id: 0x396bbbdb, L:/192.168.23.1:62905 - R:/192.168.23.128:8099]
21:18:35:188  INFO 49096 --- [main] i.s.s.a.GlobalTransactionScanner         : Transaction Manager Client is initialized. applicationId[search-service] txServiceGroup[hmall]
21:18:35:195  INFO 49096 --- [main] io.seata.rm.datasource.AsyncWorker       : Async Commit Buffer Limit: 10000
21:18:35:195  INFO 49096 --- [main] i.s.rm.datasource.xa.ResourceManagerXA   : ResourceManagerXA init ...
21:18:35:201  INFO 49096 --- [main] i.s.core.rpc.netty.NettyClientBootstrap  : NettyClientBootstrap has started
21:18:35:201  INFO 49096 --- [main] i.s.s.a.GlobalTransactionScanner         : Resource Manager is initialized. applicationId[search-service] txServiceGroup[hmall]
21:18:35:201  INFO 49096 --- [main] i.s.s.a.GlobalTransactionScanner         : Global Transaction Clients are initialized. 
21:18:35:203  INFO 49096 --- [main] trationDelegate$BeanPostProcessorChecker : Bean 'io.seata.spring.boot.autoconfigure.SeataDataSourceAutoConfiguration' of type [io.seata.spring.boot.autoconfigure.SeataDataSourceAutoConfiguration] is not eligible for getting processed by all BeanPostProcessors (for example: not eligible for auto-proxying)
21:18:35:270  INFO 49096 --- [main] trationDelegate$BeanPostProcessorChecker : Bean 'com.alibaba.cloud.seata.feign.SeataFeignClientAutoConfiguration$FeignBeanPostProcessorConfiguration' of type [com.alibaba.cloud.seata.feign.SeataFeignClientAutoConfiguration$FeignBeanPostProcessorConfiguration] is not eligible for getting processed by all BeanPostProcessors (for example: not eligible for auto-proxying)
21:18:35:272  INFO 49096 --- [main] trationDelegate$BeanPostProcessorChecker : Bean 'seataFeignObjectWrapper' of type [com.alibaba.cloud.seata.feign.SeataFeignObjectWrapper] is not eligible for getting processed by all BeanPostProcessors (for example: not eligible for auto-proxying)
21:18:35:451  INFO 49096 --- [main] o.s.b.w.embedded.tomcat.TomcatWebServer  : Tomcat initialized with port(s): 8087 (http)
21:18:35:460  INFO 49096 --- [main] o.apache.catalina.core.StandardService   : Starting service [Tomcat]
21:18:35:460  INFO 49096 --- [main] org.apache.catalina.core.StandardEngine  : Starting Servlet engine: [Apache Tomcat/9.0.75]
21:18:35:630  INFO 49096 --- [main] o.a.c.c.C.[Tomcat].[localhost].[/]       : Initializing Spring embedded WebApplicationContext
21:18:35:630  INFO 49096 --- [main] w.s.c.ServletWebServerApplicationContext : Root WebApplicationContext: initialization completed in 2421 ms
21:18:35:821  INFO 49096 --- [main] o.s.c.openfeign.FeignClientFactoryBean   : For 'item-service' URL not provided. Will try picking an instance via load-balancing.
21:18:36:103  INFO 49096 --- [main] o.s.c.openfeign.FeignClientFactoryBean   : For 'trade-service' URL not provided. Will try picking an instance via load-balancing.
21:18:36:202  INFO 49096 --- [main] com.zaxxer.hikari.HikariDataSource       : HikariPool-1 - Starting...
21:18:36:393  INFO 49096 --- [main] com.zaxxer.hikari.HikariDataSource       : HikariPool-1 - Start completed.
21:18:36:476  INFO 49096 --- [main] i.s.c.r.netty.NettyClientChannelManager  : will connect to 192.168.23.128:8099
21:18:36:476  INFO 49096 --- [main] i.s.c.rpc.netty.RmNettyRemotingClient    : RM will register :jdbc:mysql://192.168.23.128:3306/hm-item
21:18:36:476  INFO 49096 --- [main] i.s.core.rpc.netty.NettyPoolableFactory  : NettyPool create channel to transactionRole:RMROLE,address:192.168.23.128:8099,msg:< RegisterRMRequest{resourceIds='jdbc:mysql://192.168.23.128:3306/hm-item', applicationId='search-service', transactionServiceGroup='hmall'} >
21:18:36:489  INFO 49096 --- [main] i.s.c.rpc.netty.RmNettyRemotingClient    : register RM success. client version:1.5.2, server version:1.5.2,channel:[id: 0x19b29463, L:/192.168.23.1:63048 - R:/192.168.23.128:8099]
21:18:36:489  INFO 49096 --- [main] i.s.core.rpc.netty.NettyPoolableFactory  : register success, cost 8 ms, version:1.5.2,role:RMROLE,channel:[id: 0x19b29463, L:/192.168.23.1:63048 - R:/192.168.23.128:8099]
21:18:37:832  INFO 49096 --- [main] pertySourcedRequestMappingHandlerMapping : Mapped URL path [/v2/api-docs] onto method [springfox.documentation.swagger2.web.Swagger2ControllerWebMvc#getDocumentation(String, HttpServletRequest)]
21:18:38:471  INFO 49096 --- [main] com.alibaba.nacos.common.remote.client   : [RpcClientFactory] create a new rpc client of ecd902b1-c91a-4702-adf7-1a1f73958f29
21:18:38:471  INFO 49096 --- [main] com.alibaba.nacos.common.remote.client   : [ecd902b1-c91a-4702-adf7-1a1f73958f29] RpcClient init label, labels = {module=naming, source=sdk}
21:18:38:471  INFO 49096 --- [main] com.alibaba.nacos.common.remote.client   : [ecd902b1-c91a-4702-adf7-1a1f73958f29] RpcClient init, ServerListFactory = com.alibaba.nacos.client.naming.core.ServerListManager
21:18:38:471  INFO 49096 --- [main] com.alibaba.nacos.common.remote.client   : [ecd902b1-c91a-4702-adf7-1a1f73958f29] Registry connection listener to current client:com.alibaba.nacos.client.naming.remote.gprc.redo.NamingGrpcRedoService
21:18:38:471  INFO 49096 --- [main] com.alibaba.nacos.common.remote.client   : [ecd902b1-c91a-4702-adf7-1a1f73958f29] Register server push request handler:com.alibaba.nacos.client.naming.remote.gprc.NamingPushRequestHandler
21:18:38:471  INFO 49096 --- [main] com.alibaba.nacos.common.remote.client   : [ecd902b1-c91a-4702-adf7-1a1f73958f29] Try to connect to server on start up, server: {serverIp = '192.168.23.128', server main port = 8848}
21:18:38:604  INFO 49096 --- [main] com.alibaba.nacos.common.remote.client   : [ecd902b1-c91a-4702-adf7-1a1f73958f29] Success to connect to server [192.168.23.128:8848] on start up, connectionId = 1766063923135_192.168.23.1_61621
21:18:38:604  INFO 49096 --- [main] com.alibaba.nacos.common.remote.client   : [ecd902b1-c91a-4702-adf7-1a1f73958f29] Register server push request handler:com.alibaba.nacos.common.remote.client.RpcClient$ConnectResetRequestHandler
21:18:38:604  INFO 49096 --- [main] com.alibaba.nacos.common.remote.client   : [ecd902b1-c91a-4702-adf7-1a1f73958f29] Register server push request handler:com.alibaba.nacos.common.remote.client.RpcClient$$Lambda$474/0x0000000840383c40
21:18:38:604  INFO 49096 --- [com.alibaba.nacos.client.remote.worker] com.alibaba.nacos.common.remote.client   : [ecd902b1-c91a-4702-adf7-1a1f73958f29] Notify connected event to listeners.
21:18:38:633  INFO 49096 --- [main] o.s.b.w.embedded.tomcat.TomcatWebServer  : Tomcat started on port(s): 8087 (http) with context path ''
21:18:38:642  INFO 49096 --- [main] c.a.c.n.registry.NacosServiceRegistry    : nacos registry, DEFAULT_GROUP search-service 192.168.15.1:8087 register finished
21:18:39:000  INFO 49096 --- [main] d.s.w.p.DocumentationPluginsBootstrapper : Documentation plugins bootstrapped
21:18:39:002  INFO 49096 --- [main] d.s.w.p.DocumentationPluginsBootstrapper : Found 1 custom documentation plugin(s)
21:18:39:019  INFO 49096 --- [main] s.d.s.w.s.ApiListingReferenceScanner     : Scanning for api listing references
21:18:39:072  INFO 49096 --- [main] .d.s.w.r.o.CachingOperationNameGenerator : Generating unique operation named: searchUsingGET_1
21:18:39:078  INFO 49096 --- [main] o.s.a.r.c.CachingConnectionFactory       : Attempting to connect to: [192.168.23.128:5672]
21:18:39:108  INFO 49096 --- [main] o.s.a.r.c.CachingConnectionFactory       : Created new connection: rabbitConnectionFactory#41ad6c00:0/SimpleConnection@18eb6ea3 [delegate=amqp://hmall@192.168.23.128:5672//hmall, localPort= 61625]
21:18:39:112  INFO 49096 --- [nacos-grpc-client-executor-5] com.alibaba.nacos.common.remote.client   : [ecd902b1-c91a-4702-adf7-1a1f73958f29] Receive server push request, request = NotifySubscriberRequest, requestId = 23
21:18:39:123  INFO 49096 --- [nacos-grpc-client-executor-5] com.alibaba.nacos.common.remote.client   : [ecd902b1-c91a-4702-adf7-1a1f73958f29] Ack server push request, request = NotifySubscriberRequest, requestId = 23
21:18:39:165  INFO 49096 --- [main] com.hmall.search.SearchApplication       : Started SearchApplication in 9.174 seconds (JVM running for 9.99)
21:18:39:169  INFO 49096 --- [main] c.a.c.n.refresh.NacosContextRefresher    : [Nacos Config] Listening config: dataId=search-service, group=DEFAULT_GROUP
21:18:39:170  INFO 49096 --- [main] c.a.c.n.refresh.NacosContextRefresher    : [Nacos Config] Listening config: dataId=search-service.yaml, group=DEFAULT_GROUP
21:18:39:170  INFO 49096 --- [main] c.a.c.n.refresh.NacosContextRefresher    : [Nacos Config] Listening config: dataId=search-service-local.yaml, group=DEFAULT_GROUP
21:22:39:978  WARN 49096 --- [Thread-5] c.a.nacos.common.notify.NotifyCenter     : [NotifyCenter] Start destroying Publisher
21:22:39:979  WARN 49096 --- [Thread-1] c.a.n.common.http.HttpClientBeanHolder   : [HttpClientBeanHolder] Start destroying common HttpClient
21:22:40:022  WARN 49096 --- [Thread-5] c.a.nacos.common.notify.NotifyCenter     : [NotifyCenter] Destruction of the end
21:22:40:042  WARN 49096 --- [Thread-1] c.a.n.common.http.HttpClientBeanHolder   : [HttpClientBeanHolder] Destruction of the end
21:22:40:278  INFO 49096 --- [org.springframework.amqp.rabbit.RabbitListenerEndpointContainer#0-2] o.s.a.r.l.SimpleMessageListenerContainer : Waiting for workers to finish.
21:22:40:281  INFO 49096 --- [org.springframework.amqp.rabbit.RabbitListenerEndpointContainer#1-2] o.s.a.r.l.SimpleMessageListenerContainer : Waiting for workers to finish.
21:22:40:584  INFO 49096 --- [org.springframework.amqp.rabbit.RabbitListenerEndpointContainer#1-2] o.s.a.r.l.SimpleMessageListenerContainer : Successfully waited for workers to finish.
21:22:40:584  INFO 49096 --- [org.springframework.amqp.rabbit.RabbitListenerEndpointContainer#0-2] o.s.a.r.l.SimpleMessageListenerContainer : Successfully waited for workers to finish.
21:22:40:958  INFO 49096 --- [SpringContextShutdownHook] c.a.c.n.registry.NacosServiceRegistry    : De-registering from Nacos Server now...
21:22:40:966  INFO 49096 --- [SpringContextShutdownHook] c.a.c.n.registry.NacosServiceRegistry    : De-registration finished.
21:22:41:298  INFO 49096 --- [SpringContextShutdownHook] com.alibaba.nacos.common.remote.client   : Shutdown rpc client, set status to shutdown
21:22:41:298  INFO 49096 --- [SpringContextShutdownHook] com.alibaba.nacos.common.remote.client   : Shutdown client event executor java.util.concurrent.ScheduledThreadPoolExecutor@5a4491fe[Running, pool size = 2, active threads = 2, queued tasks = 0, completed tasks = 0]
21:22:41:298  INFO 49096 --- [SpringContextShutdownHook] com.alibaba.nacos.common.remote.client   : Close current connection 1766063923135_192.168.23.1_61621
21:22:41:301  INFO 49096 --- [nacos-grpc-client-executor-59] c.a.n.c.remote.client.grpc.GrpcClient    : [1766063923135_192.168.23.1_61621]Ignore complete event,isRunning:false,isAbandon=false
21:22:41:316  INFO 49096 --- [SpringContextShutdownHook] c.a.n.c.remote.client.grpc.GrpcClient    : Shutdown grpc executor java.util.concurrent.ThreadPoolExecutor@1aad3334[Running, pool size = 6, active threads = 0, queued tasks = 0, completed tasks = 60]
21:22:41:326  INFO 49096 --- [SpringContextShutdownHook] com.zaxxer.hikari.HikariDataSource       : HikariPool-1 - Shutdown initiated...
21:22:41:373  INFO 49096 --- [SpringContextShutdownHook] com.zaxxer.hikari.HikariDataSource       : HikariPool-1 - Shutdown completed.
21:22:41:376  INFO 49096 --- [SpringContextShutdownHook] o.s.a.r.l.SimpleMessageListenerContainer : Shutdown ignored - container is already stopped
21:22:41:376  INFO 49096 --- [SpringContextShutdownHook] o.s.a.r.l.SimpleMessageListenerContainer : Shutdown ignored - container is already stopped
21:22:51:842  INFO 28900 --- [main] com.hmall.search.SearchApplication       : The following 1 profile is active: "local"
21:22:53:121  INFO 28900 --- [main] o.s.cloud.context.scope.GenericScope     : BeanFactory id=e59cb67c-5044-3b68-b0d2-a7f38eef80e7
21:22:53:188  INFO 28900 --- [main] trationDelegate$BeanPostProcessorChecker : Bean 'io.seata.spring.boot.autoconfigure.SeataCoreAutoConfiguration' of type [io.seata.spring.boot.autoconfigure.SeataCoreAutoConfiguration] is not eligible for getting processed by all BeanPostProcessors (for example: not eligible for auto-proxying)
21:22:53:188  INFO 28900 --- [main] trationDelegate$BeanPostProcessorChecker : Bean 'springApplicationContextProvider' of type [io.seata.spring.boot.autoconfigure.provider.SpringApplicationContextProvider] is not eligible for getting processed by all BeanPostProcessors (for example: not eligible for auto-proxying)
21:22:53:188  INFO 28900 --- [main] trationDelegate$BeanPostProcessorChecker : Bean 'io.seata.spring.boot.autoconfigure.SeataAutoConfiguration' of type [io.seata.spring.boot.autoconfigure.SeataAutoConfiguration] is not eligible for getting processed by all BeanPostProcessors (for example: not eligible for auto-proxying)
21:22:53:280  INFO 28900 --- [main] trationDelegate$BeanPostProcessorChecker : Bean 'failureHandler' of type [io.seata.tm.api.DefaultFailureHandlerImpl] is not eligible for getting processed by all BeanPostProcessors (for example: not eligible for auto-proxying)
21:22:53:283  INFO 28900 --- [main] trationDelegate$BeanPostProcessorChecker : Bean 'org.springframework.cloud.commons.config.CommonsConfigAutoConfiguration' of type [org.springframework.cloud.commons.config.CommonsConfigAutoConfiguration] is not eligible for getting processed by all BeanPostProcessors (for example: not eligible for auto-proxying)
21:22:53:291  INFO 28900 --- [main] trationDelegate$BeanPostProcessorChecker : Bean 'org.springframework.cloud.client.loadbalancer.LoadBalancerDefaultMappingsProviderAutoConfiguration' of type [org.springframework.cloud.client.loadbalancer.LoadBalancerDefaultMappingsProviderAutoConfiguration] is not eligible for getting processed by all BeanPostProcessors (for example: not eligible for auto-proxying)
21:22:53:292  INFO 28900 --- [main] trationDelegate$BeanPostProcessorChecker : Bean 'loadBalancerClientsDefaultsMappingsProvider' of type [org.springframework.cloud.client.loadbalancer.LoadBalancerDefaultMappingsProviderAutoConfiguration$$Lambda$569/0x00000008405d7840] is not eligible for getting processed by all BeanPostProcessors (for example: not eligible for auto-proxying)
21:22:53:292  INFO 28900 --- [main] trationDelegate$BeanPostProcessorChecker : Bean 'defaultsBindHandlerAdvisor' of type [org.springframework.cloud.commons.config.DefaultsBindHandlerAdvisor] is not eligible for getting processed by all BeanPostProcessors (for example: not eligible for auto-proxying)
21:22:53:294  INFO 28900 --- [main] trationDelegate$BeanPostProcessorChecker : Bean 'springCloudAlibabaConfiguration' of type [io.seata.spring.boot.autoconfigure.properties.SpringCloudAlibabaConfiguration] is not eligible for getting processed by all BeanPostProcessors (for example: not eligible for auto-proxying)
21:22:53:296  INFO 28900 --- [main] trationDelegate$BeanPostProcessorChecker : Bean 'seataProperties' of type [io.seata.spring.boot.autoconfigure.properties.SeataProperties] is not eligible for getting processed by all BeanPostProcessors (for example: not eligible for auto-proxying)
21:22:53:296  INFO 28900 --- [main] i.s.s.b.a.SeataAutoConfiguration         : Automatically configure Seata
21:22:53:349  INFO 28900 --- [main] io.seata.config.ConfigurationFactory     : load Configuration from :Spring Configuration
21:22:53:357  INFO 28900 --- [main] io.seata.config.ConfigurationFactory     : load Configuration from :Spring Configuration
21:22:53:401  INFO 28900 --- [main] i.s.s.a.GlobalTransactionScanner         : Initializing Global Transaction Clients ... 
21:22:53:485  INFO 28900 --- [main] i.s.core.rpc.netty.NettyClientBootstrap  : NettyClientBootstrap has started
21:22:53:590  INFO 28900 --- [main] com.alibaba.nacos.common.remote.client   : [RpcClientFactory] create a new rpc client of a92ee2b4-9086-4994-b1ac-6d4d0ec16a40
21:22:53:590  INFO 28900 --- [main] com.alibaba.nacos.common.remote.client   : [a92ee2b4-9086-4994-b1ac-6d4d0ec16a40] RpcClient init label, labels = {module=naming, source=sdk}
21:22:53:591  INFO 28900 --- [main] com.alibaba.nacos.common.remote.client   : [a92ee2b4-9086-4994-b1ac-6d4d0ec16a40] RpcClient init, ServerListFactory = com.alibaba.nacos.client.naming.core.ServerListManager
21:22:53:591  INFO 28900 --- [main] com.alibaba.nacos.common.remote.client   : [a92ee2b4-9086-4994-b1ac-6d4d0ec16a40] Registry connection listener to current client:com.alibaba.nacos.client.naming.remote.gprc.redo.NamingGrpcRedoService
21:22:53:592  INFO 28900 --- [main] com.alibaba.nacos.common.remote.client   : [a92ee2b4-9086-4994-b1ac-6d4d0ec16a40] Register server push request handler:com.alibaba.nacos.client.naming.remote.gprc.NamingPushRequestHandler
21:22:53:592  INFO 28900 --- [main] com.alibaba.nacos.common.remote.client   : [a92ee2b4-9086-4994-b1ac-6d4d0ec16a40] Try to connect to server on start up, server: {serverIp = '192.168.23.128', server main port = 8848}
21:22:53:717  INFO 28900 --- [main] com.alibaba.nacos.common.remote.client   : [a92ee2b4-9086-4994-b1ac-6d4d0ec16a40] Success to connect to server [192.168.23.128:8848] on start up, connectionId = 1766064178255_192.168.23.1_51526
21:22:53:718  INFO 28900 --- [main] com.alibaba.nacos.common.remote.client   : [a92ee2b4-9086-4994-b1ac-6d4d0ec16a40] Register server push request handler:com.alibaba.nacos.common.remote.client.RpcClient$ConnectResetRequestHandler
21:22:53:718  INFO 28900 --- [main] com.alibaba.nacos.common.remote.client   : [a92ee2b4-9086-4994-b1ac-6d4d0ec16a40] Register server push request handler:com.alibaba.nacos.common.remote.client.RpcClient$$Lambda$475/0x00000008403ef440
21:22:53:718  INFO 28900 --- [com.alibaba.nacos.client.remote.worker] com.alibaba.nacos.common.remote.client   : [a92ee2b4-9086-4994-b1ac-6d4d0ec16a40] Notify connected event to listeners.
21:22:53:751  INFO 28900 --- [main] i.s.c.r.netty.NettyClientChannelManager  : will connect to 192.168.23.128:8099
21:22:53:980  INFO 28900 --- [main] i.s.core.rpc.netty.NettyPoolableFactory  : NettyPool create channel to transactionRole:TMROLE,address:192.168.23.128:8099,msg:< RegisterTMRequest{applicationId='search-service', transactionServiceGroup='hmall'} >
21:22:54:235  INFO 28900 --- [nacos-grpc-client-executor-5] com.alibaba.nacos.common.remote.client   : [a92ee2b4-9086-4994-b1ac-6d4d0ec16a40] Receive server push request, request = NotifySubscriberRequest, requestId = 24
21:22:54:245  INFO 28900 --- [nacos-grpc-client-executor-5] com.alibaba.nacos.common.remote.client   : [a92ee2b4-9086-4994-b1ac-6d4d0ec16a40] Ack server push request, request = NotifySubscriberRequest, requestId = 24
21:22:54:289  INFO 28900 --- [main] i.s.c.rpc.netty.TmNettyRemotingClient    : register TM success. client version:1.5.2, server version:1.5.2,channel:[id: 0x11f08cee, L:/192.168.23.1:51528 - R:/192.168.23.128:8099]
21:22:54:292  INFO 28900 --- [main] i.s.core.rpc.netty.NettyPoolableFactory  : register success, cost 36 ms, version:1.5.2,role:TMROLE,channel:[id: 0x11f08cee, L:/192.168.23.1:51528 - R:/192.168.23.128:8099]
21:22:54:293  INFO 28900 --- [main] i.s.s.a.GlobalTransactionScanner         : Transaction Manager Client is initialized. applicationId[search-service] txServiceGroup[hmall]
21:22:54:299  INFO 28900 --- [main] io.seata.rm.datasource.AsyncWorker       : Async Commit Buffer Limit: 10000
21:22:54:299  INFO 28900 --- [main] i.s.rm.datasource.xa.ResourceManagerXA   : ResourceManagerXA init ...
21:22:54:304  INFO 28900 --- [main] i.s.core.rpc.netty.NettyClientBootstrap  : NettyClientBootstrap has started
21:22:54:304  INFO 28900 --- [main] i.s.s.a.GlobalTransactionScanner         : Resource Manager is initialized. applicationId[search-service] txServiceGroup[hmall]
21:22:54:304  INFO 28900 --- [main] i.s.s.a.GlobalTransactionScanner         : Global Transaction Clients are initialized. 
21:22:54:305  INFO 28900 --- [main] trationDelegate$BeanPostProcessorChecker : Bean 'io.seata.spring.boot.autoconfigure.SeataDataSourceAutoConfiguration' of type [io.seata.spring.boot.autoconfigure.SeataDataSourceAutoConfiguration] is not eligible for getting processed by all BeanPostProcessors (for example: not eligible for auto-proxying)
21:22:54:359  INFO 28900 --- [main] trationDelegate$BeanPostProcessorChecker : Bean 'com.alibaba.cloud.seata.feign.SeataFeignClientAutoConfiguration$FeignBeanPostProcessorConfiguration' of type [com.alibaba.cloud.seata.feign.SeataFeignClientAutoConfiguration$FeignBeanPostProcessorConfiguration] is not eligible for getting processed by all BeanPostProcessors (for example: not eligible for auto-proxying)
21:22:54:361  INFO 28900 --- [main] trationDelegate$BeanPostProcessorChecker : Bean 'seataFeignObjectWrapper' of type [com.alibaba.cloud.seata.feign.SeataFeignObjectWrapper] is not eligible for getting processed by all BeanPostProcessors (for example: not eligible for auto-proxying)
21:22:54:515  INFO 28900 --- [main] o.s.b.w.embedded.tomcat.TomcatWebServer  : Tomcat initialized with port(s): 8087 (http)
21:22:54:523  INFO 28900 --- [main] o.apache.catalina.core.StandardService   : Starting service [Tomcat]
21:22:54:523  INFO 28900 --- [main] org.apache.catalina.core.StandardEngine  : Starting Servlet engine: [Apache Tomcat/9.0.75]
21:22:54:651  INFO 28900 --- [main] o.a.c.c.C.[Tomcat].[localhost].[/]       : Initializing Spring embedded WebApplicationContext
21:22:54:651  INFO 28900 --- [main] w.s.c.ServletWebServerApplicationContext : Root WebApplicationContext: initialization completed in 2775 ms
21:22:54:785  INFO 28900 --- [main] o.s.c.openfeign.FeignClientFactoryBean   : For 'item-service' URL not provided. Will try picking an instance via load-balancing.
21:22:55:064  INFO 28900 --- [main] o.s.c.openfeign.FeignClientFactoryBean   : For 'trade-service' URL not provided. Will try picking an instance via load-balancing.
21:22:55:175  INFO 28900 --- [main] com.zaxxer.hikari.HikariDataSource       : HikariPool-1 - Starting...
21:22:55:385  INFO 28900 --- [main] com.zaxxer.hikari.HikariDataSource       : HikariPool-1 - Start completed.
21:22:55:467  INFO 28900 --- [main] i.s.c.r.netty.NettyClientChannelManager  : will connect to 192.168.23.128:8099
21:22:55:468  INFO 28900 --- [main] i.s.c.rpc.netty.RmNettyRemotingClient    : RM will register :jdbc:mysql://192.168.23.128:3306/hm-item
21:22:55:468  INFO 28900 --- [main] i.s.core.rpc.netty.NettyPoolableFactory  : NettyPool create channel to transactionRole:RMROLE,address:192.168.23.128:8099,msg:< RegisterRMRequest{resourceIds='jdbc:mysql://192.168.23.128:3306/hm-item', applicationId='search-service', transactionServiceGroup='hmall'} >
21:22:55:475  INFO 28900 --- [main] i.s.c.rpc.netty.RmNettyRemotingClient    : register RM success. client version:1.5.2, server version:1.5.2,channel:[id: 0xe56bc65f, L:/192.168.23.1:51602 - R:/192.168.23.128:8099]
21:22:55:475  INFO 28900 --- [main] i.s.core.rpc.netty.NettyPoolableFactory  : register success, cost 4 ms, version:1.5.2,role:RMROLE,channel:[id: 0xe56bc65f, L:/192.168.23.1:51602 - R:/192.168.23.128:8099]
21:22:56:717  INFO 28900 --- [main] pertySourcedRequestMappingHandlerMapping : Mapped URL path [/v2/api-docs] onto method [springfox.documentation.swagger2.web.Swagger2ControllerWebMvc#getDocumentation(String, HttpServletRequest)]
21:22:57:297  INFO 28900 --- [main] com.alibaba.nacos.common.remote.client   : [RpcClientFactory] create a new rpc client of 390245fd-6aa6-4135-9654-5e02ea7141c1
21:22:57:297  INFO 28900 --- [main] com.alibaba.nacos.common.remote.client   : [390245fd-6aa6-4135-9654-5e02ea7141c1] RpcClient init label, labels = {module=naming, source=sdk}
21:22:57:298  INFO 28900 --- [main] com.alibaba.nacos.common.remote.client   : [390245fd-6aa6-4135-9654-5e02ea7141c1] RpcClient init, ServerListFactory = com.alibaba.nacos.client.naming.core.ServerListManager
21:22:57:298  INFO 28900 --- [main] com.alibaba.nacos.common.remote.client   : [390245fd-6aa6-4135-9654-5e02ea7141c1] Registry connection listener to current client:com.alibaba.nacos.client.naming.remote.gprc.redo.NamingGrpcRedoService
21:22:57:298  INFO 28900 --- [main] com.alibaba.nacos.common.remote.client   : [390245fd-6aa6-4135-9654-5e02ea7141c1] Register server push request handler:com.alibaba.nacos.client.naming.remote.gprc.NamingPushRequestHandler
21:22:57:299  INFO 28900 --- [main] com.alibaba.nacos.common.remote.client   : [390245fd-6aa6-4135-9654-5e02ea7141c1] Try to connect to server on start up, server: {serverIp = '192.168.23.128', server main port = 8848}
21:22:57:418  INFO 28900 --- [main] com.alibaba.nacos.common.remote.client   : [390245fd-6aa6-4135-9654-5e02ea7141c1] Success to connect to server [192.168.23.128:8848] on start up, connectionId = 1766064181961_192.168.23.1_51750
21:22:57:418  INFO 28900 --- [main] com.alibaba.nacos.common.remote.client   : [390245fd-6aa6-4135-9654-5e02ea7141c1] Register server push request handler:com.alibaba.nacos.common.remote.client.RpcClient$ConnectResetRequestHandler
21:22:57:418  INFO 28900 --- [com.alibaba.nacos.client.remote.worker] com.alibaba.nacos.common.remote.client   : [390245fd-6aa6-4135-9654-5e02ea7141c1] Notify connected event to listeners.
21:22:57:418  INFO 28900 --- [main] com.alibaba.nacos.common.remote.client   : [390245fd-6aa6-4135-9654-5e02ea7141c1] Register server push request handler:com.alibaba.nacos.common.remote.client.RpcClient$$Lambda$475/0x00000008403ef440
21:22:57:446  INFO 28900 --- [main] o.s.b.w.embedded.tomcat.TomcatWebServer  : Tomcat started on port(s): 8087 (http) with context path ''
21:22:57:451  INFO 28900 --- [main] c.a.c.n.registry.NacosServiceRegistry    : nacos registry, DEFAULT_GROUP search-service 192.168.15.1:8087 register finished
21:22:57:769  INFO 28900 --- [main] d.s.w.p.DocumentationPluginsBootstrapper : Documentation plugins bootstrapped
21:22:57:772  INFO 28900 --- [main] d.s.w.p.DocumentationPluginsBootstrapper : Found 1 custom documentation plugin(s)
21:22:57:786  INFO 28900 --- [main] s.d.s.w.s.ApiListingReferenceScanner     : Scanning for api listing references
21:22:57:832  INFO 28900 --- [main] .d.s.w.r.o.CachingOperationNameGenerator : Generating unique operation named: searchUsingGET_1
21:22:57:838  INFO 28900 --- [main] o.s.a.r.c.CachingConnectionFactory       : Attempting to connect to: [192.168.23.128:5672]
21:22:57:866  INFO 28900 --- [main] o.s.a.r.c.CachingConnectionFactory       : Created new connection: rabbitConnectionFactory#7bca98d5:0/SimpleConnection@4fc9e73d [delegate=amqp://hmall@192.168.23.128:5672//hmall, localPort= 51754]
21:22:57:914  INFO 28900 --- [main] com.hmall.search.SearchApplication       : Started SearchApplication in 9.338 seconds (JVM running for 10.227)
21:22:57:917  INFO 28900 --- [main] c.a.c.n.refresh.NacosContextRefresher    : [Nacos Config] Listening config: dataId=search-service, group=DEFAULT_GROUP
21:22:57:917  INFO 28900 --- [main] c.a.c.n.refresh.NacosContextRefresher    : [Nacos Config] Listening config: dataId=search-service.yaml, group=DEFAULT_GROUP
21:22:57:918  INFO 28900 --- [main] c.a.c.n.refresh.NacosContextRefresher    : [Nacos Config] Listening config: dataId=search-service-local.yaml, group=DEFAULT_GROUP
21:22:57:944  INFO 28900 --- [nacos-grpc-client-executor-6] com.alibaba.nacos.common.remote.client   : [390245fd-6aa6-4135-9654-5e02ea7141c1] Receive server push request, request = NotifySubscriberRequest, requestId = 25
21:22:57:955  INFO 28900 --- [nacos-grpc-client-executor-6] com.alibaba.nacos.common.remote.client   : [390245fd-6aa6-4135-9654-5e02ea7141c1] Ack server push request, request = NotifySubscriberRequest, requestId = 25
21:24:28:502  WARN 28900 --- [Thread-1] c.a.n.common.http.HttpClientBeanHolder   : [HttpClientBeanHolder] Start destroying common HttpClient
21:24:28:503  WARN 28900 --- [Thread-5] c.a.nacos.common.notify.NotifyCenter     : [NotifyCenter] Start destroying Publisher
21:24:28:512  WARN 28900 --- [Thread-5] c.a.nacos.common.notify.NotifyCenter     : [NotifyCenter] Destruction of the end
21:24:28:516  WARN 28900 --- [Thread-1] c.a.n.common.http.HttpClientBeanHolder   : [HttpClientBeanHolder] Destruction of the end
21:24:28:569  INFO 28900 --- [org.springframework.amqp.rabbit.RabbitListenerEndpointContainer#0-2] o.s.a.r.l.SimpleMessageListenerContainer : Waiting for workers to finish.
21:24:28:571  INFO 28900 --- [org.springframework.amqp.rabbit.RabbitListenerEndpointContainer#1-2] o.s.a.r.l.SimpleMessageListenerContainer : Waiting for workers to finish.
21:24:29:433  INFO 28900 --- [org.springframework.amqp.rabbit.RabbitListenerEndpointContainer#1-2] o.s.a.r.l.SimpleMessageListenerContainer : Successfully waited for workers to finish.
21:24:29:433  INFO 28900 --- [org.springframework.amqp.rabbit.RabbitListenerEndpointContainer#0-2] o.s.a.r.l.SimpleMessageListenerContainer : Successfully waited for workers to finish.
21:24:29:765  INFO 28900 --- [SpringContextShutdownHook] c.a.c.n.registry.NacosServiceRegistry    : De-registering from Nacos Server now...
21:24:29:770  INFO 28900 --- [SpringContextShutdownHook] c.a.c.n.registry.NacosServiceRegistry    : De-registration finished.
21:24:30:098  INFO 28900 --- [SpringContextShutdownHook] com.alibaba.nacos.common.remote.client   : Shutdown rpc client, set status to shutdown
21:24:30:099  INFO 28900 --- [SpringContextShutdownHook] com.alibaba.nacos.common.remote.client   : Shutdown client event executor java.util.concurrent.ScheduledThreadPoolExecutor@2a3cc055[Running, pool size = 2, active threads = 2, queued tasks = 0, completed tasks = 0]
21:24:30:099  INFO 28900 --- [SpringContextShutdownHook] com.alibaba.nacos.common.remote.client   : Close current connection 1766064181961_192.168.23.1_51750
21:24:30:102  INFO 28900 --- [nacos-grpc-client-executor-28] c.a.n.c.remote.client.grpc.GrpcClient    : [1766064181961_192.168.23.1_51750]Ignore complete event,isRunning:false,isAbandon=false
21:24:30:112  INFO 28900 --- [SpringContextShutdownHook] c.a.n.c.remote.client.grpc.GrpcClient    : Shutdown grpc executor java.util.concurrent.ThreadPoolExecutor@54ddc1a8[Running, pool size = 5, active threads = 0, queued tasks = 0, completed tasks = 29]
21:24:30:118  INFO 28900 --- [SpringContextShutdownHook] com.zaxxer.hikari.HikariDataSource       : HikariPool-1 - Shutdown initiated...
21:24:30:146  INFO 28900 --- [SpringContextShutdownHook] com.zaxxer.hikari.HikariDataSource       : HikariPool-1 - Shutdown completed.
21:24:30:147  INFO 28900 --- [SpringContextShutdownHook] o.s.a.r.l.SimpleMessageListenerContainer : Shutdown ignored - container is already stopped
21:24:30:147  INFO 28900 --- [SpringContextShutdownHook] o.s.a.r.l.SimpleMessageListenerContainer : Shutdown ignored - container is already stopped
21:24:30:161  INFO 28900 --- [NettyClientSelector_RMROLE_1_1] i.s.c.r.n.AbstractNettyRemotingClient    : channel inactive: [id: 0xe56bc65f, L:/192.168.23.1:51602 ! R:/192.168.23.128:8099]
21:24:30:161  INFO 28900 --- [NettyClientSelector_RMROLE_1_1] i.s.c.r.netty.NettyClientChannelManager  : return to pool, rm channel:[id: 0xe56bc65f, L:/192.168.23.1:51602 ! R:/192.168.23.128:8099]
21:24:30:161  INFO 28900 --- [NettyClientSelector_RMROLE_1_1] i.s.core.rpc.netty.NettyPoolableFactory  : channel valid false,channel:[id: 0xe56bc65f, L:/192.168.23.1:51602 ! R:/192.168.23.128:8099]
21:24:30:162  INFO 28900 --- [NettyClientSelector_RMROLE_1_1] i.s.core.rpc.netty.NettyPoolableFactory  : will destroy channel:[id: 0xe56bc65f, L:/192.168.23.1:51602 ! R:/192.168.23.128:8099]
21:24:30:163  INFO 28900 --- [NettyClientSelector_RMROLE_1_1] i.s.c.r.n.AbstractNettyRemotingClient    : ChannelHandlerContext(AbstractNettyRemotingClient$ClientHandler#0, [id: 0xe56bc65f, L:/192.168.23.1:51602 ! R:/192.168.23.128:8099]) will closed
21:24:30:163  INFO 28900 --- [NettyClientSelector_RMROLE_1_1] i.s.c.r.n.AbstractNettyRemotingClient    : ChannelHandlerContext(AbstractNettyRemotingClient$ClientHandler#0, [id: 0xe56bc65f, L:/192.168.23.1:51602 ! R:/192.168.23.128:8099]) will closed
21:24:39:799  INFO 58544 --- [main] com.hmall.search.SearchApplication       : The following 1 profile is active: "local"
21:24:40:843  INFO 58544 --- [main] o.s.cloud.context.scope.GenericScope     : BeanFactory id=e59cb67c-5044-3b68-b0d2-a7f38eef80e7
21:24:40:884  INFO 58544 --- [main] trationDelegate$BeanPostProcessorChecker : Bean 'io.seata.spring.boot.autoconfigure.SeataCoreAutoConfiguration' of type [io.seata.spring.boot.autoconfigure.SeataCoreAutoConfiguration] is not eligible for getting processed by all BeanPostProcessors (for example: not eligible for auto-proxying)
21:24:40:885  INFO 58544 --- [main] trationDelegate$BeanPostProcessorChecker : Bean 'springApplicationContextProvider' of type [io.seata.spring.boot.autoconfigure.provider.SpringApplicationContextProvider] is not eligible for getting processed by all BeanPostProcessors (for example: not eligible for auto-proxying)
21:24:40:885  INFO 58544 --- [main] trationDelegate$BeanPostProcessorChecker : Bean 'io.seata.spring.boot.autoconfigure.SeataAutoConfiguration' of type [io.seata.spring.boot.autoconfigure.SeataAutoConfiguration] is not eligible for getting processed by all BeanPostProcessors (for example: not eligible for auto-proxying)
21:24:40:915  INFO 58544 --- [main] trationDelegate$BeanPostProcessorChecker : Bean 'failureHandler' of type [io.seata.tm.api.DefaultFailureHandlerImpl] is not eligible for getting processed by all BeanPostProcessors (for example: not eligible for auto-proxying)
21:24:40:917  INFO 58544 --- [main] trationDelegate$BeanPostProcessorChecker : Bean 'org.springframework.cloud.commons.config.CommonsConfigAutoConfiguration' of type [org.springframework.cloud.commons.config.CommonsConfigAutoConfiguration] is not eligible for getting processed by all BeanPostProcessors (for example: not eligible for auto-proxying)
21:24:40:917  INFO 58544 --- [main] trationDelegate$BeanPostProcessorChecker : Bean 'org.springframework.cloud.client.loadbalancer.LoadBalancerDefaultMappingsProviderAutoConfiguration' of type [org.springframework.cloud.client.loadbalancer.LoadBalancerDefaultMappingsProviderAutoConfiguration] is not eligible for getting processed by all BeanPostProcessors (for example: not eligible for auto-proxying)
21:24:40:918  INFO 58544 --- [main] trationDelegate$BeanPostProcessorChecker : Bean 'loadBalancerClientsDefaultsMappingsProvider' of type [org.springframework.cloud.client.loadbalancer.LoadBalancerDefaultMappingsProviderAutoConfiguration$$Lambda$569/0x00000008405d7c40] is not eligible for getting processed by all BeanPostProcessors (for example: not eligible for auto-proxying)
21:24:40:918  INFO 58544 --- [main] trationDelegate$BeanPostProcessorChecker : Bean 'defaultsBindHandlerAdvisor' of type [org.springframework.cloud.commons.config.DefaultsBindHandlerAdvisor] is not eligible for getting processed by all BeanPostProcessors (for example: not eligible for auto-proxying)
21:24:40:920  INFO 58544 --- [main] trationDelegate$BeanPostProcessorChecker : Bean 'springCloudAlibabaConfiguration' of type [io.seata.spring.boot.autoconfigure.properties.SpringCloudAlibabaConfiguration] is not eligible for getting processed by all BeanPostProcessors (for example: not eligible for auto-proxying)
21:24:40:921  INFO 58544 --- [main] trationDelegate$BeanPostProcessorChecker : Bean 'seataProperties' of type [io.seata.spring.boot.autoconfigure.properties.SeataProperties] is not eligible for getting processed by all BeanPostProcessors (for example: not eligible for auto-proxying)
21:24:40:923  INFO 58544 --- [main] i.s.s.b.a.SeataAutoConfiguration         : Automatically configure Seata
21:24:40:958  INFO 58544 --- [main] io.seata.config.ConfigurationFactory     : load Configuration from :Spring Configuration
21:24:40:961  INFO 58544 --- [main] io.seata.config.ConfigurationFactory     : load Configuration from :Spring Configuration
21:24:40:999  INFO 58544 --- [main] i.s.s.a.GlobalTransactionScanner         : Initializing Global Transaction Clients ... 
21:24:41:053  INFO 58544 --- [main] i.s.core.rpc.netty.NettyClientBootstrap  : NettyClientBootstrap has started
21:24:41:167  INFO 58544 --- [main] com.alibaba.nacos.common.remote.client   : [RpcClientFactory] create a new rpc client of 00cd5f6b-7459-46f1-88aa-f1d823a04be1
21:24:41:167  INFO 58544 --- [main] com.alibaba.nacos.common.remote.client   : [00cd5f6b-7459-46f1-88aa-f1d823a04be1] RpcClient init label, labels = {module=naming, source=sdk}
21:24:41:169  INFO 58544 --- [main] com.alibaba.nacos.common.remote.client   : [00cd5f6b-7459-46f1-88aa-f1d823a04be1] RpcClient init, ServerListFactory = com.alibaba.nacos.client.naming.core.ServerListManager
21:24:41:169  INFO 58544 --- [main] com.alibaba.nacos.common.remote.client   : [00cd5f6b-7459-46f1-88aa-f1d823a04be1] Registry connection listener to current client:com.alibaba.nacos.client.naming.remote.gprc.redo.NamingGrpcRedoService
21:24:41:169  INFO 58544 --- [main] com.alibaba.nacos.common.remote.client   : [00cd5f6b-7459-46f1-88aa-f1d823a04be1] Register server push request handler:com.alibaba.nacos.client.naming.remote.gprc.NamingPushRequestHandler
21:24:41:170  INFO 58544 --- [main] com.alibaba.nacos.common.remote.client   : [00cd5f6b-7459-46f1-88aa-f1d823a04be1] Try to connect to server on start up, server: {serverIp = '192.168.23.128', server main port = 8848}
21:24:41:289  INFO 58544 --- [main] com.alibaba.nacos.common.remote.client   : [00cd5f6b-7459-46f1-88aa-f1d823a04be1] Success to connect to server [192.168.23.128:8848] on start up, connectionId = 1766064285831_192.168.23.1_55104
21:24:41:289  INFO 58544 --- [main] com.alibaba.nacos.common.remote.client   : [00cd5f6b-7459-46f1-88aa-f1d823a04be1] Register server push request handler:com.alibaba.nacos.common.remote.client.RpcClient$ConnectResetRequestHandler
21:24:41:289  INFO 58544 --- [com.alibaba.nacos.client.remote.worker] com.alibaba.nacos.common.remote.client   : [00cd5f6b-7459-46f1-88aa-f1d823a04be1] Notify connected event to listeners.
21:24:41:290  INFO 58544 --- [main] com.alibaba.nacos.common.remote.client   : [00cd5f6b-7459-46f1-88aa-f1d823a04be1] Register server push request handler:com.alibaba.nacos.common.remote.client.RpcClient$$Lambda$475/0x00000008403ef040
21:24:41:328  INFO 58544 --- [main] i.s.c.r.netty.NettyClientChannelManager  : will connect to 192.168.23.128:8099
21:24:41:556  INFO 58544 --- [main] i.s.core.rpc.netty.NettyPoolableFactory  : NettyPool create channel to transactionRole:TMROLE,address:192.168.23.128:8099,msg:< RegisterTMRequest{applicationId='search-service', transactionServiceGroup='hmall'} >
21:24:41:823  INFO 58544 --- [nacos-grpc-client-executor-5] com.alibaba.nacos.common.remote.client   : [00cd5f6b-7459-46f1-88aa-f1d823a04be1] Receive server push request, request = NotifySubscriberRequest, requestId = 26
21:24:41:834  INFO 58544 --- [nacos-grpc-client-executor-5] com.alibaba.nacos.common.remote.client   : [00cd5f6b-7459-46f1-88aa-f1d823a04be1] Ack server push request, request = NotifySubscriberRequest, requestId = 26
21:24:41:873  INFO 58544 --- [main] i.s.c.rpc.netty.TmNettyRemotingClient    : register TM success. client version:1.5.2, server version:1.5.2,channel:[id: 0x1b2315ed, L:/192.168.23.1:55107 - R:/192.168.23.128:8099]
21:24:41:876  INFO 58544 --- [main] i.s.core.rpc.netty.NettyPoolableFactory  : register success, cost 44 ms, version:1.5.2,role:TMROLE,channel:[id: 0x1b2315ed, L:/192.168.23.1:55107 - R:/192.168.23.128:8099]
21:24:41:876  INFO 58544 --- [main] i.s.s.a.GlobalTransactionScanner         : Transaction Manager Client is initialized. applicationId[search-service] txServiceGroup[hmall]
21:24:41:883  INFO 58544 --- [main] io.seata.rm.datasource.AsyncWorker       : Async Commit Buffer Limit: 10000
21:24:41:883  INFO 58544 --- [main] i.s.rm.datasource.xa.ResourceManagerXA   : ResourceManagerXA init ...
21:24:41:889  INFO 58544 --- [main] i.s.core.rpc.netty.NettyClientBootstrap  : NettyClientBootstrap has started
21:24:41:889  INFO 58544 --- [main] i.s.s.a.GlobalTransactionScanner         : Resource Manager is initialized. applicationId[search-service] txServiceGroup[hmall]
21:24:41:889  INFO 58544 --- [main] i.s.s.a.GlobalTransactionScanner         : Global Transaction Clients are initialized. 
21:24:41:890  INFO 58544 --- [main] trationDelegate$BeanPostProcessorChecker : Bean 'io.seata.spring.boot.autoconfigure.SeataDataSourceAutoConfiguration' of type [io.seata.spring.boot.autoconfigure.SeataDataSourceAutoConfiguration] is not eligible for getting processed by all BeanPostProcessors (for example: not eligible for auto-proxying)
21:24:41:948  INFO 58544 --- [main] trationDelegate$BeanPostProcessorChecker : Bean 'com.alibaba.cloud.seata.feign.SeataFeignClientAutoConfiguration$FeignBeanPostProcessorConfiguration' of type [com.alibaba.cloud.seata.feign.SeataFeignClientAutoConfiguration$FeignBeanPostProcessorConfiguration] is not eligible for getting processed by all BeanPostProcessors (for example: not eligible for auto-proxying)
21:24:41:950  INFO 58544 --- [main] trationDelegate$BeanPostProcessorChecker : Bean 'seataFeignObjectWrapper' of type [com.alibaba.cloud.seata.feign.SeataFeignObjectWrapper] is not eligible for getting processed by all BeanPostProcessors (for example: not eligible for auto-proxying)
21:24:42:121  INFO 58544 --- [main] o.s.b.w.embedded.tomcat.TomcatWebServer  : Tomcat initialized with port(s): 8087 (http)
21:24:42:140  INFO 58544 --- [main] o.apache.catalina.core.StandardService   : Starting service [Tomcat]
21:24:42:140  INFO 58544 --- [main] org.apache.catalina.core.StandardEngine  : Starting Servlet engine: [Apache Tomcat/9.0.75]
21:24:42:295  INFO 58544 --- [main] o.a.c.c.C.[Tomcat].[localhost].[/]       : Initializing Spring embedded WebApplicationContext
21:24:42:295  INFO 58544 --- [main] w.s.c.ServletWebServerApplicationContext : Root WebApplicationContext: initialization completed in 2458 ms
21:24:42:442  INFO 58544 --- [main] o.s.c.openfeign.FeignClientFactoryBean   : For 'item-service' URL not provided. Will try picking an instance via load-balancing.
21:24:42:763  INFO 58544 --- [main] o.s.c.openfeign.FeignClientFactoryBean   : For 'trade-service' URL not provided. Will try picking an instance via load-balancing.
21:24:42:866  INFO 58544 --- [main] com.zaxxer.hikari.HikariDataSource       : HikariPool-1 - Starting...
21:24:43:089  INFO 58544 --- [main] com.zaxxer.hikari.HikariDataSource       : HikariPool-1 - Start completed.
21:24:43:156  INFO 58544 --- [main] i.s.c.r.netty.NettyClientChannelManager  : will connect to 192.168.23.128:8099
21:24:43:156  INFO 58544 --- [main] i.s.c.rpc.netty.RmNettyRemotingClient    : RM will register :jdbc:mysql://192.168.23.128:3306/hm-item
21:24:43:156  INFO 58544 --- [main] i.s.core.rpc.netty.NettyPoolableFactory  : NettyPool create channel to transactionRole:RMROLE,address:192.168.23.128:8099,msg:< RegisterRMRequest{resourceIds='jdbc:mysql://192.168.23.128:3306/hm-item', applicationId='search-service', transactionServiceGroup='hmall'} >
21:24:43:164  INFO 58544 --- [main] i.s.c.rpc.netty.RmNettyRemotingClient    : register RM success. client version:1.5.2, server version:1.5.2,channel:[id: 0x3d0f2d26, L:/192.168.23.1:55184 - R:/192.168.23.128:8099]
21:24:43:164  INFO 58544 --- [main] i.s.core.rpc.netty.NettyPoolableFactory  : register success, cost 6 ms, version:1.5.2,role:RMROLE,channel:[id: 0x3d0f2d26, L:/192.168.23.1:55184 - R:/192.168.23.128:8099]
21:24:44:456  INFO 58544 --- [main] pertySourcedRequestMappingHandlerMapping : Mapped URL path [/v2/api-docs] onto method [springfox.documentation.swagger2.web.Swagger2ControllerWebMvc#getDocumentation(String, HttpServletRequest)]
21:24:45:168  INFO 58544 --- [main] com.alibaba.nacos.common.remote.client   : [RpcClientFactory] create a new rpc client of 6c5281da-f729-490e-a4e6-aa657436cfb1
21:24:45:168  INFO 58544 --- [main] com.alibaba.nacos.common.remote.client   : [6c5281da-f729-490e-a4e6-aa657436cfb1] RpcClient init label, labels = {module=naming, source=sdk}
21:24:45:168  INFO 58544 --- [main] com.alibaba.nacos.common.remote.client   : [6c5281da-f729-490e-a4e6-aa657436cfb1] RpcClient init, ServerListFactory = com.alibaba.nacos.client.naming.core.ServerListManager
21:24:45:169  INFO 58544 --- [main] com.alibaba.nacos.common.remote.client   : [6c5281da-f729-490e-a4e6-aa657436cfb1] Registry connection listener to current client:com.alibaba.nacos.client.naming.remote.gprc.redo.NamingGrpcRedoService
21:24:45:169  INFO 58544 --- [main] com.alibaba.nacos.common.remote.client   : [6c5281da-f729-490e-a4e6-aa657436cfb1] Register server push request handler:com.alibaba.nacos.client.naming.remote.gprc.NamingPushRequestHandler
21:24:45:169  INFO 58544 --- [main] com.alibaba.nacos.common.remote.client   : [6c5281da-f729-490e-a4e6-aa657436cfb1] Try to connect to server on start up, server: {serverIp = '192.168.23.128', server main port = 8848}
21:24:45:290  INFO 58544 --- [main] com.alibaba.nacos.common.remote.client   : [6c5281da-f729-490e-a4e6-aa657436cfb1] Success to connect to server [192.168.23.128:8848] on start up, connectionId = 1766064289831_192.168.23.1_53264
21:24:45:290  INFO 58544 --- [main] com.alibaba.nacos.common.remote.client   : [6c5281da-f729-490e-a4e6-aa657436cfb1] Register server push request handler:com.alibaba.nacos.common.remote.client.RpcClient$ConnectResetRequestHandler
21:24:45:290  INFO 58544 --- [main] com.alibaba.nacos.common.remote.client   : [6c5281da-f729-490e-a4e6-aa657436cfb1] Register server push request handler:com.alibaba.nacos.common.remote.client.RpcClient$$Lambda$475/0x00000008403ef040
21:24:45:290  INFO 58544 --- [com.alibaba.nacos.client.remote.worker] com.alibaba.nacos.common.remote.client   : [6c5281da-f729-490e-a4e6-aa657436cfb1] Notify connected event to listeners.
21:24:45:318  INFO 58544 --- [main] o.s.b.w.embedded.tomcat.TomcatWebServer  : Tomcat started on port(s): 8087 (http) with context path ''
21:24:45:325  INFO 58544 --- [main] c.a.c.n.registry.NacosServiceRegistry    : nacos registry, DEFAULT_GROUP search-service 192.168.15.1:8087 register finished
21:24:45:692  INFO 58544 --- [main] d.s.w.p.DocumentationPluginsBootstrapper : Documentation plugins bootstrapped
21:24:45:694  INFO 58544 --- [main] d.s.w.p.DocumentationPluginsBootstrapper : Found 1 custom documentation plugin(s)
21:24:45:709  INFO 58544 --- [main] s.d.s.w.s.ApiListingReferenceScanner     : Scanning for api listing references
21:24:45:774  INFO 58544 --- [main] .d.s.w.r.o.CachingOperationNameGenerator : Generating unique operation named: searchUsingGET_1
21:24:45:780  INFO 58544 --- [main] o.s.a.r.c.CachingConnectionFactory       : Attempting to connect to: [192.168.23.128:5672]
21:24:45:816  INFO 58544 --- [main] o.s.a.r.c.CachingConnectionFactory       : Created new connection: rabbitConnectionFactory#7bca98d5:0/SimpleConnection@58052571 [delegate=amqp://hmall@192.168.23.128:5672//hmall, localPort= 53270]
21:24:45:832  INFO 58544 --- [nacos-grpc-client-executor-6] com.alibaba.nacos.common.remote.client   : [6c5281da-f729-490e-a4e6-aa657436cfb1] Receive server push request, request = NotifySubscriberRequest, requestId = 27
21:24:45:846  INFO 58544 --- [nacos-grpc-client-executor-6] com.alibaba.nacos.common.remote.client   : [6c5281da-f729-490e-a4e6-aa657436cfb1] Ack server push request, request = NotifySubscriberRequest, requestId = 27
21:24:45:881  INFO 58544 --- [main] com.hmall.search.SearchApplication       : Started SearchApplication in 9.501 seconds (JVM running for 10.375)
21:24:45:886  INFO 58544 --- [main] c.a.c.n.refresh.NacosContextRefresher    : [Nacos Config] Listening config: dataId=search-service, group=DEFAULT_GROUP
21:24:45:886  INFO 58544 --- [main] c.a.c.n.refresh.NacosContextRefresher    : [Nacos Config] Listening config: dataId=search-service.yaml, group=DEFAULT_GROUP
21:24:45:887  INFO 58544 --- [main] c.a.c.n.refresh.NacosContextRefresher    : [Nacos Config] Listening config: dataId=search-service-local.yaml, group=DEFAULT_GROUP
21:26:03:932  WARN 58544 --- [Thread-1] c.a.n.common.http.HttpClientBeanHolder   : [HttpClientBeanHolder] Start destroying common HttpClient
21:26:03:932  WARN 58544 --- [Thread-5] c.a.nacos.common.notify.NotifyCenter     : [NotifyCenter] Start destroying Publisher
21:26:03:949  WARN 58544 --- [Thread-5] c.a.nacos.common.notify.NotifyCenter     : [NotifyCenter] Destruction of the end
21:26:03:956  WARN 58544 --- [Thread-1] c.a.n.common.http.HttpClientBeanHolder   : [HttpClientBeanHolder] Destruction of the end
21:26:04:110  INFO 58544 --- [org.springframework.amqp.rabbit.RabbitListenerEndpointContainer#0-2] o.s.a.r.l.SimpleMessageListenerContainer : Waiting for workers to finish.
21:26:04:110  INFO 58544 --- [org.springframework.amqp.rabbit.RabbitListenerEndpointContainer#1-2] o.s.a.r.l.SimpleMessageListenerContainer : Waiting for workers to finish.
21:26:04:339  INFO 58544 --- [org.springframework.amqp.rabbit.RabbitListenerEndpointContainer#1-2] o.s.a.r.l.SimpleMessageListenerContainer : Successfully waited for workers to finish.
21:26:04:339  INFO 58544 --- [org.springframework.amqp.rabbit.RabbitListenerEndpointContainer#0-2] o.s.a.r.l.SimpleMessageListenerContainer : Successfully waited for workers to finish.
21:26:04:705  INFO 58544 --- [SpringContextShutdownHook] c.a.c.n.registry.NacosServiceRegistry    : De-registering from Nacos Server now...
21:26:04:711  INFO 58544 --- [SpringContextShutdownHook] c.a.c.n.registry.NacosServiceRegistry    : De-registration finished.
21:26:05:047  INFO 58544 --- [SpringContextShutdownHook] com.alibaba.nacos.common.remote.client   : Shutdown rpc client, set status to shutdown
21:26:05:048  INFO 58544 --- [SpringContextShutdownHook] com.alibaba.nacos.common.remote.client   : Shutdown client event executor java.util.concurrent.ScheduledThreadPoolExecutor@7592c8e1[Running, pool size = 2, active threads = 2, queued tasks = 0, completed tasks = 0]
21:26:05:048  INFO 58544 --- [SpringContextShutdownHook] com.alibaba.nacos.common.remote.client   : Close current connection 1766064289831_192.168.23.1_53264
21:26:05:053  INFO 58544 --- [nacos-grpc-client-executor-24] c.a.n.c.remote.client.grpc.GrpcClient    : [1766064289831_192.168.23.1_53264]Ignore complete event,isRunning:false,isAbandon=false
21:26:05:068  INFO 58544 --- [SpringContextShutdownHook] c.a.n.c.remote.client.grpc.GrpcClient    : Shutdown grpc executor java.util.concurrent.ThreadPoolExecutor@663c0f3e[Running, pool size = 5, active threads = 0, queued tasks = 0, completed tasks = 25]
21:26:05:077  INFO 58544 --- [SpringContextShutdownHook] com.zaxxer.hikari.HikariDataSource       : HikariPool-1 - Shutdown initiated...
21:26:05:115  INFO 58544 --- [SpringContextShutdownHook] com.zaxxer.hikari.HikariDataSource       : HikariPool-1 - Shutdown completed.
21:26:05:117  INFO 58544 --- [SpringContextShutdownHook] o.s.a.r.l.SimpleMessageListenerContainer : Shutdown ignored - container is already stopped
21:26:05:117  INFO 58544 --- [SpringContextShutdownHook] o.s.a.r.l.SimpleMessageListenerContainer : Shutdown ignored - container is already stopped
21:26:14:315  INFO 59928 --- [main] com.hmall.search.SearchApplication       : The following 1 profile is active: "local"
21:26:15:371  INFO 59928 --- [main] o.s.cloud.context.scope.GenericScope     : BeanFactory id=e59cb67c-5044-3b68-b0d2-a7f38eef80e7
21:26:15:446  INFO 59928 --- [main] trationDelegate$BeanPostProcessorChecker : Bean 'io.seata.spring.boot.autoconfigure.SeataCoreAutoConfiguration' of type [io.seata.spring.boot.autoconfigure.SeataCoreAutoConfiguration] is not eligible for getting processed by all BeanPostProcessors (for example: not eligible for auto-proxying)
21:26:15:447  INFO 59928 --- [main] trationDelegate$BeanPostProcessorChecker : Bean 'springApplicationContextProvider' of type [io.seata.spring.boot.autoconfigure.provider.SpringApplicationContextProvider] is not eligible for getting processed by all BeanPostProcessors (for example: not eligible for auto-proxying)
21:26:15:448  INFO 59928 --- [main] trationDelegate$BeanPostProcessorChecker : Bean 'io.seata.spring.boot.autoconfigure.SeataAutoConfiguration' of type [io.seata.spring.boot.autoconfigure.SeataAutoConfiguration] is not eligible for getting processed by all BeanPostProcessors (for example: not eligible for auto-proxying)
21:26:15:557  INFO 59928 --- [main] trationDelegate$BeanPostProcessorChecker : Bean 'failureHandler' of type [io.seata.tm.api.DefaultFailureHandlerImpl] is not eligible for getting processed by all BeanPostProcessors (for example: not eligible for auto-proxying)
21:26:15:561  INFO 59928 --- [main] trationDelegate$BeanPostProcessorChecker : Bean 'org.springframework.cloud.commons.config.CommonsConfigAutoConfiguration' of type [org.springframework.cloud.commons.config.CommonsConfigAutoConfiguration] is not eligible for getting processed by all BeanPostProcessors (for example: not eligible for auto-proxying)
21:26:15:564  INFO 59928 --- [main] trationDelegate$BeanPostProcessorChecker : Bean 'org.springframework.cloud.client.loadbalancer.LoadBalancerDefaultMappingsProviderAutoConfiguration' of type [org.springframework.cloud.client.loadbalancer.LoadBalancerDefaultMappingsProviderAutoConfiguration] is not eligible for getting processed by all BeanPostProcessors (for example: not eligible for auto-proxying)
21:26:15:564  INFO 59928 --- [main] trationDelegate$BeanPostProcessorChecker : Bean 'loadBalancerClientsDefaultsMappingsProvider' of type [org.springframework.cloud.client.loadbalancer.LoadBalancerDefaultMappingsProviderAutoConfiguration$$Lambda$569/0x00000008405d7840] is not eligible for getting processed by all BeanPostProcessors (for example: not eligible for auto-proxying)
21:26:15:565  INFO 59928 --- [main] trationDelegate$BeanPostProcessorChecker : Bean 'defaultsBindHandlerAdvisor' of type [org.springframework.cloud.commons.config.DefaultsBindHandlerAdvisor] is not eligible for getting processed by all BeanPostProcessors (for example: not eligible for auto-proxying)
21:26:15:567  INFO 59928 --- [main] trationDelegate$BeanPostProcessorChecker : Bean 'springCloudAlibabaConfiguration' of type [io.seata.spring.boot.autoconfigure.properties.SpringCloudAlibabaConfiguration] is not eligible for getting processed by all BeanPostProcessors (for example: not eligible for auto-proxying)
21:26:15:570  INFO 59928 --- [main] trationDelegate$BeanPostProcessorChecker : Bean 'seataProperties' of type [io.seata.spring.boot.autoconfigure.properties.SeataProperties] is not eligible for getting processed by all BeanPostProcessors (for example: not eligible for auto-proxying)
21:26:15:572  INFO 59928 --- [main] i.s.s.b.a.SeataAutoConfiguration         : Automatically configure Seata
21:26:15:669  INFO 59928 --- [main] io.seata.config.ConfigurationFactory     : load Configuration from :Spring Configuration
21:26:15:680  INFO 59928 --- [main] io.seata.config.ConfigurationFactory     : load Configuration from :Spring Configuration
21:26:15:743  INFO 59928 --- [main] i.s.s.a.GlobalTransactionScanner         : Initializing Global Transaction Clients ... 
21:26:15:931  INFO 59928 --- [main] i.s.core.rpc.netty.NettyClientBootstrap  : NettyClientBootstrap has started
21:26:16:143  INFO 59928 --- [main] com.alibaba.nacos.common.remote.client   : [RpcClientFactory] create a new rpc client of baab466d-33fc-4f62-a599-fc7edb8f10dc
21:26:16:144  INFO 59928 --- [main] com.alibaba.nacos.common.remote.client   : [baab466d-33fc-4f62-a599-fc7edb8f10dc] RpcClient init label, labels = {module=naming, source=sdk}
21:26:16:145  INFO 59928 --- [main] com.alibaba.nacos.common.remote.client   : [baab466d-33fc-4f62-a599-fc7edb8f10dc] RpcClient init, ServerListFactory = com.alibaba.nacos.client.naming.core.ServerListManager
21:26:16:145  INFO 59928 --- [main] com.alibaba.nacos.common.remote.client   : [baab466d-33fc-4f62-a599-fc7edb8f10dc] Registry connection listener to current client:com.alibaba.nacos.client.naming.remote.gprc.redo.NamingGrpcRedoService
21:26:16:145  INFO 59928 --- [main] com.alibaba.nacos.common.remote.client   : [baab466d-33fc-4f62-a599-fc7edb8f10dc] Register server push request handler:com.alibaba.nacos.client.naming.remote.gprc.NamingPushRequestHandler
21:26:16:145  INFO 59928 --- [main] com.alibaba.nacos.common.remote.client   : [baab466d-33fc-4f62-a599-fc7edb8f10dc] Try to connect to server on start up, server: {serverIp = '192.168.23.128', server main port = 8848}
21:26:16:270  INFO 59928 --- [main] com.alibaba.nacos.common.remote.client   : [baab466d-33fc-4f62-a599-fc7edb8f10dc] Success to connect to server [192.168.23.128:8848] on start up, connectionId = 1766064380808_192.168.23.1_65425
21:26:16:270  INFO 59928 --- [main] com.alibaba.nacos.common.remote.client   : [baab466d-33fc-4f62-a599-fc7edb8f10dc] Register server push request handler:com.alibaba.nacos.common.remote.client.RpcClient$ConnectResetRequestHandler
21:26:16:270  INFO 59928 --- [main] com.alibaba.nacos.common.remote.client   : [baab466d-33fc-4f62-a599-fc7edb8f10dc] Register server push request handler:com.alibaba.nacos.common.remote.client.RpcClient$$Lambda$475/0x00000008403ef440
21:26:16:270  INFO 59928 --- [com.alibaba.nacos.client.remote.worker] com.alibaba.nacos.common.remote.client   : [baab466d-33fc-4f62-a599-fc7edb8f10dc] Notify connected event to listeners.
21:26:16:320  INFO 59928 --- [main] i.s.c.r.netty.NettyClientChannelManager  : will connect to 192.168.23.128:8099
21:26:16:591  INFO 59928 --- [main] i.s.core.rpc.netty.NettyPoolableFactory  : NettyPool create channel to transactionRole:TMROLE,address:192.168.23.128:8099,msg:< RegisterTMRequest{applicationId='search-service', transactionServiceGroup='hmall'} >
21:26:16:856  INFO 59928 --- [nacos-grpc-client-executor-5] com.alibaba.nacos.common.remote.client   : [baab466d-33fc-4f62-a599-fc7edb8f10dc] Receive server push request, request = NotifySubscriberRequest, requestId = 28
21:26:16:866  INFO 59928 --- [nacos-grpc-client-executor-5] com.alibaba.nacos.common.remote.client   : [baab466d-33fc-4f62-a599-fc7edb8f10dc] Ack server push request, request = NotifySubscriberRequest, requestId = 28
21:26:16:977  INFO 59928 --- [main] i.s.c.rpc.netty.TmNettyRemotingClient    : register TM success. client version:1.5.2, server version:1.5.2,channel:[id: 0xa5eff4f7, L:/192.168.23.1:58940 - R:/192.168.23.128:8099]
21:26:16:979  INFO 59928 --- [main] i.s.core.rpc.netty.NettyPoolableFactory  : register success, cost 44 ms, version:1.5.2,role:TMROLE,channel:[id: 0xa5eff4f7, L:/192.168.23.1:58940 - R:/192.168.23.128:8099]
21:26:16:980  INFO 59928 --- [main] i.s.s.a.GlobalTransactionScanner         : Transaction Manager Client is initialized. applicationId[search-service] txServiceGroup[hmall]
21:26:16:989  INFO 59928 --- [main] io.seata.rm.datasource.AsyncWorker       : Async Commit Buffer Limit: 10000
21:26:16:989  INFO 59928 --- [main] i.s.rm.datasource.xa.ResourceManagerXA   : ResourceManagerXA init ...
21:26:16:996  INFO 59928 --- [main] i.s.core.rpc.netty.NettyClientBootstrap  : NettyClientBootstrap has started
21:26:16:996  INFO 59928 --- [main] i.s.s.a.GlobalTransactionScanner         : Resource Manager is initialized. applicationId[search-service] txServiceGroup[hmall]
21:26:16:996  INFO 59928 --- [main] i.s.s.a.GlobalTransactionScanner         : Global Transaction Clients are initialized. 
21:26:16:999  INFO 59928 --- [main] trationDelegate$BeanPostProcessorChecker : Bean 'io.seata.spring.boot.autoconfigure.SeataDataSourceAutoConfiguration' of type [io.seata.spring.boot.autoconfigure.SeataDataSourceAutoConfiguration] is not eligible for getting processed by all BeanPostProcessors (for example: not eligible for auto-proxying)
21:26:17:070  INFO 59928 --- [main] trationDelegate$BeanPostProcessorChecker : Bean 'com.alibaba.cloud.seata.feign.SeataFeignClientAutoConfiguration$FeignBeanPostProcessorConfiguration' of type [com.alibaba.cloud.seata.feign.SeataFeignClientAutoConfiguration$FeignBeanPostProcessorConfiguration] is not eligible for getting processed by all BeanPostProcessors (for example: not eligible for auto-proxying)
21:26:17:072  INFO 59928 --- [main] trationDelegate$BeanPostProcessorChecker : Bean 'seataFeignObjectWrapper' of type [com.alibaba.cloud.seata.feign.SeataFeignObjectWrapper] is not eligible for getting processed by all BeanPostProcessors (for example: not eligible for auto-proxying)
21:26:17:337  INFO 59928 --- [main] o.s.b.w.embedded.tomcat.TomcatWebServer  : Tomcat initialized with port(s): 8087 (http)
21:26:17:346  INFO 59928 --- [main] o.apache.catalina.core.StandardService   : Starting service [Tomcat]
21:26:17:346  INFO 59928 --- [main] org.apache.catalina.core.StandardEngine  : Starting Servlet engine: [Apache Tomcat/9.0.75]
21:26:17:511  INFO 59928 --- [main] o.a.c.c.C.[Tomcat].[localhost].[/]       : Initializing Spring embedded WebApplicationContext
21:26:17:511  INFO 59928 --- [main] w.s.c.ServletWebServerApplicationContext : Root WebApplicationContext: initialization completed in 3181 ms
21:26:17:654  INFO 59928 --- [main] o.s.c.openfeign.FeignClientFactoryBean   : For 'item-service' URL not provided. Will try picking an instance via load-balancing.
21:26:17:968  INFO 59928 --- [main] o.s.c.openfeign.FeignClientFactoryBean   : For 'trade-service' URL not provided. Will try picking an instance via load-balancing.
21:26:18:083  INFO 59928 --- [main] com.zaxxer.hikari.HikariDataSource       : HikariPool-1 - Starting...
21:26:18:313  INFO 59928 --- [main] com.zaxxer.hikari.HikariDataSource       : HikariPool-1 - Start completed.
21:26:18:403  INFO 59928 --- [main] i.s.c.r.netty.NettyClientChannelManager  : will connect to 192.168.23.128:8099
21:26:18:403  INFO 59928 --- [main] i.s.c.rpc.netty.RmNettyRemotingClient    : RM will register :jdbc:mysql://192.168.23.128:3306/hm-item
21:26:18:404  INFO 59928 --- [main] i.s.core.rpc.netty.NettyPoolableFactory  : NettyPool create channel to transactionRole:RMROLE,address:192.168.23.128:8099,msg:< RegisterRMRequest{resourceIds='jdbc:mysql://192.168.23.128:3306/hm-item', applicationId='search-service', transactionServiceGroup='hmall'} >
21:26:18:413  INFO 59928 --- [main] i.s.c.rpc.netty.RmNettyRemotingClient    : register RM success. client version:1.5.2, server version:1.5.2,channel:[id: 0x872be350, L:/192.168.23.1:59035 - R:/192.168.23.128:8099]
21:26:18:413  INFO 59928 --- [main] i.s.core.rpc.netty.NettyPoolableFactory  : register success, cost 7 ms, version:1.5.2,role:RMROLE,channel:[id: 0x872be350, L:/192.168.23.1:59035 - R:/192.168.23.128:8099]
21:26:19:731  INFO 59928 --- [main] pertySourcedRequestMappingHandlerMapping : Mapped URL path [/v2/api-docs] onto method [springfox.documentation.swagger2.web.Swagger2ControllerWebMvc#getDocumentation(String, HttpServletRequest)]
21:26:20:370  INFO 59928 --- [main] com.alibaba.nacos.common.remote.client   : [RpcClientFactory] create a new rpc client of 5ab8faea-0791-40c1-a2e6-fd2c065d990e
21:26:20:370  INFO 59928 --- [main] com.alibaba.nacos.common.remote.client   : [5ab8faea-0791-40c1-a2e6-fd2c065d990e] RpcClient init label, labels = {module=naming, source=sdk}
21:26:20:371  INFO 59928 --- [main] com.alibaba.nacos.common.remote.client   : [5ab8faea-0791-40c1-a2e6-fd2c065d990e] RpcClient init, ServerListFactory = com.alibaba.nacos.client.naming.core.ServerListManager
21:26:20:371  INFO 59928 --- [main] com.alibaba.nacos.common.remote.client   : [5ab8faea-0791-40c1-a2e6-fd2c065d990e] Registry connection listener to current client:com.alibaba.nacos.client.naming.remote.gprc.redo.NamingGrpcRedoService
21:26:20:371  INFO 59928 --- [main] com.alibaba.nacos.common.remote.client   : [5ab8faea-0791-40c1-a2e6-fd2c065d990e] Register server push request handler:com.alibaba.nacos.client.naming.remote.gprc.NamingPushRequestHandler
21:26:20:371  INFO 59928 --- [main] com.alibaba.nacos.common.remote.client   : [5ab8faea-0791-40c1-a2e6-fd2c065d990e] Try to connect to server on start up, server: {serverIp = '192.168.23.128', server main port = 8848}
21:26:20:499  INFO 59928 --- [main] com.alibaba.nacos.common.remote.client   : [5ab8faea-0791-40c1-a2e6-fd2c065d990e] Success to connect to server [192.168.23.128:8848] on start up, connectionId = 1766064385033_192.168.23.1_55403
21:26:20:499  INFO 59928 --- [main] com.alibaba.nacos.common.remote.client   : [5ab8faea-0791-40c1-a2e6-fd2c065d990e] Register server push request handler:com.alibaba.nacos.common.remote.client.RpcClient$ConnectResetRequestHandler
21:26:20:499  INFO 59928 --- [com.alibaba.nacos.client.remote.worker] com.alibaba.nacos.common.remote.client   : [5ab8faea-0791-40c1-a2e6-fd2c065d990e] Notify connected event to listeners.
21:26:20:499  INFO 59928 --- [main] com.alibaba.nacos.common.remote.client   : [5ab8faea-0791-40c1-a2e6-fd2c065d990e] Register server push request handler:com.alibaba.nacos.common.remote.client.RpcClient$$Lambda$475/0x00000008403ef440
21:26:20:548  INFO 59928 --- [main] o.s.b.w.embedded.tomcat.TomcatWebServer  : Tomcat started on port(s): 8087 (http) with context path ''
21:26:20:554  INFO 59928 --- [main] c.a.c.n.registry.NacosServiceRegistry    : nacos registry, DEFAULT_GROUP search-service 192.168.15.1:8087 register finished
21:26:20:973  INFO 59928 --- [main] d.s.w.p.DocumentationPluginsBootstrapper : Documentation plugins bootstrapped
21:26:20:975  INFO 59928 --- [main] d.s.w.p.DocumentationPluginsBootstrapper : Found 1 custom documentation plugin(s)
21:26:20:993  INFO 59928 --- [main] s.d.s.w.s.ApiListingReferenceScanner     : Scanning for api listing references
21:26:21:061  INFO 59928 --- [main] .d.s.w.r.o.CachingOperationNameGenerator : Generating unique operation named: searchUsingGET_1
21:26:21:064  INFO 59928 --- [nacos-grpc-client-executor-6] com.alibaba.nacos.common.remote.client   : [5ab8faea-0791-40c1-a2e6-fd2c065d990e] Receive server push request, request = NotifySubscriberRequest, requestId = 29
21:26:21:069  INFO 59928 --- [main] o.s.a.r.c.CachingConnectionFactory       : Attempting to connect to: [192.168.23.128:5672]
21:26:21:076  INFO 59928 --- [nacos-grpc-client-executor-6] com.alibaba.nacos.common.remote.client   : [5ab8faea-0791-40c1-a2e6-fd2c065d990e] Ack server push request, request = NotifySubscriberRequest, requestId = 29
21:26:21:121  INFO 59928 --- [main] o.s.a.r.c.CachingConnectionFactory       : Created new connection: rabbitConnectionFactory#7bca98d5:0/SimpleConnection@4fc9e73d [delegate=amqp://hmall@192.168.23.128:5672//hmall, localPort= 51509]
21:26:21:196  INFO 59928 --- [main] com.hmall.search.SearchApplication       : Started SearchApplication in 10.241 seconds (JVM running for 11.167)
21:26:21:208  INFO 59928 --- [main] c.a.c.n.refresh.NacosContextRefresher    : [Nacos Config] Listening config: dataId=search-service, group=DEFAULT_GROUP
21:26:21:209  INFO 59928 --- [main] c.a.c.n.refresh.NacosContextRefresher    : [Nacos Config] Listening config: dataId=search-service.yaml, group=DEFAULT_GROUP
21:26:21:210  INFO 59928 --- [main] c.a.c.n.refresh.NacosContextRefresher    : [Nacos Config] Listening config: dataId=search-service-local.yaml, group=DEFAULT_GROUP
21:28:57:562  WARN 59928 --- [Thread-1] c.a.n.common.http.HttpClientBeanHolder   : [HttpClientBeanHolder] Start destroying common HttpClient
21:28:57:562  WARN 59928 --- [Thread-5] c.a.nacos.common.notify.NotifyCenter     : [NotifyCenter] Start destroying Publisher
21:28:57:578  WARN 59928 --- [Thread-5] c.a.nacos.common.notify.NotifyCenter     : [NotifyCenter] Destruction of the end
21:28:57:585  WARN 59928 --- [Thread-1] c.a.n.common.http.HttpClientBeanHolder   : [HttpClientBeanHolder] Destruction of the end
21:28:57:691  INFO 59928 --- [org.springframework.amqp.rabbit.RabbitListenerEndpointContainer#0-2] o.s.a.r.l.SimpleMessageListenerContainer : Waiting for workers to finish.
21:28:57:693  INFO 59928 --- [org.springframework.amqp.rabbit.RabbitListenerEndpointContainer#1-2] o.s.a.r.l.SimpleMessageListenerContainer : Waiting for workers to finish.
21:28:58:191  INFO 59928 --- [org.springframework.amqp.rabbit.RabbitListenerEndpointContainer#1-2] o.s.a.r.l.SimpleMessageListenerContainer : Successfully waited for workers to finish.
21:28:58:191  INFO 59928 --- [org.springframework.amqp.rabbit.RabbitListenerEndpointContainer#0-2] o.s.a.r.l.SimpleMessageListenerContainer : Successfully waited for workers to finish.
21:28:58:511  INFO 59928 --- [SpringContextShutdownHook] c.a.c.n.registry.NacosServiceRegistry    : De-registering from Nacos Server now...
21:28:58:517  INFO 59928 --- [SpringContextShutdownHook] c.a.c.n.registry.NacosServiceRegistry    : De-registration finished.
21:28:58:854  INFO 59928 --- [SpringContextShutdownHook] com.alibaba.nacos.common.remote.client   : Shutdown rpc client, set status to shutdown
21:28:58:854  INFO 59928 --- [SpringContextShutdownHook] com.alibaba.nacos.common.remote.client   : Shutdown client event executor java.util.concurrent.ScheduledThreadPoolExecutor@6b4c698a[Running, pool size = 2, active threads = 2, queued tasks = 0, completed tasks = 0]
21:28:58:855  INFO 59928 --- [SpringContextShutdownHook] com.alibaba.nacos.common.remote.client   : Close current connection 1766064385033_192.168.23.1_55403
21:28:58:858  INFO 59928 --- [nacos-grpc-client-executor-41] c.a.n.c.remote.client.grpc.GrpcClient    : [1766064385033_192.168.23.1_55403]Ignore complete event,isRunning:false,isAbandon=false
21:28:58:872  INFO 59928 --- [SpringContextShutdownHook] c.a.n.c.remote.client.grpc.GrpcClient    : Shutdown grpc executor java.util.concurrent.ThreadPoolExecutor@4cc57c4d[Running, pool size = 5, active threads = 0, queued tasks = 0, completed tasks = 42]
21:28:58:883  INFO 59928 --- [SpringContextShutdownHook] com.zaxxer.hikari.HikariDataSource       : HikariPool-1 - Shutdown initiated...
21:28:58:920  INFO 59928 --- [SpringContextShutdownHook] com.zaxxer.hikari.HikariDataSource       : HikariPool-1 - Shutdown completed.
21:28:58:921  INFO 59928 --- [SpringContextShutdownHook] o.s.a.r.l.SimpleMessageListenerContainer : Shutdown ignored - container is already stopped
21:28:58:922  INFO 59928 --- [SpringContextShutdownHook] o.s.a.r.l.SimpleMessageListenerContainer : Shutdown ignored - container is already stopped
21:28:58:949  INFO 59928 --- [NettyClientSelector_RMROLE_1_1] i.s.c.r.n.AbstractNettyRemotingClient    : channel inactive: [id: 0x872be350, L:/192.168.23.1:59035 ! R:/192.168.23.128:8099]
21:28:58:950  INFO 59928 --- [NettyClientSelector_RMROLE_1_1] i.s.c.r.netty.NettyClientChannelManager  : return to pool, rm channel:[id: 0x872be350, L:/192.168.23.1:59035 ! R:/192.168.23.128:8099]
21:28:58:952  INFO 59928 --- [NettyClientSelector_RMROLE_1_1] i.s.core.rpc.netty.NettyPoolableFactory  : channel valid false,channel:[id: 0x872be350, L:/192.168.23.1:59035 ! R:/192.168.23.128:8099]
21:28:58:953  INFO 59928 --- [NettyClientSelector_RMROLE_1_1] i.s.core.rpc.netty.NettyPoolableFactory  : will destroy channel:[id: 0x872be350, L:/192.168.23.1:59035 ! R:/192.168.23.128:8099]
21:28:58:954  INFO 59928 --- [NettyClientSelector_RMROLE_1_1] i.s.c.r.n.AbstractNettyRemotingClient    : ChannelHandlerContext(AbstractNettyRemotingClient$ClientHandler#0, [id: 0x872be350, L:/192.168.23.1:59035 ! R:/192.168.23.128:8099]) will closed
21:28:58:954  INFO 59928 --- [NettyClientSelector_RMROLE_1_1] i.s.c.r.n.AbstractNettyRemotingClient    : ChannelHandlerContext(AbstractNettyRemotingClient$ClientHandler#0, [id: 0x872be350, L:/192.168.23.1:59035 ! R:/192.168.23.128:8099]) will closed
21:29:09:364  INFO 8608 --- [main] com.hmall.search.SearchApplication       : The following 1 profile is active: "local"
21:29:10:542  INFO 8608 --- [main] o.s.cloud.context.scope.GenericScope     : BeanFactory id=e59cb67c-5044-3b68-b0d2-a7f38eef80e7
21:29:10:607  INFO 8608 --- [main] trationDelegate$BeanPostProcessorChecker : Bean 'io.seata.spring.boot.autoconfigure.SeataCoreAutoConfiguration' of type [io.seata.spring.boot.autoconfigure.SeataCoreAutoConfiguration] is not eligible for getting processed by all BeanPostProcessors (for example: not eligible for auto-proxying)
21:29:10:607  INFO 8608 --- [main] trationDelegate$BeanPostProcessorChecker : Bean 'springApplicationContextProvider' of type [io.seata.spring.boot.autoconfigure.provider.SpringApplicationContextProvider] is not eligible for getting processed by all BeanPostProcessors (for example: not eligible for auto-proxying)
21:29:10:608  INFO 8608 --- [main] trationDelegate$BeanPostProcessorChecker : Bean 'io.seata.spring.boot.autoconfigure.SeataAutoConfiguration' of type [io.seata.spring.boot.autoconfigure.SeataAutoConfiguration] is not eligible for getting processed by all BeanPostProcessors (for example: not eligible for auto-proxying)
21:29:10:653  INFO 8608 --- [main] trationDelegate$BeanPostProcessorChecker : Bean 'failureHandler' of type [io.seata.tm.api.DefaultFailureHandlerImpl] is not eligible for getting processed by all BeanPostProcessors (for example: not eligible for auto-proxying)
21:29:10:656  INFO 8608 --- [main] trationDelegate$BeanPostProcessorChecker : Bean 'org.springframework.cloud.commons.config.CommonsConfigAutoConfiguration' of type [org.springframework.cloud.commons.config.CommonsConfigAutoConfiguration] is not eligible for getting processed by all BeanPostProcessors (for example: not eligible for auto-proxying)
21:29:10:657  INFO 8608 --- [main] trationDelegate$BeanPostProcessorChecker : Bean 'org.springframework.cloud.client.loadbalancer.LoadBalancerDefaultMappingsProviderAutoConfiguration' of type [org.springframework.cloud.client.loadbalancer.LoadBalancerDefaultMappingsProviderAutoConfiguration] is not eligible for getting processed by all BeanPostProcessors (for example: not eligible for auto-proxying)
21:29:10:658  INFO 8608 --- [main] trationDelegate$BeanPostProcessorChecker : Bean 'loadBalancerClientsDefaultsMappingsProvider' of type [org.springframework.cloud.client.loadbalancer.LoadBalancerDefaultMappingsProviderAutoConfiguration$$Lambda$569/0x00000008405d0c40] is not eligible for getting processed by all BeanPostProcessors (for example: not eligible for auto-proxying)
21:29:10:659  INFO 8608 --- [main] trationDelegate$BeanPostProcessorChecker : Bean 'defaultsBindHandlerAdvisor' of type [org.springframework.cloud.commons.config.DefaultsBindHandlerAdvisor] is not eligible for getting processed by all BeanPostProcessors (for example: not eligible for auto-proxying)
21:29:10:661  INFO 8608 --- [main] trationDelegate$BeanPostProcessorChecker : Bean 'springCloudAlibabaConfiguration' of type [io.seata.spring.boot.autoconfigure.properties.SpringCloudAlibabaConfiguration] is not eligible for getting processed by all BeanPostProcessors (for example: not eligible for auto-proxying)
21:29:10:665  INFO 8608 --- [main] trationDelegate$BeanPostProcessorChecker : Bean 'seataProperties' of type [io.seata.spring.boot.autoconfigure.properties.SeataProperties] is not eligible for getting processed by all BeanPostProcessors (for example: not eligible for auto-proxying)
21:29:10:668  INFO 8608 --- [main] i.s.s.b.a.SeataAutoConfiguration         : Automatically configure Seata
21:29:10:735  INFO 8608 --- [main] io.seata.config.ConfigurationFactory     : load Configuration from :Spring Configuration
21:29:10:740  INFO 8608 --- [main] io.seata.config.ConfigurationFactory     : load Configuration from :Spring Configuration
21:29:10:804  INFO 8608 --- [main] i.s.s.a.GlobalTransactionScanner         : Initializing Global Transaction Clients ... 
21:29:10:896  INFO 8608 --- [main] i.s.core.rpc.netty.NettyClientBootstrap  : NettyClientBootstrap has started
21:29:11:039  INFO 8608 --- [main] com.alibaba.nacos.common.remote.client   : [RpcClientFactory] create a new rpc client of 2c8d6f71-7e34-4a81-9d5c-c7eb1cb02cb8
21:29:11:039  INFO 8608 --- [main] com.alibaba.nacos.common.remote.client   : [2c8d6f71-7e34-4a81-9d5c-c7eb1cb02cb8] RpcClient init label, labels = {module=naming, source=sdk}
21:29:11:040  INFO 8608 --- [main] com.alibaba.nacos.common.remote.client   : [2c8d6f71-7e34-4a81-9d5c-c7eb1cb02cb8] RpcClient init, ServerListFactory = com.alibaba.nacos.client.naming.core.ServerListManager
21:29:11:040  INFO 8608 --- [main] com.alibaba.nacos.common.remote.client   : [2c8d6f71-7e34-4a81-9d5c-c7eb1cb02cb8] Registry connection listener to current client:com.alibaba.nacos.client.naming.remote.gprc.redo.NamingGrpcRedoService
21:29:11:041  INFO 8608 --- [main] com.alibaba.nacos.common.remote.client   : [2c8d6f71-7e34-4a81-9d5c-c7eb1cb02cb8] Register server push request handler:com.alibaba.nacos.client.naming.remote.gprc.NamingPushRequestHandler
21:29:11:041  INFO 8608 --- [main] com.alibaba.nacos.common.remote.client   : [2c8d6f71-7e34-4a81-9d5c-c7eb1cb02cb8] Try to connect to server on start up, server: {serverIp = '192.168.23.128', server main port = 8848}
21:29:11:174  INFO 8608 --- [main] com.alibaba.nacos.common.remote.client   : [2c8d6f71-7e34-4a81-9d5c-c7eb1cb02cb8] Success to connect to server [192.168.23.128:8848] on start up, connectionId = 1766064555706_192.168.23.1_51809
21:29:11:174  INFO 8608 --- [main] com.alibaba.nacos.common.remote.client   : [2c8d6f71-7e34-4a81-9d5c-c7eb1cb02cb8] Register server push request handler:com.alibaba.nacos.common.remote.client.RpcClient$ConnectResetRequestHandler
21:29:11:175  INFO 8608 --- [main] com.alibaba.nacos.common.remote.client   : [2c8d6f71-7e34-4a81-9d5c-c7eb1cb02cb8] Register server push request handler:com.alibaba.nacos.common.remote.client.RpcClient$$Lambda$475/0x00000008403ef040
21:29:11:174  INFO 8608 --- [com.alibaba.nacos.client.remote.worker] com.alibaba.nacos.common.remote.client   : [2c8d6f71-7e34-4a81-9d5c-c7eb1cb02cb8] Notify connected event to listeners.
21:29:11:224  INFO 8608 --- [main] i.s.c.r.netty.NettyClientChannelManager  : will connect to 192.168.23.128:8099
21:29:11:565  INFO 8608 --- [main] i.s.core.rpc.netty.NettyPoolableFactory  : NettyPool create channel to transactionRole:TMROLE,address:192.168.23.128:8099,msg:< RegisterTMRequest{applicationId='search-service', transactionServiceGroup='hmall'} >
21:29:11:771  INFO 8608 --- [nacos-grpc-client-executor-6] com.alibaba.nacos.common.remote.client   : [2c8d6f71-7e34-4a81-9d5c-c7eb1cb02cb8] Receive server push request, request = NotifySubscriberRequest, requestId = 30
21:29:11:785  INFO 8608 --- [nacos-grpc-client-executor-6] com.alibaba.nacos.common.remote.client   : [2c8d6f71-7e34-4a81-9d5c-c7eb1cb02cb8] Ack server push request, request = NotifySubscriberRequest, requestId = 30
21:29:11:990  INFO 8608 --- [main] i.s.c.rpc.netty.TmNettyRemotingClient    : register TM success. client version:1.5.2, server version:1.5.2,channel:[id: 0x63db38b9, L:/192.168.23.1:55579 - R:/192.168.23.128:8099]
21:29:11:994  INFO 8608 --- [main] i.s.core.rpc.netty.NettyPoolableFactory  : register success, cost 54 ms, version:1.5.2,role:TMROLE,channel:[id: 0x63db38b9, L:/192.168.23.1:55579 - R:/192.168.23.128:8099]
21:29:11:996  INFO 8608 --- [main] i.s.s.a.GlobalTransactionScanner         : Transaction Manager Client is initialized. applicationId[search-service] txServiceGroup[hmall]
21:29:12:005  INFO 8608 --- [main] io.seata.rm.datasource.AsyncWorker       : Async Commit Buffer Limit: 10000
21:29:12:006  INFO 8608 --- [main] i.s.rm.datasource.xa.ResourceManagerXA   : ResourceManagerXA init ...
21:29:12:014  INFO 8608 --- [main] i.s.core.rpc.netty.NettyClientBootstrap  : NettyClientBootstrap has started
21:29:12:014  INFO 8608 --- [main] i.s.s.a.GlobalTransactionScanner         : Resource Manager is initialized. applicationId[search-service] txServiceGroup[hmall]
21:29:12:014  INFO 8608 --- [main] i.s.s.a.GlobalTransactionScanner         : Global Transaction Clients are initialized. 
21:29:12:016  INFO 8608 --- [main] trationDelegate$BeanPostProcessorChecker : Bean 'io.seata.spring.boot.autoconfigure.SeataDataSourceAutoConfiguration' of type [io.seata.spring.boot.autoconfigure.SeataDataSourceAutoConfiguration] is not eligible for getting processed by all BeanPostProcessors (for example: not eligible for auto-proxying)
21:29:12:107  INFO 8608 --- [main] trationDelegate$BeanPostProcessorChecker : Bean 'com.alibaba.cloud.seata.feign.SeataFeignClientAutoConfiguration$FeignBeanPostProcessorConfiguration' of type [com.alibaba.cloud.seata.feign.SeataFeignClientAutoConfiguration$FeignBeanPostProcessorConfiguration] is not eligible for getting processed by all BeanPostProcessors (for example: not eligible for auto-proxying)
21:29:12:111  INFO 8608 --- [main] trationDelegate$BeanPostProcessorChecker : Bean 'seataFeignObjectWrapper' of type [com.alibaba.cloud.seata.feign.SeataFeignObjectWrapper] is not eligible for getting processed by all BeanPostProcessors (for example: not eligible for auto-proxying)
21:29:12:381  INFO 8608 --- [main] o.s.b.w.embedded.tomcat.TomcatWebServer  : Tomcat initialized with port(s): 8087 (http)
21:29:12:392  INFO 8608 --- [main] o.apache.catalina.core.StandardService   : Starting service [Tomcat]
21:29:12:392  INFO 8608 --- [main] org.apache.catalina.core.StandardEngine  : Starting Servlet engine: [Apache Tomcat/9.0.75]
21:29:12:588  INFO 8608 --- [main] o.a.c.c.C.[Tomcat].[localhost].[/]       : Initializing Spring embedded WebApplicationContext
21:29:12:589  INFO 8608 --- [main] w.s.c.ServletWebServerApplicationContext : Root WebApplicationContext: initialization completed in 3208 ms
21:29:12:824  INFO 8608 --- [main] o.s.c.openfeign.FeignClientFactoryBean   : For 'item-service' URL not provided. Will try picking an instance via load-balancing.
21:29:13:263  INFO 8608 --- [main] o.s.c.openfeign.FeignClientFactoryBean   : For 'trade-service' URL not provided. Will try picking an instance via load-balancing.
21:29:13:402  INFO 8608 --- [main] com.zaxxer.hikari.HikariDataSource       : HikariPool-1 - Starting...
21:29:13:684  INFO 8608 --- [main] com.zaxxer.hikari.HikariDataSource       : HikariPool-1 - Start completed.
21:29:13:787  INFO 8608 --- [main] i.s.c.r.netty.NettyClientChannelManager  : will connect to 192.168.23.128:8099
21:29:13:787  INFO 8608 --- [main] i.s.c.rpc.netty.RmNettyRemotingClient    : RM will register :jdbc:mysql://192.168.23.128:3306/hm-item
21:29:13:789  INFO 8608 --- [main] i.s.core.rpc.netty.NettyPoolableFactory  : NettyPool create channel to transactionRole:RMROLE,address:192.168.23.128:8099,msg:< RegisterRMRequest{resourceIds='jdbc:mysql://192.168.23.128:3306/hm-item', applicationId='search-service', transactionServiceGroup='hmall'} >
21:29:13:798  INFO 8608 --- [main] i.s.c.rpc.netty.RmNettyRemotingClient    : register RM success. client version:1.5.2, server version:1.5.2,channel:[id: 0x78c7c2de, L:/192.168.23.1:57453 - R:/192.168.23.128:8099]
21:29:13:798  INFO 8608 --- [main] i.s.core.rpc.netty.NettyPoolableFactory  : register success, cost 6 ms, version:1.5.2,role:RMROLE,channel:[id: 0x78c7c2de, L:/192.168.23.1:57453 - R:/192.168.23.128:8099]
21:29:15:749  INFO 8608 --- [main] pertySourcedRequestMappingHandlerMapping : Mapped URL path [/v2/api-docs] onto method [springfox.documentation.swagger2.web.Swagger2ControllerWebMvc#getDocumentation(String, HttpServletRequest)]
21:29:16:802  INFO 8608 --- [main] com.alibaba.nacos.common.remote.client   : [RpcClientFactory] create a new rpc client of 3eef3256-c30e-4ab9-9732-1b2dea126b8b
21:29:16:803  INFO 8608 --- [main] com.alibaba.nacos.common.remote.client   : [3eef3256-c30e-4ab9-9732-1b2dea126b8b] RpcClient init label, labels = {module=naming, source=sdk}
21:29:16:803  INFO 8608 --- [main] com.alibaba.nacos.common.remote.client   : [3eef3256-c30e-4ab9-9732-1b2dea126b8b] RpcClient init, ServerListFactory = com.alibaba.nacos.client.naming.core.ServerListManager
21:29:16:804  INFO 8608 --- [main] com.alibaba.nacos.common.remote.client   : [3eef3256-c30e-4ab9-9732-1b2dea126b8b] Registry connection listener to current client:com.alibaba.nacos.client.naming.remote.gprc.redo.NamingGrpcRedoService
21:29:16:804  INFO 8608 --- [main] com.alibaba.nacos.common.remote.client   : [3eef3256-c30e-4ab9-9732-1b2dea126b8b] Register server push request handler:com.alibaba.nacos.client.naming.remote.gprc.NamingPushRequestHandler
21:29:16:804  INFO 8608 --- [main] com.alibaba.nacos.common.remote.client   : [3eef3256-c30e-4ab9-9732-1b2dea126b8b] Try to connect to server on start up, server: {serverIp = '192.168.23.128', server main port = 8848}
21:29:16:932  INFO 8608 --- [main] com.alibaba.nacos.common.remote.client   : [3eef3256-c30e-4ab9-9732-1b2dea126b8b] Success to connect to server [192.168.23.128:8848] on start up, connectionId = 1766064561467_192.168.23.1_57614
21:29:16:933  INFO 8608 --- [main] com.alibaba.nacos.common.remote.client   : [3eef3256-c30e-4ab9-9732-1b2dea126b8b] Register server push request handler:com.alibaba.nacos.common.remote.client.RpcClient$ConnectResetRequestHandler
21:29:16:933  INFO 8608 --- [com.alibaba.nacos.client.remote.worker] com.alibaba.nacos.common.remote.client   : [3eef3256-c30e-4ab9-9732-1b2dea126b8b] Notify connected event to listeners.
21:29:16:933  INFO 8608 --- [main] com.alibaba.nacos.common.remote.client   : [3eef3256-c30e-4ab9-9732-1b2dea126b8b] Register server push request handler:com.alibaba.nacos.common.remote.client.RpcClient$$Lambda$475/0x00000008403ef040
21:29:16:970  INFO 8608 --- [main] o.s.b.w.embedded.tomcat.TomcatWebServer  : Tomcat started on port(s): 8087 (http) with context path ''
21:29:16:976  INFO 8608 --- [main] c.a.c.n.registry.NacosServiceRegistry    : nacos registry, DEFAULT_GROUP search-service 192.168.15.1:8087 register finished
21:29:17:391  INFO 8608 --- [main] d.s.w.p.DocumentationPluginsBootstrapper : Documentation plugins bootstrapped
21:29:17:394  INFO 8608 --- [main] d.s.w.p.DocumentationPluginsBootstrapper : Found 1 custom documentation plugin(s)
21:29:17:414  INFO 8608 --- [main] s.d.s.w.s.ApiListingReferenceScanner     : Scanning for api listing references
21:29:17:482  INFO 8608 --- [main] .d.s.w.r.o.CachingOperationNameGenerator : Generating unique operation named: searchUsingGET_1
21:29:17:490  INFO 8608 --- [nacos-grpc-client-executor-5] com.alibaba.nacos.common.remote.client   : [3eef3256-c30e-4ab9-9732-1b2dea126b8b] Receive server push request, request = NotifySubscriberRequest, requestId = 32
21:29:17:490  INFO 8608 --- [main] o.s.a.r.c.CachingConnectionFactory       : Attempting to connect to: [192.168.23.128:5672]
21:29:17:504  INFO 8608 --- [nacos-grpc-client-executor-5] com.alibaba.nacos.common.remote.client   : [3eef3256-c30e-4ab9-9732-1b2dea126b8b] Ack server push request, request = NotifySubscriberRequest, requestId = 32
21:29:17:537  INFO 8608 --- [main] o.s.a.r.c.CachingConnectionFactory       : Created new connection: rabbitConnectionFactory#6bbff652:0/SimpleConnection@2ca3a203 [delegate=amqp://hmall@192.168.23.128:5672//hmall, localPort= 57621]
21:29:17:620  INFO 8608 --- [main] com.hmall.search.SearchApplication       : Started SearchApplication in 12.242 seconds (JVM running for 13.179)
21:29:17:626  INFO 8608 --- [main] c.a.c.n.refresh.NacosContextRefresher    : [Nacos Config] Listening config: dataId=search-service, group=DEFAULT_GROUP
21:29:17:628  INFO 8608 --- [main] c.a.c.n.refresh.NacosContextRefresher    : [Nacos Config] Listening config: dataId=search-service.yaml, group=DEFAULT_GROUP
21:29:17:628  INFO 8608 --- [main] c.a.c.n.refresh.NacosContextRefresher    : [Nacos Config] Listening config: dataId=search-service-local.yaml, group=DEFAULT_GROUP
21:35:28:075  WARN 8608 --- [Thread-5] c.a.nacos.common.notify.NotifyCenter     : [NotifyCenter] Start destroying Publisher
21:35:28:076  WARN 8608 --- [Thread-1] c.a.n.common.http.HttpClientBeanHolder   : [HttpClientBeanHolder] Start destroying common HttpClient
21:35:28:108  WARN 8608 --- [Thread-5] c.a.nacos.common.notify.NotifyCenter     : [NotifyCenter] Destruction of the end
21:35:28:117  WARN 8608 --- [Thread-1] c.a.n.common.http.HttpClientBeanHolder   : [HttpClientBeanHolder] Destruction of the end
21:35:28:312  INFO 8608 --- [org.springframework.amqp.rabbit.RabbitListenerEndpointContainer#0-2] o.s.a.r.l.SimpleMessageListenerContainer : Waiting for workers to finish.
21:35:28:312  INFO 8608 --- [org.springframework.amqp.rabbit.RabbitListenerEndpointContainer#1-2] o.s.a.r.l.SimpleMessageListenerContainer : Waiting for workers to finish.
21:35:28:833  INFO 8608 --- [org.springframework.amqp.rabbit.RabbitListenerEndpointContainer#1-2] o.s.a.r.l.SimpleMessageListenerContainer : Successfully waited for workers to finish.
21:35:28:833  INFO 8608 --- [org.springframework.amqp.rabbit.RabbitListenerEndpointContainer#0-2] o.s.a.r.l.SimpleMessageListenerContainer : Successfully waited for workers to finish.
21:35:29:158  INFO 8608 --- [SpringContextShutdownHook] c.a.c.n.registry.NacosServiceRegistry    : De-registering from Nacos Server now...
21:35:29:163  INFO 8608 --- [SpringContextShutdownHook] c.a.c.n.registry.NacosServiceRegistry    : De-registration finished.
21:35:29:493  INFO 8608 --- [SpringContextShutdownHook] com.alibaba.nacos.common.remote.client   : Shutdown rpc client, set status to shutdown
21:35:29:493  INFO 8608 --- [SpringContextShutdownHook] com.alibaba.nacos.common.remote.client   : Shutdown client event executor java.util.concurrent.ScheduledThreadPoolExecutor@2bb5dc8b[Running, pool size = 2, active threads = 2, queued tasks = 0, completed tasks = 0]
21:35:29:493  INFO 8608 --- [SpringContextShutdownHook] com.alibaba.nacos.common.remote.client   : Close current connection 1766064561467_192.168.23.1_57614
21:35:29:496  INFO 8608 --- [nacos-grpc-client-executor-85] c.a.n.c.remote.client.grpc.GrpcClient    : [1766064561467_192.168.23.1_57614]Ignore complete event,isRunning:false,isAbandon=false
21:35:29:511  INFO 8608 --- [SpringContextShutdownHook] c.a.n.c.remote.client.grpc.GrpcClient    : Shutdown grpc executor java.util.concurrent.ThreadPoolExecutor@247bef29[Running, pool size = 4, active threads = 0, queued tasks = 0, completed tasks = 86]
21:35:29:521  INFO 8608 --- [SpringContextShutdownHook] com.zaxxer.hikari.HikariDataSource       : HikariPool-1 - Shutdown initiated...
21:35:29:559  INFO 8608 --- [SpringContextShutdownHook] com.zaxxer.hikari.HikariDataSource       : HikariPool-1 - Shutdown completed.
21:35:29:560  INFO 8608 --- [SpringContextShutdownHook] o.s.a.r.l.SimpleMessageListenerContainer : Shutdown ignored - container is already stopped
21:35:29:560  INFO 8608 --- [SpringContextShutdownHook] o.s.a.r.l.SimpleMessageListenerContainer : Shutdown ignored - container is already stopped
21:35:29:587  INFO 8608 --- [NettyClientSelector_RMROLE_1_1] i.s.c.r.n.AbstractNettyRemotingClient    : channel inactive: [id: 0x78c7c2de, L:/192.168.23.1:57453 ! R:/192.168.23.128:8099]
21:35:29:588  INFO 8608 --- [NettyClientSelector_RMROLE_1_1] i.s.c.r.netty.NettyClientChannelManager  : return to pool, rm channel:[id: 0x78c7c2de, L:/192.168.23.1:57453 ! R:/192.168.23.128:8099]
21:35:29:590  INFO 8608 --- [NettyClientSelector_RMROLE_1_1] i.s.core.rpc.netty.NettyPoolableFactory  : channel valid false,channel:[id: 0x78c7c2de, L:/192.168.23.1:57453 ! R:/192.168.23.128:8099]
21:35:29:591  INFO 8608 --- [NettyClientSelector_RMROLE_1_1] i.s.core.rpc.netty.NettyPoolableFactory  : will destroy channel:[id: 0x78c7c2de, L:/192.168.23.1:57453 ! R:/192.168.23.128:8099]
21:35:29:592  INFO 8608 --- [NettyClientSelector_RMROLE_1_1] i.s.c.r.n.AbstractNettyRemotingClient    : ChannelHandlerContext(AbstractNettyRemotingClient$ClientHandler#0, [id: 0x78c7c2de, L:/192.168.23.1:57453 ! R:/192.168.23.128:8099]) will closed
21:35:29:592  INFO 8608 --- [NettyClientSelector_RMROLE_1_1] i.s.c.r.n.AbstractNettyRemotingClient    : ChannelHandlerContext(AbstractNettyRemotingClient$ClientHandler#0, [id: 0x78c7c2de, L:/192.168.23.1:57453 ! R:/192.168.23.128:8099]) will closed
21:35:39:772  INFO 58388 --- [main] com.hmall.search.SearchApplication       : The following 1 profile is active: "local"
21:35:40:700  INFO 58388 --- [main] o.s.cloud.context.scope.GenericScope     : BeanFactory id=e59cb67c-5044-3b68-b0d2-a7f38eef80e7
21:35:40:752  INFO 58388 --- [main] trationDelegate$BeanPostProcessorChecker : Bean 'io.seata.spring.boot.autoconfigure.SeataCoreAutoConfiguration' of type [io.seata.spring.boot.autoconfigure.SeataCoreAutoConfiguration] is not eligible for getting processed by all BeanPostProcessors (for example: not eligible for auto-proxying)
21:35:40:752  INFO 58388 --- [main] trationDelegate$BeanPostProcessorChecker : Bean 'springApplicationContextProvider' of type [io.seata.spring.boot.autoconfigure.provider.SpringApplicationContextProvider] is not eligible for getting processed by all BeanPostProcessors (for example: not eligible for auto-proxying)
21:35:40:753  INFO 58388 --- [main] trationDelegate$BeanPostProcessorChecker : Bean 'io.seata.spring.boot.autoconfigure.SeataAutoConfiguration' of type [io.seata.spring.boot.autoconfigure.SeataAutoConfiguration] is not eligible for getting processed by all BeanPostProcessors (for example: not eligible for auto-proxying)
21:35:40:790  INFO 58388 --- [main] trationDelegate$BeanPostProcessorChecker : Bean 'failureHandler' of type [io.seata.tm.api.DefaultFailureHandlerImpl] is not eligible for getting processed by all BeanPostProcessors (for example: not eligible for auto-proxying)
21:35:40:793  INFO 58388 --- [main] trationDelegate$BeanPostProcessorChecker : Bean 'org.springframework.cloud.commons.config.CommonsConfigAutoConfiguration' of type [org.springframework.cloud.commons.config.CommonsConfigAutoConfiguration] is not eligible for getting processed by all BeanPostProcessors (for example: not eligible for auto-proxying)
21:35:40:794  INFO 58388 --- [main] trationDelegate$BeanPostProcessorChecker : Bean 'org.springframework.cloud.client.loadbalancer.LoadBalancerDefaultMappingsProviderAutoConfiguration' of type [org.springframework.cloud.client.loadbalancer.LoadBalancerDefaultMappingsProviderAutoConfiguration] is not eligible for getting processed by all BeanPostProcessors (for example: not eligible for auto-proxying)
21:35:40:795  INFO 58388 --- [main] trationDelegate$BeanPostProcessorChecker : Bean 'loadBalancerClientsDefaultsMappingsProvider' of type [org.springframework.cloud.client.loadbalancer.LoadBalancerDefaultMappingsProviderAutoConfiguration$$Lambda$569/0x00000008405d1c40] is not eligible for getting processed by all BeanPostProcessors (for example: not eligible for auto-proxying)
21:35:40:795  INFO 58388 --- [main] trationDelegate$BeanPostProcessorChecker : Bean 'defaultsBindHandlerAdvisor' of type [org.springframework.cloud.commons.config.DefaultsBindHandlerAdvisor] is not eligible for getting processed by all BeanPostProcessors (for example: not eligible for auto-proxying)
21:35:40:798  INFO 58388 --- [main] trationDelegate$BeanPostProcessorChecker : Bean 'springCloudAlibabaConfiguration' of type [io.seata.spring.boot.autoconfigure.properties.SpringCloudAlibabaConfiguration] is not eligible for getting processed by all BeanPostProcessors (for example: not eligible for auto-proxying)
21:35:40:809  INFO 58388 --- [main] trationDelegate$BeanPostProcessorChecker : Bean 'seataProperties' of type [io.seata.spring.boot.autoconfigure.properties.SeataProperties] is not eligible for getting processed by all BeanPostProcessors (for example: not eligible for auto-proxying)
21:35:40:811  INFO 58388 --- [main] i.s.s.b.a.SeataAutoConfiguration         : Automatically configure Seata
21:35:40:855  INFO 58388 --- [main] io.seata.config.ConfigurationFactory     : load Configuration from :Spring Configuration
21:35:40:858  INFO 58388 --- [main] io.seata.config.ConfigurationFactory     : load Configuration from :Spring Configuration
21:35:40:903  INFO 58388 --- [main] i.s.s.a.GlobalTransactionScanner         : Initializing Global Transaction Clients ... 
21:35:40:972  INFO 58388 --- [main] i.s.core.rpc.netty.NettyClientBootstrap  : NettyClientBootstrap has started
21:35:41:087  INFO 58388 --- [main] com.alibaba.nacos.common.remote.client   : [RpcClientFactory] create a new rpc client of 249ddb06-c9eb-47c2-b047-3f498394f4d7
21:35:41:087  INFO 58388 --- [main] com.alibaba.nacos.common.remote.client   : [249ddb06-c9eb-47c2-b047-3f498394f4d7] RpcClient init label, labels = {module=naming, source=sdk}
21:35:41:089  INFO 58388 --- [main] com.alibaba.nacos.common.remote.client   : [249ddb06-c9eb-47c2-b047-3f498394f4d7] RpcClient init, ServerListFactory = com.alibaba.nacos.client.naming.core.ServerListManager
21:35:41:089  INFO 58388 --- [main] com.alibaba.nacos.common.remote.client   : [249ddb06-c9eb-47c2-b047-3f498394f4d7] Registry connection listener to current client:com.alibaba.nacos.client.naming.remote.gprc.redo.NamingGrpcRedoService
21:35:41:089  INFO 58388 --- [main] com.alibaba.nacos.common.remote.client   : [249ddb06-c9eb-47c2-b047-3f498394f4d7] Register server push request handler:com.alibaba.nacos.client.naming.remote.gprc.NamingPushRequestHandler
21:35:41:089  INFO 58388 --- [main] com.alibaba.nacos.common.remote.client   : [249ddb06-c9eb-47c2-b047-3f498394f4d7] Try to connect to server on start up, server: {serverIp = '192.168.23.128', server main port = 8848}
21:35:41:219  INFO 58388 --- [main] com.alibaba.nacos.common.remote.client   : [249ddb06-c9eb-47c2-b047-3f498394f4d7] Success to connect to server [192.168.23.128:8848] on start up, connectionId = 1766064945751_192.168.23.1_57862
21:35:41:219  INFO 58388 --- [main] com.alibaba.nacos.common.remote.client   : [249ddb06-c9eb-47c2-b047-3f498394f4d7] Register server push request handler:com.alibaba.nacos.common.remote.client.RpcClient$ConnectResetRequestHandler
21:35:41:220  INFO 58388 --- [main] com.alibaba.nacos.common.remote.client   : [249ddb06-c9eb-47c2-b047-3f498394f4d7] Register server push request handler:com.alibaba.nacos.common.remote.client.RpcClient$$Lambda$475/0x00000008403eec40
21:35:41:220  INFO 58388 --- [com.alibaba.nacos.client.remote.worker] com.alibaba.nacos.common.remote.client   : [249ddb06-c9eb-47c2-b047-3f498394f4d7] Notify connected event to listeners.
21:35:41:256  INFO 58388 --- [main] i.s.c.r.netty.NettyClientChannelManager  : will connect to 192.168.23.128:8099
21:35:41:549  INFO 58388 --- [main] i.s.core.rpc.netty.NettyPoolableFactory  : NettyPool create channel to transactionRole:TMROLE,address:192.168.23.128:8099,msg:< RegisterTMRequest{applicationId='search-service', transactionServiceGroup='hmall'} >
21:35:41:783  INFO 58388 --- [nacos-grpc-client-executor-6] com.alibaba.nacos.common.remote.client   : [249ddb06-c9eb-47c2-b047-3f498394f4d7] Receive server push request, request = NotifySubscriberRequest, requestId = 36
21:35:41:794  INFO 58388 --- [nacos-grpc-client-executor-6] com.alibaba.nacos.common.remote.client   : [249ddb06-c9eb-47c2-b047-3f498394f4d7] Ack server push request, request = NotifySubscriberRequest, requestId = 36
21:35:41:941  INFO 58388 --- [main] i.s.c.rpc.netty.TmNettyRemotingClient    : register TM success. client version:1.5.2, server version:1.5.2,channel:[id: 0x97466062, L:/192.168.23.1:57867 - R:/192.168.23.128:8099]
21:35:41:946  INFO 58388 --- [main] i.s.core.rpc.netty.NettyPoolableFactory  : register success, cost 48 ms, version:1.5.2,role:TMROLE,channel:[id: 0x97466062, L:/192.168.23.1:57867 - R:/192.168.23.128:8099]
21:35:41:946  INFO 58388 --- [main] i.s.s.a.GlobalTransactionScanner         : Transaction Manager Client is initialized. applicationId[search-service] txServiceGroup[hmall]
21:35:41:956  INFO 58388 --- [main] io.seata.rm.datasource.AsyncWorker       : Async Commit Buffer Limit: 10000
21:35:41:956  INFO 58388 --- [main] i.s.rm.datasource.xa.ResourceManagerXA   : ResourceManagerXA init ...
21:35:41:963  INFO 58388 --- [main] i.s.core.rpc.netty.NettyClientBootstrap  : NettyClientBootstrap has started
21:35:41:963  INFO 58388 --- [main] i.s.s.a.GlobalTransactionScanner         : Resource Manager is initialized. applicationId[search-service] txServiceGroup[hmall]
21:35:41:963  INFO 58388 --- [main] i.s.s.a.GlobalTransactionScanner         : Global Transaction Clients are initialized. 
21:35:41:965  INFO 58388 --- [main] trationDelegate$BeanPostProcessorChecker : Bean 'io.seata.spring.boot.autoconfigure.SeataDataSourceAutoConfiguration' of type [io.seata.spring.boot.autoconfigure.SeataDataSourceAutoConfiguration] is not eligible for getting processed by all BeanPostProcessors (for example: not eligible for auto-proxying)
21:35:42:037  INFO 58388 --- [main] trationDelegate$BeanPostProcessorChecker : Bean 'com.alibaba.cloud.seata.feign.SeataFeignClientAutoConfiguration$FeignBeanPostProcessorConfiguration' of type [com.alibaba.cloud.seata.feign.SeataFeignClientAutoConfiguration$FeignBeanPostProcessorConfiguration] is not eligible for getting processed by all BeanPostProcessors (for example: not eligible for auto-proxying)
21:35:42:039  INFO 58388 --- [main] trationDelegate$BeanPostProcessorChecker : Bean 'seataFeignObjectWrapper' of type [com.alibaba.cloud.seata.feign.SeataFeignObjectWrapper] is not eligible for getting processed by all BeanPostProcessors (for example: not eligible for auto-proxying)
21:35:42:235  INFO 58388 --- [main] o.s.b.w.embedded.tomcat.TomcatWebServer  : Tomcat initialized with port(s): 8087 (http)
21:35:42:246  INFO 58388 --- [main] o.apache.catalina.core.StandardService   : Starting service [Tomcat]
21:35:42:246  INFO 58388 --- [main] org.apache.catalina.core.StandardEngine  : Starting Servlet engine: [Apache Tomcat/9.0.75]
21:35:42:422  INFO 58388 --- [main] o.a.c.c.C.[Tomcat].[localhost].[/]       : Initializing Spring embedded WebApplicationContext
21:35:42:422  INFO 58388 --- [main] w.s.c.ServletWebServerApplicationContext : Root WebApplicationContext: initialization completed in 2623 ms
21:35:42:595  INFO 58388 --- [main] o.s.c.openfeign.FeignClientFactoryBean   : For 'item-service' URL not provided. Will try picking an instance via load-balancing.
21:35:43:015  INFO 58388 --- [main] o.s.c.openfeign.FeignClientFactoryBean   : For 'trade-service' URL not provided. Will try picking an instance via load-balancing.
21:35:43:178  INFO 58388 --- [main] com.zaxxer.hikari.HikariDataSource       : HikariPool-1 - Starting...
21:35:43:438  INFO 58388 --- [main] com.zaxxer.hikari.HikariDataSource       : HikariPool-1 - Start completed.
21:35:43:554  INFO 58388 --- [main] i.s.c.r.netty.NettyClientChannelManager  : will connect to 192.168.23.128:8099
21:35:43:554  INFO 58388 --- [main] i.s.c.rpc.netty.RmNettyRemotingClient    : RM will register :jdbc:mysql://192.168.23.128:3306/hm-item
21:35:43:555  INFO 58388 --- [main] i.s.core.rpc.netty.NettyPoolableFactory  : NettyPool create channel to transactionRole:RMROLE,address:192.168.23.128:8099,msg:< RegisterRMRequest{resourceIds='jdbc:mysql://192.168.23.128:3306/hm-item', applicationId='search-service', transactionServiceGroup='hmall'} >
21:35:43:565  INFO 58388 --- [main] i.s.c.rpc.netty.RmNettyRemotingClient    : register RM success. client version:1.5.2, server version:1.5.2,channel:[id: 0x4f91c85c, L:/192.168.23.1:49677 - R:/192.168.23.128:8099]
21:35:43:565  INFO 58388 --- [main] i.s.core.rpc.netty.NettyPoolableFactory  : register success, cost 7 ms, version:1.5.2,role:RMROLE,channel:[id: 0x4f91c85c, L:/192.168.23.1:49677 - R:/192.168.23.128:8099]
21:35:45:424  INFO 58388 --- [main] pertySourcedRequestMappingHandlerMapping : Mapped URL path [/v2/api-docs] onto method [springfox.documentation.swagger2.web.Swagger2ControllerWebMvc#getDocumentation(String, HttpServletRequest)]
21:35:46:400  INFO 58388 --- [main] com.alibaba.nacos.common.remote.client   : [RpcClientFactory] create a new rpc client of 5a277b9e-8eb8-4702-84da-b61fad75c5a3
21:35:46:401  INFO 58388 --- [main] com.alibaba.nacos.common.remote.client   : [5a277b9e-8eb8-4702-84da-b61fad75c5a3] RpcClient init label, labels = {module=naming, source=sdk}
21:35:46:402  INFO 58388 --- [main] com.alibaba.nacos.common.remote.client   : [5a277b9e-8eb8-4702-84da-b61fad75c5a3] RpcClient init, ServerListFactory = com.alibaba.nacos.client.naming.core.ServerListManager
21:35:46:402  INFO 58388 --- [main] com.alibaba.nacos.common.remote.client   : [5a277b9e-8eb8-4702-84da-b61fad75c5a3] Registry connection listener to current client:com.alibaba.nacos.client.naming.remote.gprc.redo.NamingGrpcRedoService
21:35:46:402  INFO 58388 --- [main] com.alibaba.nacos.common.remote.client   : [5a277b9e-8eb8-4702-84da-b61fad75c5a3] Register server push request handler:com.alibaba.nacos.client.naming.remote.gprc.NamingPushRequestHandler
21:35:46:402  INFO 58388 --- [main] com.alibaba.nacos.common.remote.client   : [5a277b9e-8eb8-4702-84da-b61fad75c5a3] Try to connect to server on start up, server: {serverIp = '192.168.23.128', server main port = 8848}
21:35:46:522  INFO 58388 --- [main] com.alibaba.nacos.common.remote.client   : [5a277b9e-8eb8-4702-84da-b61fad75c5a3] Success to connect to server [192.168.23.128:8848] on start up, connectionId = 1766064951066_192.168.23.1_59208
21:35:46:522  INFO 58388 --- [main] com.alibaba.nacos.common.remote.client   : [5a277b9e-8eb8-4702-84da-b61fad75c5a3] Register server push request handler:com.alibaba.nacos.common.remote.client.RpcClient$ConnectResetRequestHandler
21:35:46:522  INFO 58388 --- [com.alibaba.nacos.client.remote.worker] com.alibaba.nacos.common.remote.client   : [5a277b9e-8eb8-4702-84da-b61fad75c5a3] Notify connected event to listeners.
21:35:46:522  INFO 58388 --- [main] com.alibaba.nacos.common.remote.client   : [5a277b9e-8eb8-4702-84da-b61fad75c5a3] Register server push request handler:com.alibaba.nacos.common.remote.client.RpcClient$$Lambda$475/0x00000008403eec40
21:35:46:556  INFO 58388 --- [main] o.s.b.w.embedded.tomcat.TomcatWebServer  : Tomcat started on port(s): 8087 (http) with context path ''
21:35:46:562  INFO 58388 --- [main] c.a.c.n.registry.NacosServiceRegistry    : nacos registry, DEFAULT_GROUP search-service 192.168.15.1:8087 register finished
21:35:46:977  INFO 58388 --- [main] d.s.w.p.DocumentationPluginsBootstrapper : Documentation plugins bootstrapped
21:35:46:979  INFO 58388 --- [main] d.s.w.p.DocumentationPluginsBootstrapper : Found 1 custom documentation plugin(s)
21:35:46:996  INFO 58388 --- [main] s.d.s.w.s.ApiListingReferenceScanner     : Scanning for api listing references
21:35:47:055  INFO 58388 --- [main] .d.s.w.r.o.CachingOperationNameGenerator : Generating unique operation named: searchUsingGET_1
21:35:47:063  INFO 58388 --- [main] o.s.a.r.c.CachingConnectionFactory       : Attempting to connect to: [192.168.23.128:5672]
21:35:47:096  INFO 58388 --- [nacos-grpc-client-executor-6] com.alibaba.nacos.common.remote.client   : [5a277b9e-8eb8-4702-84da-b61fad75c5a3] Receive server push request, request = NotifySubscriberRequest, requestId = 38
21:35:47:109  INFO 58388 --- [nacos-grpc-client-executor-6] com.alibaba.nacos.common.remote.client   : [5a277b9e-8eb8-4702-84da-b61fad75c5a3] Ack server push request, request = NotifySubscriberRequest, requestId = 38
21:35:47:110  INFO 58388 --- [main] o.s.a.r.c.CachingConnectionFactory       : Created new connection: rabbitConnectionFactory#67c61551:0/SimpleConnection@2cbc0224 [delegate=amqp://hmall@192.168.23.128:5672//hmall, localPort= 53790]
21:35:47:200  INFO 58388 --- [main] com.hmall.search.SearchApplication       : Started SearchApplication in 11.263 seconds (JVM running for 12.136)
21:35:47:207  INFO 58388 --- [main] c.a.c.n.refresh.NacosContextRefresher    : [Nacos Config] Listening config: dataId=search-service, group=DEFAULT_GROUP
21:35:47:208  INFO 58388 --- [main] c.a.c.n.refresh.NacosContextRefresher    : [Nacos Config] Listening config: dataId=search-service.yaml, group=DEFAULT_GROUP
21:35:47:208  INFO 58388 --- [main] c.a.c.n.refresh.NacosContextRefresher    : [Nacos Config] Listening config: dataId=search-service-local.yaml, group=DEFAULT_GROUP
21:38:47:502  WARN 58388 --- [Thread-1] c.a.n.common.http.HttpClientBeanHolder   : [HttpClientBeanHolder] Start destroying common HttpClient
21:38:47:502  WARN 58388 --- [Thread-5] c.a.nacos.common.notify.NotifyCenter     : [NotifyCenter] Start destroying Publisher
21:38:47:525  WARN 58388 --- [Thread-5] c.a.nacos.common.notify.NotifyCenter     : [NotifyCenter] Destruction of the end
21:38:47:529  WARN 58388 --- [Thread-1] c.a.n.common.http.HttpClientBeanHolder   : [HttpClientBeanHolder] Destruction of the end
21:38:47:742  INFO 58388 --- [org.springframework.amqp.rabbit.RabbitListenerEndpointContainer#0-2] o.s.a.r.l.SimpleMessageListenerContainer : Waiting for workers to finish.
21:38:47:745  INFO 58388 --- [org.springframework.amqp.rabbit.RabbitListenerEndpointContainer#1-2] o.s.a.r.l.SimpleMessageListenerContainer : Waiting for workers to finish.
21:38:48:190  INFO 58388 --- [org.springframework.amqp.rabbit.RabbitListenerEndpointContainer#1-2] o.s.a.r.l.SimpleMessageListenerContainer : Successfully waited for workers to finish.
21:38:48:190  INFO 58388 --- [org.springframework.amqp.rabbit.RabbitListenerEndpointContainer#0-2] o.s.a.r.l.SimpleMessageListenerContainer : Successfully waited for workers to finish.
21:38:48:582  INFO 58388 --- [SpringContextShutdownHook] c.a.c.n.registry.NacosServiceRegistry    : De-registering from Nacos Server now...
21:38:48:590  INFO 58388 --- [SpringContextShutdownHook] c.a.c.n.registry.NacosServiceRegistry    : De-registration finished.
21:38:48:920  INFO 58388 --- [SpringContextShutdownHook] com.alibaba.nacos.common.remote.client   : Shutdown rpc client, set status to shutdown
21:38:48:921  INFO 58388 --- [SpringContextShutdownHook] com.alibaba.nacos.common.remote.client   : Shutdown client event executor java.util.concurrent.ScheduledThreadPoolExecutor@fbf83e0[Running, pool size = 2, active threads = 2, queued tasks = 0, completed tasks = 0]
21:38:48:922  INFO 58388 --- [SpringContextShutdownHook] com.alibaba.nacos.common.remote.client   : Close current connection 1766064951066_192.168.23.1_59208
21:38:48:925  INFO 58388 --- [nacos-grpc-client-executor-47] c.a.n.c.remote.client.grpc.GrpcClient    : [1766064951066_192.168.23.1_59208]Ignore complete event,isRunning:false,isAbandon=false
21:38:48:937  INFO 58388 --- [SpringContextShutdownHook] c.a.n.c.remote.client.grpc.GrpcClient    : Shutdown grpc executor java.util.concurrent.ThreadPoolExecutor@43d6fb4c[Running, pool size = 7, active threads = 0, queued tasks = 0, completed tasks = 48]
21:38:48:948  INFO 58388 --- [SpringContextShutdownHook] com.zaxxer.hikari.HikariDataSource       : HikariPool-1 - Shutdown initiated...
21:38:48:986  INFO 58388 --- [SpringContextShutdownHook] com.zaxxer.hikari.HikariDataSource       : HikariPool-1 - Shutdown completed.
21:38:48:988  INFO 58388 --- [SpringContextShutdownHook] o.s.a.r.l.SimpleMessageListenerContainer : Shutdown ignored - container is already stopped
21:38:48:988  INFO 58388 --- [SpringContextShutdownHook] o.s.a.r.l.SimpleMessageListenerContainer : Shutdown ignored - container is already stopped
21:38:49:013  INFO 58388 --- [NettyClientSelector_RMROLE_1_1] i.s.c.r.n.AbstractNettyRemotingClient    : channel inactive: [id: 0x4f91c85c, L:/192.168.23.1:49677 ! R:/192.168.23.128:8099]
21:38:49:015  INFO 58388 --- [NettyClientSelector_RMROLE_1_1] i.s.c.r.netty.NettyClientChannelManager  : return to pool, rm channel:[id: 0x4f91c85c, L:/192.168.23.1:49677 ! R:/192.168.23.128:8099]
21:38:49:015  INFO 58388 --- [NettyClientSelector_RMROLE_1_1] i.s.core.rpc.netty.NettyPoolableFactory  : channel valid false,channel:[id: 0x4f91c85c, L:/192.168.23.1:49677 ! R:/192.168.23.128:8099]
21:38:49:016  INFO 58388 --- [NettyClientSelector_RMROLE_1_1] i.s.core.rpc.netty.NettyPoolableFactory  : will destroy channel:[id: 0x4f91c85c, L:/192.168.23.1:49677 ! R:/192.168.23.128:8099]
21:38:49:016  INFO 58388 --- [NettyClientSelector_RMROLE_1_1] i.s.c.r.n.AbstractNettyRemotingClient    : ChannelHandlerContext(AbstractNettyRemotingClient$ClientHandler#0, [id: 0x4f91c85c, L:/192.168.23.1:49677 ! R:/192.168.23.128:8099]) will closed
21:38:49:016  INFO 58388 --- [NettyClientSelector_RMROLE_1_1] i.s.c.r.n.AbstractNettyRemotingClient    : ChannelHandlerContext(AbstractNettyRemotingClient$ClientHandler#0, [id: 0x4f91c85c, L:/192.168.23.1:49677 ! R:/192.168.23.128:8099]) will closed
21:38:58:561  INFO 58452 --- [main] com.hmall.search.SearchApplication       : The following 1 profile is active: "local"
21:38:59:282  INFO 58452 --- [main] o.s.cloud.context.scope.GenericScope     : BeanFactory id=e59cb67c-5044-3b68-b0d2-a7f38eef80e7
21:38:59:321  INFO 58452 --- [main] trationDelegate$BeanPostProcessorChecker : Bean 'io.seata.spring.boot.autoconfigure.SeataCoreAutoConfiguration' of type [io.seata.spring.boot.autoconfigure.SeataCoreAutoConfiguration] is not eligible for getting processed by all BeanPostProcessors (for example: not eligible for auto-proxying)
21:38:59:321  INFO 58452 --- [main] trationDelegate$BeanPostProcessorChecker : Bean 'springApplicationContextProvider' of type [io.seata.spring.boot.autoconfigure.provider.SpringApplicationContextProvider] is not eligible for getting processed by all BeanPostProcessors (for example: not eligible for auto-proxying)
21:38:59:321  INFO 58452 --- [main] trationDelegate$BeanPostProcessorChecker : Bean 'io.seata.spring.boot.autoconfigure.SeataAutoConfiguration' of type [io.seata.spring.boot.autoconfigure.SeataAutoConfiguration] is not eligible for getting processed by all BeanPostProcessors (for example: not eligible for auto-proxying)
21:38:59:379  INFO 58452 --- [main] trationDelegate$BeanPostProcessorChecker : Bean 'failureHandler' of type [io.seata.tm.api.DefaultFailureHandlerImpl] is not eligible for getting processed by all BeanPostProcessors (for example: not eligible for auto-proxying)
21:38:59:382  INFO 58452 --- [main] trationDelegate$BeanPostProcessorChecker : Bean 'org.springframework.cloud.commons.config.CommonsConfigAutoConfiguration' of type [org.springframework.cloud.commons.config.CommonsConfigAutoConfiguration] is not eligible for getting processed by all BeanPostProcessors (for example: not eligible for auto-proxying)
21:38:59:383  INFO 58452 --- [main] trationDelegate$BeanPostProcessorChecker : Bean 'org.springframework.cloud.client.loadbalancer.LoadBalancerDefaultMappingsProviderAutoConfiguration' of type [org.springframework.cloud.client.loadbalancer.LoadBalancerDefaultMappingsProviderAutoConfiguration] is not eligible for getting processed by all BeanPostProcessors (for example: not eligible for auto-proxying)
21:38:59:383  INFO 58452 --- [main] trationDelegate$BeanPostProcessorChecker : Bean 'loadBalancerClientsDefaultsMappingsProvider' of type [org.springframework.cloud.client.loadbalancer.LoadBalancerDefaultMappingsProviderAutoConfiguration$$Lambda$569/0x00000008405d7c40] is not eligible for getting processed by all BeanPostProcessors (for example: not eligible for auto-proxying)
21:38:59:383  INFO 58452 --- [main] trationDelegate$BeanPostProcessorChecker : Bean 'defaultsBindHandlerAdvisor' of type [org.springframework.cloud.commons.config.DefaultsBindHandlerAdvisor] is not eligible for getting processed by all BeanPostProcessors (for example: not eligible for auto-proxying)
21:38:59:385  INFO 58452 --- [main] trationDelegate$BeanPostProcessorChecker : Bean 'springCloudAlibabaConfiguration' of type [io.seata.spring.boot.autoconfigure.properties.SpringCloudAlibabaConfiguration] is not eligible for getting processed by all BeanPostProcessors (for example: not eligible for auto-proxying)
21:38:59:386  INFO 58452 --- [main] trationDelegate$BeanPostProcessorChecker : Bean 'seataProperties' of type [io.seata.spring.boot.autoconfigure.properties.SeataProperties] is not eligible for getting processed by all BeanPostProcessors (for example: not eligible for auto-proxying)
21:38:59:387  INFO 58452 --- [main] i.s.s.b.a.SeataAutoConfiguration         : Automatically configure Seata
21:38:59:431  INFO 58452 --- [main] io.seata.config.ConfigurationFactory     : load Configuration from :Spring Configuration
21:38:59:441  INFO 58452 --- [main] io.seata.config.ConfigurationFactory     : load Configuration from :Spring Configuration
21:38:59:486  INFO 58452 --- [main] i.s.s.a.GlobalTransactionScanner         : Initializing Global Transaction Clients ... 
21:38:59:641  INFO 58452 --- [main] i.s.core.rpc.netty.NettyClientBootstrap  : NettyClientBootstrap has started
21:38:59:829  INFO 58452 --- [main] com.alibaba.nacos.common.remote.client   : [RpcClientFactory] create a new rpc client of 413a63f2-ff47-4830-8665-d89177c164d5
21:38:59:829  INFO 58452 --- [main] com.alibaba.nacos.common.remote.client   : [413a63f2-ff47-4830-8665-d89177c164d5] RpcClient init label, labels = {module=naming, source=sdk}
21:38:59:830  INFO 58452 --- [main] com.alibaba.nacos.common.remote.client   : [413a63f2-ff47-4830-8665-d89177c164d5] RpcClient init, ServerListFactory = com.alibaba.nacos.client.naming.core.ServerListManager
21:38:59:830  INFO 58452 --- [main] com.alibaba.nacos.common.remote.client   : [413a63f2-ff47-4830-8665-d89177c164d5] Registry connection listener to current client:com.alibaba.nacos.client.naming.remote.gprc.redo.NamingGrpcRedoService
21:38:59:831  INFO 58452 --- [main] com.alibaba.nacos.common.remote.client   : [413a63f2-ff47-4830-8665-d89177c164d5] Register server push request handler:com.alibaba.nacos.client.naming.remote.gprc.NamingPushRequestHandler
21:38:59:831  INFO 58452 --- [main] com.alibaba.nacos.common.remote.client   : [413a63f2-ff47-4830-8665-d89177c164d5] Try to connect to server on start up, server: {serverIp = '192.168.23.128', server main port = 8848}
21:38:59:953  INFO 58452 --- [main] com.alibaba.nacos.common.remote.client   : [413a63f2-ff47-4830-8665-d89177c164d5] Success to connect to server [192.168.23.128:8848] on start up, connectionId = 1766065144494_192.168.23.1_60128
21:38:59:953  INFO 58452 --- [main] com.alibaba.nacos.common.remote.client   : [413a63f2-ff47-4830-8665-d89177c164d5] Register server push request handler:com.alibaba.nacos.common.remote.client.RpcClient$ConnectResetRequestHandler
21:38:59:953  INFO 58452 --- [main] com.alibaba.nacos.common.remote.client   : [413a63f2-ff47-4830-8665-d89177c164d5] Register server push request handler:com.alibaba.nacos.common.remote.client.RpcClient$$Lambda$475/0x00000008403ef440
21:38:59:953  INFO 58452 --- [com.alibaba.nacos.client.remote.worker] com.alibaba.nacos.common.remote.client   : [413a63f2-ff47-4830-8665-d89177c164d5] Notify connected event to listeners.
21:39:00:031  INFO 58452 --- [main] i.s.c.r.netty.NettyClientChannelManager  : will connect to 192.168.23.128:8099
21:39:00:268  INFO 58452 --- [main] i.s.core.rpc.netty.NettyPoolableFactory  : NettyPool create channel to transactionRole:TMROLE,address:192.168.23.128:8099,msg:< RegisterTMRequest{applicationId='search-service', transactionServiceGroup='hmall'} >
21:39:00:552  INFO 58452 --- [nacos-grpc-client-executor-6] com.alibaba.nacos.common.remote.client   : [413a63f2-ff47-4830-8665-d89177c164d5] Receive server push request, request = NotifySubscriberRequest, requestId = 40
21:39:00:569  INFO 58452 --- [nacos-grpc-client-executor-6] com.alibaba.nacos.common.remote.client   : [413a63f2-ff47-4830-8665-d89177c164d5] Ack server push request, request = NotifySubscriberRequest, requestId = 40
21:39:00:687  INFO 58452 --- [main] i.s.c.rpc.netty.TmNettyRemotingClient    : register TM success. client version:1.5.2, server version:1.5.2,channel:[id: 0x245ad267, L:/192.168.23.1:60132 - R:/192.168.23.128:8099]
21:39:00:691  INFO 58452 --- [main] i.s.core.rpc.netty.NettyPoolableFactory  : register success, cost 65 ms, version:1.5.2,role:TMROLE,channel:[id: 0x245ad267, L:/192.168.23.1:60132 - R:/192.168.23.128:8099]
21:39:00:691  INFO 58452 --- [main] i.s.s.a.GlobalTransactionScanner         : Transaction Manager Client is initialized. applicationId[search-service] txServiceGroup[hmall]
21:39:00:705  INFO 58452 --- [main] io.seata.rm.datasource.AsyncWorker       : Async Commit Buffer Limit: 10000
21:39:00:706  INFO 58452 --- [main] i.s.rm.datasource.xa.ResourceManagerXA   : ResourceManagerXA init ...
21:39:00:717  INFO 58452 --- [main] i.s.core.rpc.netty.NettyClientBootstrap  : NettyClientBootstrap has started
21:39:00:717  INFO 58452 --- [main] i.s.s.a.GlobalTransactionScanner         : Resource Manager is initialized. applicationId[search-service] txServiceGroup[hmall]
21:39:00:717  INFO 58452 --- [main] i.s.s.a.GlobalTransactionScanner         : Global Transaction Clients are initialized. 
21:39:00:718  INFO 58452 --- [main] trationDelegate$BeanPostProcessorChecker : Bean 'io.seata.spring.boot.autoconfigure.SeataDataSourceAutoConfiguration' of type [io.seata.spring.boot.autoconfigure.SeataDataSourceAutoConfiguration] is not eligible for getting processed by all BeanPostProcessors (for example: not eligible for auto-proxying)
21:39:00:821  INFO 58452 --- [main] trationDelegate$BeanPostProcessorChecker : Bean 'com.alibaba.cloud.seata.feign.SeataFeignClientAutoConfiguration$FeignBeanPostProcessorConfiguration' of type [com.alibaba.cloud.seata.feign.SeataFeignClientAutoConfiguration$FeignBeanPostProcessorConfiguration] is not eligible for getting processed by all BeanPostProcessors (for example: not eligible for auto-proxying)
21:39:00:824  INFO 58452 --- [main] trationDelegate$BeanPostProcessorChecker : Bean 'seataFeignObjectWrapper' of type [com.alibaba.cloud.seata.feign.SeataFeignObjectWrapper] is not eligible for getting processed by all BeanPostProcessors (for example: not eligible for auto-proxying)
21:39:01:021  INFO 58452 --- [main] o.s.b.w.embedded.tomcat.TomcatWebServer  : Tomcat initialized with port(s): 8087 (http)
21:39:01:029  INFO 58452 --- [main] o.apache.catalina.core.StandardService   : Starting service [Tomcat]
21:39:01:029  INFO 58452 --- [main] org.apache.catalina.core.StandardEngine  : Starting Servlet engine: [Apache Tomcat/9.0.75]
21:39:01:161  INFO 58452 --- [main] o.a.c.c.C.[Tomcat].[localhost].[/]       : Initializing Spring embedded WebApplicationContext
21:39:01:162  INFO 58452 --- [main] w.s.c.ServletWebServerApplicationContext : Root WebApplicationContext: initialization completed in 2582 ms
21:39:01:291  INFO 58452 --- [main] o.s.c.openfeign.FeignClientFactoryBean   : For 'item-service' URL not provided. Will try picking an instance via load-balancing.
21:39:01:564  INFO 58452 --- [main] o.s.c.openfeign.FeignClientFactoryBean   : For 'trade-service' URL not provided. Will try picking an instance via load-balancing.
21:39:01:657  INFO 58452 --- [main] com.zaxxer.hikari.HikariDataSource       : HikariPool-1 - Starting...
21:39:01:855  INFO 58452 --- [main] com.zaxxer.hikari.HikariDataSource       : HikariPool-1 - Start completed.
21:39:01:929  INFO 58452 --- [main] i.s.c.r.netty.NettyClientChannelManager  : will connect to 192.168.23.128:8099
21:39:01:929  INFO 58452 --- [main] i.s.c.rpc.netty.RmNettyRemotingClient    : RM will register :jdbc:mysql://192.168.23.128:3306/hm-item
21:39:01:929  INFO 58452 --- [main] i.s.core.rpc.netty.NettyPoolableFactory  : NettyPool create channel to transactionRole:RMROLE,address:192.168.23.128:8099,msg:< RegisterRMRequest{resourceIds='jdbc:mysql://192.168.23.128:3306/hm-item', applicationId='search-service', transactionServiceGroup='hmall'} >
21:39:01:936  INFO 58452 --- [main] i.s.c.rpc.netty.RmNettyRemotingClient    : register RM success. client version:1.5.2, server version:1.5.2,channel:[id: 0x85a73cef, L:/192.168.23.1:65490 - R:/192.168.23.128:8099]
21:39:01:936  INFO 58452 --- [main] i.s.core.rpc.netty.NettyPoolableFactory  : register success, cost 4 ms, version:1.5.2,role:RMROLE,channel:[id: 0x85a73cef, L:/192.168.23.1:65490 - R:/192.168.23.128:8099]
21:39:03:089  INFO 58452 --- [main] pertySourcedRequestMappingHandlerMapping : Mapped URL path [/v2/api-docs] onto method [springfox.documentation.swagger2.web.Swagger2ControllerWebMvc#getDocumentation(String, HttpServletRequest)]
21:39:03:674  INFO 58452 --- [main] com.alibaba.nacos.common.remote.client   : [RpcClientFactory] create a new rpc client of d6382e8f-cfeb-4558-bd35-722e6e8895c4
21:39:03:674  INFO 58452 --- [main] com.alibaba.nacos.common.remote.client   : [d6382e8f-cfeb-4558-bd35-722e6e8895c4] RpcClient init label, labels = {module=naming, source=sdk}
21:39:03:674  INFO 58452 --- [main] com.alibaba.nacos.common.remote.client   : [d6382e8f-cfeb-4558-bd35-722e6e8895c4] RpcClient init, ServerListFactory = com.alibaba.nacos.client.naming.core.ServerListManager
21:39:03:674  INFO 58452 --- [main] com.alibaba.nacos.common.remote.client   : [d6382e8f-cfeb-4558-bd35-722e6e8895c4] Registry connection listener to current client:com.alibaba.nacos.client.naming.remote.gprc.redo.NamingGrpcRedoService
21:39:03:674  INFO 58452 --- [main] com.alibaba.nacos.common.remote.client   : [d6382e8f-cfeb-4558-bd35-722e6e8895c4] Register server push request handler:com.alibaba.nacos.client.naming.remote.gprc.NamingPushRequestHandler
21:39:03:675  INFO 58452 --- [main] com.alibaba.nacos.common.remote.client   : [d6382e8f-cfeb-4558-bd35-722e6e8895c4] Try to connect to server on start up, server: {serverIp = '192.168.23.128', server main port = 8848}
21:39:03:793  INFO 58452 --- [main] com.alibaba.nacos.common.remote.client   : [d6382e8f-cfeb-4558-bd35-722e6e8895c4] Success to connect to server [192.168.23.128:8848] on start up, connectionId = 1766065148336_192.168.23.1_49255
21:39:03:793  INFO 58452 --- [main] com.alibaba.nacos.common.remote.client   : [d6382e8f-cfeb-4558-bd35-722e6e8895c4] Register server push request handler:com.alibaba.nacos.common.remote.client.RpcClient$ConnectResetRequestHandler
21:39:03:793  INFO 58452 --- [com.alibaba.nacos.client.remote.worker] com.alibaba.nacos.common.remote.client   : [d6382e8f-cfeb-4558-bd35-722e6e8895c4] Notify connected event to listeners.
21:39:03:794  INFO 58452 --- [main] com.alibaba.nacos.common.remote.client   : [d6382e8f-cfeb-4558-bd35-722e6e8895c4] Register server push request handler:com.alibaba.nacos.common.remote.client.RpcClient$$Lambda$475/0x00000008403ef440
21:39:03:820  INFO 58452 --- [main] o.s.b.w.embedded.tomcat.TomcatWebServer  : Tomcat started on port(s): 8087 (http) with context path ''
21:39:03:826  INFO 58452 --- [main] c.a.c.n.registry.NacosServiceRegistry    : nacos registry, DEFAULT_GROUP search-service 192.168.15.1:8087 register finished
21:39:04:134  INFO 58452 --- [main] d.s.w.p.DocumentationPluginsBootstrapper : Documentation plugins bootstrapped
21:39:04:136  INFO 58452 --- [main] d.s.w.p.DocumentationPluginsBootstrapper : Found 1 custom documentation plugin(s)
21:39:04:149  INFO 58452 --- [main] s.d.s.w.s.ApiListingReferenceScanner     : Scanning for api listing references
21:39:04:197  INFO 58452 --- [main] .d.s.w.r.o.CachingOperationNameGenerator : Generating unique operation named: searchUsingGET_1
21:39:04:203  INFO 58452 --- [main] o.s.a.r.c.CachingConnectionFactory       : Attempting to connect to: [192.168.23.128:5672]
21:39:04:230  INFO 58452 --- [main] o.s.a.r.c.CachingConnectionFactory       : Created new connection: rabbitConnectionFactory#7bca98d5:0/SimpleConnection@4fc9e73d [delegate=amqp://hmall@192.168.23.128:5672//hmall, localPort= 59745]
21:39:04:278  INFO 58452 --- [main] com.hmall.search.SearchApplication       : Started SearchApplication in 8.951 seconds (JVM running for 9.922)
21:39:04:283  INFO 58452 --- [main] c.a.c.n.refresh.NacosContextRefresher    : [Nacos Config] Listening config: dataId=search-service, group=DEFAULT_GROUP
21:39:04:283  INFO 58452 --- [main] c.a.c.n.refresh.NacosContextRefresher    : [Nacos Config] Listening config: dataId=search-service.yaml, group=DEFAULT_GROUP
21:39:04:284  INFO 58452 --- [main] c.a.c.n.refresh.NacosContextRefresher    : [Nacos Config] Listening config: dataId=search-service-local.yaml, group=DEFAULT_GROUP
21:39:04:356  INFO 58452 --- [nacos-grpc-client-executor-6] com.alibaba.nacos.common.remote.client   : [d6382e8f-cfeb-4558-bd35-722e6e8895c4] Receive server push request, request = NotifySubscriberRequest, requestId = 41
21:39:04:367  INFO 58452 --- [nacos-grpc-client-executor-6] com.alibaba.nacos.common.remote.client   : [d6382e8f-cfeb-4558-bd35-722e6e8895c4] Ack server push request, request = NotifySubscriberRequest, requestId = 41
21:39:15:761  WARN 58452 --- [Thread-1] c.a.n.common.http.HttpClientBeanHolder   : [HttpClientBeanHolder] Start destroying common HttpClient
21:39:15:761  WARN 58452 --- [Thread-5] c.a.nacos.common.notify.NotifyCenter     : [NotifyCenter] Start destroying Publisher
21:39:15:761  WARN 58452 --- [Thread-5] c.a.nacos.common.notify.NotifyCenter     : [NotifyCenter] Destruction of the end
21:39:15:762  WARN 58452 --- [Thread-1] c.a.n.common.http.HttpClientBeanHolder   : [HttpClientBeanHolder] Destruction of the end
21:39:15:774  INFO 58452 --- [org.springframework.amqp.rabbit.RabbitListenerEndpointContainer#0-2] o.s.a.r.l.SimpleMessageListenerContainer : Waiting for workers to finish.
21:39:15:775  INFO 58452 --- [org.springframework.amqp.rabbit.RabbitListenerEndpointContainer#1-2] o.s.a.r.l.SimpleMessageListenerContainer : Waiting for workers to finish.
21:39:16:366  INFO 58452 --- [org.springframework.amqp.rabbit.RabbitListenerEndpointContainer#0-2] o.s.a.r.l.SimpleMessageListenerContainer : Successfully waited for workers to finish.
21:39:16:366  INFO 58452 --- [org.springframework.amqp.rabbit.RabbitListenerEndpointContainer#1-2] o.s.a.r.l.SimpleMessageListenerContainer : Successfully waited for workers to finish.
21:39:16:598  INFO 58452 --- [SpringContextShutdownHook] c.a.c.n.registry.NacosServiceRegistry    : De-registering from Nacos Server now...
21:39:16:601  INFO 58452 --- [SpringContextShutdownHook] c.a.c.n.registry.NacosServiceRegistry    : De-registration finished.
21:39:16:934  INFO 58452 --- [SpringContextShutdownHook] com.alibaba.nacos.common.remote.client   : Shutdown rpc client, set status to shutdown
21:39:16:934  INFO 58452 --- [SpringContextShutdownHook] com.alibaba.nacos.common.remote.client   : Shutdown client event executor java.util.concurrent.ScheduledThreadPoolExecutor@443d2814[Running, pool size = 2, active threads = 2, queued tasks = 0, completed tasks = 0]
21:39:16:934  INFO 58452 --- [SpringContextShutdownHook] com.alibaba.nacos.common.remote.client   : Close current connection 1766065148336_192.168.23.1_49255
21:39:16:936  INFO 58452 --- [nacos-grpc-client-executor-12] c.a.n.c.remote.client.grpc.GrpcClient    : [1766065148336_192.168.23.1_49255]Ignore complete event,isRunning:false,isAbandon=false
21:39:16:940  INFO 58452 --- [SpringContextShutdownHook] c.a.n.c.remote.client.grpc.GrpcClient    : Shutdown grpc executor java.util.concurrent.ThreadPoolExecutor@245e1f85[Running, pool size = 5, active threads = 0, queued tasks = 0, completed tasks = 13]
21:39:16:944  INFO 58452 --- [SpringContextShutdownHook] com.zaxxer.hikari.HikariDataSource       : HikariPool-1 - Shutdown initiated...
21:39:16:961  INFO 58452 --- [SpringContextShutdownHook] com.zaxxer.hikari.HikariDataSource       : HikariPool-1 - Shutdown completed.
21:39:16:962  INFO 58452 --- [SpringContextShutdownHook] o.s.a.r.l.SimpleMessageListenerContainer : Shutdown ignored - container is already stopped
21:39:16:962  INFO 58452 --- [SpringContextShutdownHook] o.s.a.r.l.SimpleMessageListenerContainer : Shutdown ignored - container is already stopped
21:39:16:966  INFO 58452 --- [NettyClientSelector_TMROLE_1_1] i.s.c.r.n.AbstractNettyRemotingClient    : channel inactive: [id: 0x245ad267, L:/192.168.23.1:60132 ! R:/192.168.23.128:8099]
21:39:16:967  INFO 58452 --- [NettyClientSelector_TMROLE_1_1] i.s.c.r.netty.NettyClientChannelManager  : return to pool, rm channel:[id: 0x245ad267, L:/192.168.23.1:60132 ! R:/192.168.23.128:8099]
21:39:16:967  INFO 58452 --- [NettyClientSelector_TMROLE_1_1] i.s.core.rpc.netty.NettyPoolableFactory  : channel valid false,channel:[id: 0x245ad267, L:/192.168.23.1:60132 ! R:/192.168.23.128:8099]
21:39:16:967  INFO 58452 --- [NettyClientSelector_TMROLE_1_1] i.s.core.rpc.netty.NettyPoolableFactory  : will destroy channel:[id: 0x245ad267, L:/192.168.23.1:60132 ! R:/192.168.23.128:8099]
21:39:16:967  INFO 58452 --- [NettyClientSelector_TMROLE_1_1] i.s.c.r.n.AbstractNettyRemotingClient    : ChannelHandlerContext(AbstractNettyRemotingClient$ClientHandler#0, [id: 0x245ad267, L:/192.168.23.1:60132 ! R:/192.168.23.128:8099]) will closed
21:39:16:967  INFO 58452 --- [NettyClientSelector_TMROLE_1_1] i.s.c.r.n.AbstractNettyRemotingClient    : ChannelHandlerContext(AbstractNettyRemotingClient$ClientHandler#0, [id: 0x245ad267, L:/192.168.23.1:60132 ! R:/192.168.23.128:8099]) will closed
21:39:16:968  INFO 58452 --- [NettyClientSelector_RMROLE_1_1] i.s.c.r.n.AbstractNettyRemotingClient    : channel inactive: [id: 0x85a73cef, L:/192.168.23.1:65490 ! R:/192.168.23.128:8099]
21:39:16:968  INFO 58452 --- [NettyClientSelector_RMROLE_1_1] i.s.c.r.netty.NettyClientChannelManager  : return to pool, rm channel:[id: 0x85a73cef, L:/192.168.23.1:65490 ! R:/192.168.23.128:8099]
21:39:16:968  INFO 58452 --- [NettyClientSelector_RMROLE_1_1] i.s.core.rpc.netty.NettyPoolableFactory  : channel valid false,channel:[id: 0x85a73cef, L:/192.168.23.1:65490 ! R:/192.168.23.128:8099]
21:39:16:968  INFO 58452 --- [NettyClientSelector_RMROLE_1_1] i.s.core.rpc.netty.NettyPoolableFactory  : will destroy channel:[id: 0x85a73cef, L:/192.168.23.1:65490 ! R:/192.168.23.128:8099]
21:39:16:968  INFO 58452 --- [NettyClientSelector_RMROLE_1_1] i.s.c.r.n.AbstractNettyRemotingClient    : ChannelHandlerContext(AbstractNettyRemotingClient$ClientHandler#0, [id: 0x85a73cef, L:/192.168.23.1:65490 ! R:/192.168.23.128:8099]) will closed
21:39:16:968  INFO 58452 --- [NettyClientSelector_RMROLE_1_1] i.s.c.r.n.AbstractNettyRemotingClient    : ChannelHandlerContext(AbstractNettyRemotingClient$ClientHandler#0, [id: 0x85a73cef, L:/192.168.23.1:65490 ! R:/192.168.23.128:8099]) will closed
21:44:06:615  INFO 71544 --- [main] com.hmall.search.SearchApplication       : The following 1 profile is active: "local"
21:44:07:523  INFO 71544 --- [main] o.s.cloud.context.scope.GenericScope     : BeanFactory id=e59cb67c-5044-3b68-b0d2-a7f38eef80e7
21:44:07:582  INFO 71544 --- [main] trationDelegate$BeanPostProcessorChecker : Bean 'io.seata.spring.boot.autoconfigure.SeataCoreAutoConfiguration' of type [io.seata.spring.boot.autoconfigure.SeataCoreAutoConfiguration] is not eligible for getting processed by all BeanPostProcessors (for example: not eligible for auto-proxying)
21:44:07:583  INFO 71544 --- [main] trationDelegate$BeanPostProcessorChecker : Bean 'springApplicationContextProvider' of type [io.seata.spring.boot.autoconfigure.provider.SpringApplicationContextProvider] is not eligible for getting processed by all BeanPostProcessors (for example: not eligible for auto-proxying)
21:44:07:583  INFO 71544 --- [main] trationDelegate$BeanPostProcessorChecker : Bean 'io.seata.spring.boot.autoconfigure.SeataAutoConfiguration' of type [io.seata.spring.boot.autoconfigure.SeataAutoConfiguration] is not eligible for getting processed by all BeanPostProcessors (for example: not eligible for auto-proxying)
21:44:07:613  INFO 71544 --- [main] trationDelegate$BeanPostProcessorChecker : Bean 'failureHandler' of type [io.seata.tm.api.DefaultFailureHandlerImpl] is not eligible for getting processed by all BeanPostProcessors (for example: not eligible for auto-proxying)
21:44:07:616  INFO 71544 --- [main] trationDelegate$BeanPostProcessorChecker : Bean 'org.springframework.cloud.commons.config.CommonsConfigAutoConfiguration' of type [org.springframework.cloud.commons.config.CommonsConfigAutoConfiguration] is not eligible for getting processed by all BeanPostProcessors (for example: not eligible for auto-proxying)
21:44:07:617  INFO 71544 --- [main] trationDelegate$BeanPostProcessorChecker : Bean 'org.springframework.cloud.client.loadbalancer.LoadBalancerDefaultMappingsProviderAutoConfiguration' of type [org.springframework.cloud.client.loadbalancer.LoadBalancerDefaultMappingsProviderAutoConfiguration] is not eligible for getting processed by all BeanPostProcessors (for example: not eligible for auto-proxying)
21:44:07:617  INFO 71544 --- [main] trationDelegate$BeanPostProcessorChecker : Bean 'loadBalancerClientsDefaultsMappingsProvider' of type [org.springframework.cloud.client.loadbalancer.LoadBalancerDefaultMappingsProviderAutoConfiguration$$Lambda$569/0x00000008405d7840] is not eligible for getting processed by all BeanPostProcessors (for example: not eligible for auto-proxying)
21:44:07:618  INFO 71544 --- [main] trationDelegate$BeanPostProcessorChecker : Bean 'defaultsBindHandlerAdvisor' of type [org.springframework.cloud.commons.config.DefaultsBindHandlerAdvisor] is not eligible for getting processed by all BeanPostProcessors (for example: not eligible for auto-proxying)
21:44:07:622  INFO 71544 --- [main] trationDelegate$BeanPostProcessorChecker : Bean 'springCloudAlibabaConfiguration' of type [io.seata.spring.boot.autoconfigure.properties.SpringCloudAlibabaConfiguration] is not eligible for getting processed by all BeanPostProcessors (for example: not eligible for auto-proxying)
21:44:07:623  INFO 71544 --- [main] trationDelegate$BeanPostProcessorChecker : Bean 'seataProperties' of type [io.seata.spring.boot.autoconfigure.properties.SeataProperties] is not eligible for getting processed by all BeanPostProcessors (for example: not eligible for auto-proxying)
21:44:07:625  INFO 71544 --- [main] i.s.s.b.a.SeataAutoConfiguration         : Automatically configure Seata
21:44:07:671  INFO 71544 --- [main] io.seata.config.ConfigurationFactory     : load Configuration from :Spring Configuration
21:44:07:677  INFO 71544 --- [main] io.seata.config.ConfigurationFactory     : load Configuration from :Spring Configuration
21:44:07:721  INFO 71544 --- [main] i.s.s.a.GlobalTransactionScanner         : Initializing Global Transaction Clients ... 
21:44:07:778  INFO 71544 --- [main] i.s.core.rpc.netty.NettyClientBootstrap  : NettyClientBootstrap has started
21:44:08:191  INFO 71544 --- [main] com.alibaba.nacos.common.remote.client   : [RpcClientFactory] create a new rpc client of 0a594f22-2015-41b3-a7b1-2ba0060c1dc1
21:44:08:191  INFO 71544 --- [main] com.alibaba.nacos.common.remote.client   : [0a594f22-2015-41b3-a7b1-2ba0060c1dc1] RpcClient init label, labels = {module=naming, source=sdk}
21:44:08:192  INFO 71544 --- [main] com.alibaba.nacos.common.remote.client   : [0a594f22-2015-41b3-a7b1-2ba0060c1dc1] RpcClient init, ServerListFactory = com.alibaba.nacos.client.naming.core.ServerListManager
21:44:08:192  INFO 71544 --- [main] com.alibaba.nacos.common.remote.client   : [0a594f22-2015-41b3-a7b1-2ba0060c1dc1] Registry connection listener to current client:com.alibaba.nacos.client.naming.remote.gprc.redo.NamingGrpcRedoService
21:44:08:193  INFO 71544 --- [main] com.alibaba.nacos.common.remote.client   : [0a594f22-2015-41b3-a7b1-2ba0060c1dc1] Register server push request handler:com.alibaba.nacos.client.naming.remote.gprc.NamingPushRequestHandler
21:44:08:193  INFO 71544 --- [main] com.alibaba.nacos.common.remote.client   : [0a594f22-2015-41b3-a7b1-2ba0060c1dc1] Try to connect to server on start up, server: {serverIp = '192.168.23.128', server main port = 8848}
21:44:08:313  INFO 71544 --- [main] com.alibaba.nacos.common.remote.client   : [0a594f22-2015-41b3-a7b1-2ba0060c1dc1] Success to connect to server [192.168.23.128:8848] on start up, connectionId = 1766065452854_192.168.23.1_59199
21:44:08:313  INFO 71544 --- [main] com.alibaba.nacos.common.remote.client   : [0a594f22-2015-41b3-a7b1-2ba0060c1dc1] Register server push request handler:com.alibaba.nacos.common.remote.client.RpcClient$ConnectResetRequestHandler
21:44:08:313  INFO 71544 --- [main] com.alibaba.nacos.common.remote.client   : [0a594f22-2015-41b3-a7b1-2ba0060c1dc1] Register server push request handler:com.alibaba.nacos.common.remote.client.RpcClient$$Lambda$475/0x00000008403ef440
21:44:08:313  INFO 71544 --- [com.alibaba.nacos.client.remote.worker] com.alibaba.nacos.common.remote.client   : [0a594f22-2015-41b3-a7b1-2ba0060c1dc1] Notify connected event to listeners.
21:44:08:358  INFO 71544 --- [main] i.s.c.r.netty.NettyClientChannelManager  : will connect to 192.168.23.128:8099
21:44:08:623  INFO 71544 --- [main] i.s.core.rpc.netty.NettyPoolableFactory  : NettyPool create channel to transactionRole:TMROLE,address:192.168.23.128:8099,msg:< RegisterTMRequest{applicationId='search-service', transactionServiceGroup='hmall'} >
21:44:08:884  INFO 71544 --- [nacos-grpc-client-executor-4] com.alibaba.nacos.common.remote.client   : [0a594f22-2015-41b3-a7b1-2ba0060c1dc1] Receive server push request, request = NotifySubscriberRequest, requestId = 48
21:44:08:898  INFO 71544 --- [nacos-grpc-client-executor-4] com.alibaba.nacos.common.remote.client   : [0a594f22-2015-41b3-a7b1-2ba0060c1dc1] Ack server push request, request = NotifySubscriberRequest, requestId = 48
21:44:08:960  INFO 71544 --- [main] i.s.c.rpc.netty.TmNettyRemotingClient    : register TM success. client version:1.5.2, server version:1.5.2,channel:[id: 0xa5948319, L:/192.168.23.1:59206 - R:/192.168.23.128:8099]
21:44:08:963  INFO 71544 --- [main] i.s.core.rpc.netty.NettyPoolableFactory  : register success, cost 43 ms, version:1.5.2,role:TMROLE,channel:[id: 0xa5948319, L:/192.168.23.1:59206 - R:/192.168.23.128:8099]
21:44:08:964  INFO 71544 --- [main] i.s.s.a.GlobalTransactionScanner         : Transaction Manager Client is initialized. applicationId[search-service] txServiceGroup[hmall]
21:44:08:972  INFO 71544 --- [main] io.seata.rm.datasource.AsyncWorker       : Async Commit Buffer Limit: 10000
21:44:08:972  INFO 71544 --- [main] i.s.rm.datasource.xa.ResourceManagerXA   : ResourceManagerXA init ...
21:44:08:978  INFO 71544 --- [main] i.s.core.rpc.netty.NettyClientBootstrap  : NettyClientBootstrap has started
21:44:08:978  INFO 71544 --- [main] i.s.s.a.GlobalTransactionScanner         : Resource Manager is initialized. applicationId[search-service] txServiceGroup[hmall]
21:44:08:978  INFO 71544 --- [main] i.s.s.a.GlobalTransactionScanner         : Global Transaction Clients are initialized. 
21:44:08:980  INFO 71544 --- [main] trationDelegate$BeanPostProcessorChecker : Bean 'io.seata.spring.boot.autoconfigure.SeataDataSourceAutoConfiguration' of type [io.seata.spring.boot.autoconfigure.SeataDataSourceAutoConfiguration] is not eligible for getting processed by all BeanPostProcessors (for example: not eligible for auto-proxying)
21:44:09:050  INFO 71544 --- [main] trationDelegate$BeanPostProcessorChecker : Bean 'com.alibaba.cloud.seata.feign.SeataFeignClientAutoConfiguration$FeignBeanPostProcessorConfiguration' of type [com.alibaba.cloud.seata.feign.SeataFeignClientAutoConfiguration$FeignBeanPostProcessorConfiguration] is not eligible for getting processed by all BeanPostProcessors (for example: not eligible for auto-proxying)
21:44:09:052  INFO 71544 --- [main] trationDelegate$BeanPostProcessorChecker : Bean 'seataFeignObjectWrapper' of type [com.alibaba.cloud.seata.feign.SeataFeignObjectWrapper] is not eligible for getting processed by all BeanPostProcessors (for example: not eligible for auto-proxying)
21:44:09:253  INFO 71544 --- [main] o.s.b.w.embedded.tomcat.TomcatWebServer  : Tomcat initialized with port(s): 8087 (http)
21:44:09:260  INFO 71544 --- [main] o.apache.catalina.core.StandardService   : Starting service [Tomcat]
21:44:09:260  INFO 71544 --- [main] org.apache.catalina.core.StandardEngine  : Starting Servlet engine: [Apache Tomcat/9.0.75]
21:44:09:428  INFO 71544 --- [main] o.a.c.c.C.[Tomcat].[localhost].[/]       : Initializing Spring embedded WebApplicationContext
21:44:09:428  INFO 71544 --- [main] w.s.c.ServletWebServerApplicationContext : Root WebApplicationContext: initialization completed in 2797 ms
21:44:09:599  INFO 71544 --- [main] o.s.c.openfeign.FeignClientFactoryBean   : For 'item-service' URL not provided. Will try picking an instance via load-balancing.
21:44:09:956  INFO 71544 --- [main] o.s.c.openfeign.FeignClientFactoryBean   : For 'trade-service' URL not provided. Will try picking an instance via load-balancing.
21:44:10:082  INFO 71544 --- [main] com.zaxxer.hikari.HikariDataSource       : HikariPool-1 - Starting...
21:44:10:370  INFO 71544 --- [main] com.zaxxer.hikari.HikariDataSource       : HikariPool-1 - Start completed.
21:44:10:465  INFO 71544 --- [main] i.s.c.r.netty.NettyClientChannelManager  : will connect to 192.168.23.128:8099
21:44:10:466  INFO 71544 --- [main] i.s.c.rpc.netty.RmNettyRemotingClient    : RM will register :jdbc:mysql://192.168.23.128:3306/hm-item
21:44:10:466  INFO 71544 --- [main] i.s.core.rpc.netty.NettyPoolableFactory  : NettyPool create channel to transactionRole:RMROLE,address:192.168.23.128:8099,msg:< RegisterRMRequest{resourceIds='jdbc:mysql://192.168.23.128:3306/hm-item', applicationId='search-service', transactionServiceGroup='hmall'} >
21:44:10:474  INFO 71544 --- [main] i.s.c.rpc.netty.RmNettyRemotingClient    : register RM success. client version:1.5.2, server version:1.5.2,channel:[id: 0xf47a0b58, L:/192.168.23.1:58549 - R:/192.168.23.128:8099]
21:44:10:474  INFO 71544 --- [main] i.s.core.rpc.netty.NettyPoolableFactory  : register success, cost 6 ms, version:1.5.2,role:RMROLE,channel:[id: 0xf47a0b58, L:/192.168.23.1:58549 - R:/192.168.23.128:8099]
21:44:11:939  INFO 71544 --- [main] pertySourcedRequestMappingHandlerMapping : Mapped URL path [/v2/api-docs] onto method [springfox.documentation.swagger2.web.Swagger2ControllerWebMvc#getDocumentation(String, HttpServletRequest)]
21:44:12:742  INFO 71544 --- [main] com.alibaba.nacos.common.remote.client   : [RpcClientFactory] create a new rpc client of 113c5831-004f-4cba-ac51-48bb83a778fc
21:44:12:742  INFO 71544 --- [main] com.alibaba.nacos.common.remote.client   : [113c5831-004f-4cba-ac51-48bb83a778fc] RpcClient init label, labels = {module=naming, source=sdk}
21:44:12:743  INFO 71544 --- [main] com.alibaba.nacos.common.remote.client   : [113c5831-004f-4cba-ac51-48bb83a778fc] RpcClient init, ServerListFactory = com.alibaba.nacos.client.naming.core.ServerListManager
21:44:12:743  INFO 71544 --- [main] com.alibaba.nacos.common.remote.client   : [113c5831-004f-4cba-ac51-48bb83a778fc] Registry connection listener to current client:com.alibaba.nacos.client.naming.remote.gprc.redo.NamingGrpcRedoService
21:44:12:743  INFO 71544 --- [main] com.alibaba.nacos.common.remote.client   : [113c5831-004f-4cba-ac51-48bb83a778fc] Register server push request handler:com.alibaba.nacos.client.naming.remote.gprc.NamingPushRequestHandler
21:44:12:743  INFO 71544 --- [main] com.alibaba.nacos.common.remote.client   : [113c5831-004f-4cba-ac51-48bb83a778fc] Try to connect to server on start up, server: {serverIp = '192.168.23.128', server main port = 8848}
21:44:12:863  INFO 71544 --- [main] com.alibaba.nacos.common.remote.client   : [113c5831-004f-4cba-ac51-48bb83a778fc] Success to connect to server [192.168.23.128:8848] on start up, connectionId = 1766065457405_192.168.23.1_60644
21:44:12:863  INFO 71544 --- [main] com.alibaba.nacos.common.remote.client   : [113c5831-004f-4cba-ac51-48bb83a778fc] Register server push request handler:com.alibaba.nacos.common.remote.client.RpcClient$ConnectResetRequestHandler
21:44:12:864  INFO 71544 --- [main] com.alibaba.nacos.common.remote.client   : [113c5831-004f-4cba-ac51-48bb83a778fc] Register server push request handler:com.alibaba.nacos.common.remote.client.RpcClient$$Lambda$475/0x00000008403ef440
21:44:12:864  INFO 71544 --- [com.alibaba.nacos.client.remote.worker] com.alibaba.nacos.common.remote.client   : [113c5831-004f-4cba-ac51-48bb83a778fc] Notify connected event to listeners.
21:44:12:902  INFO 71544 --- [main] o.s.b.w.embedded.tomcat.TomcatWebServer  : Tomcat started on port(s): 8087 (http) with context path ''
21:44:12:908  INFO 71544 --- [main] c.a.c.n.registry.NacosServiceRegistry    : nacos registry, DEFAULT_GROUP search-service 192.168.15.1:8087 register finished
21:44:13:321  INFO 71544 --- [main] d.s.w.p.DocumentationPluginsBootstrapper : Documentation plugins bootstrapped
21:44:13:323  INFO 71544 --- [main] d.s.w.p.DocumentationPluginsBootstrapper : Found 1 custom documentation plugin(s)
21:44:13:342  INFO 71544 --- [main] s.d.s.w.s.ApiListingReferenceScanner     : Scanning for api listing references
21:44:13:397  INFO 71544 --- [nacos-grpc-client-executor-6] com.alibaba.nacos.common.remote.client   : [113c5831-004f-4cba-ac51-48bb83a778fc] Receive server push request, request = NotifySubscriberRequest, requestId = 49
21:44:13:416  INFO 71544 --- [nacos-grpc-client-executor-6] com.alibaba.nacos.common.remote.client   : [113c5831-004f-4cba-ac51-48bb83a778fc] Ack server push request, request = NotifySubscriberRequest, requestId = 49
21:44:13:421  INFO 71544 --- [main] .d.s.w.r.o.CachingOperationNameGenerator : Generating unique operation named: searchUsingGET_1
21:44:13:432  INFO 71544 --- [main] o.s.a.r.c.CachingConnectionFactory       : Attempting to connect to: [192.168.23.128:5672]
21:44:13:478  INFO 71544 --- [main] o.s.a.r.c.CachingConnectionFactory       : Created new connection: rabbitConnectionFactory#67c61551:0/SimpleConnection@2cbc0224 [delegate=amqp://hmall@192.168.23.128:5672//hmall, localPort= 60648]
21:44:13:568  INFO 71544 --- [main] com.hmall.search.SearchApplication       : Started SearchApplication in 11.128 seconds (JVM running for 12.34)
21:44:13:575  INFO 71544 --- [main] c.a.c.n.refresh.NacosContextRefresher    : [Nacos Config] Listening config: dataId=search-service, group=DEFAULT_GROUP
21:44:13:576  INFO 71544 --- [main] c.a.c.n.refresh.NacosContextRefresher    : [Nacos Config] Listening config: dataId=search-service.yaml, group=DEFAULT_GROUP
21:44:13:577  INFO 71544 --- [main] c.a.c.n.refresh.NacosContextRefresher    : [Nacos Config] Listening config: dataId=search-service-local.yaml, group=DEFAULT_GROUP
21:46:33:042  WARN 71544 --- [Thread-1] c.a.n.common.http.HttpClientBeanHolder   : [HttpClientBeanHolder] Start destroying common HttpClient
21:46:33:042  WARN 71544 --- [Thread-5] c.a.nacos.common.notify.NotifyCenter     : [NotifyCenter] Start destroying Publisher
21:46:33:054  WARN 71544 --- [Thread-5] c.a.nacos.common.notify.NotifyCenter     : [NotifyCenter] Destruction of the end
21:46:33:064  WARN 71544 --- [Thread-1] c.a.n.common.http.HttpClientBeanHolder   : [HttpClientBeanHolder] Destruction of the end
21:46:33:214  INFO 71544 --- [org.springframework.amqp.rabbit.RabbitListenerEndpointContainer#0-2] o.s.a.r.l.SimpleMessageListenerContainer : Waiting for workers to finish.
21:46:33:215  INFO 71544 --- [org.springframework.amqp.rabbit.RabbitListenerEndpointContainer#1-2] o.s.a.r.l.SimpleMessageListenerContainer : Waiting for workers to finish.
21:46:33:404  INFO 71544 --- [org.springframework.amqp.rabbit.RabbitListenerEndpointContainer#0-2] o.s.a.r.l.SimpleMessageListenerContainer : Successfully waited for workers to finish.
21:46:33:404  INFO 71544 --- [org.springframework.amqp.rabbit.RabbitListenerEndpointContainer#1-2] o.s.a.r.l.SimpleMessageListenerContainer : Successfully waited for workers to finish.
21:46:33:794  INFO 71544 --- [SpringContextShutdownHook] c.a.c.n.registry.NacosServiceRegistry    : De-registering from Nacos Server now...
21:46:33:802  INFO 71544 --- [SpringContextShutdownHook] c.a.c.n.registry.NacosServiceRegistry    : De-registration finished.
21:46:34:141  INFO 71544 --- [SpringContextShutdownHook] com.alibaba.nacos.common.remote.client   : Shutdown rpc client, set status to shutdown
21:46:34:142  INFO 71544 --- [SpringContextShutdownHook] com.alibaba.nacos.common.remote.client   : Shutdown client event executor java.util.concurrent.ScheduledThreadPoolExecutor@50c5f491[Running, pool size = 2, active threads = 2, queued tasks = 0, completed tasks = 0]
21:46:34:142  INFO 71544 --- [SpringContextShutdownHook] com.alibaba.nacos.common.remote.client   : Close current connection 1766065457405_192.168.23.1_60644
21:46:34:146  INFO 71544 --- [nacos-grpc-client-executor-38] c.a.n.c.remote.client.grpc.GrpcClient    : [1766065457405_192.168.23.1_60644]Ignore complete event,isRunning:false,isAbandon=false
21:46:34:170  INFO 71544 --- [SpringContextShutdownHook] c.a.n.c.remote.client.grpc.GrpcClient    : Shutdown grpc executor java.util.concurrent.ThreadPoolExecutor@b858b2a[Running, pool size = 5, active threads = 0, queued tasks = 0, completed tasks = 39]
21:46:34:187  INFO 71544 --- [SpringContextShutdownHook] com.zaxxer.hikari.HikariDataSource       : HikariPool-1 - Shutdown initiated...
21:46:34:237  INFO 71544 --- [SpringContextShutdownHook] com.zaxxer.hikari.HikariDataSource       : HikariPool-1 - Shutdown completed.
21:46:34:239  INFO 71544 --- [SpringContextShutdownHook] o.s.a.r.l.SimpleMessageListenerContainer : Shutdown ignored - container is already stopped
21:46:34:239  INFO 71544 --- [SpringContextShutdownHook] o.s.a.r.l.SimpleMessageListenerContainer : Shutdown ignored - container is already stopped
21:46:34:282  INFO 71544 --- [NettyClientSelector_RMROLE_1_1] i.s.c.r.n.AbstractNettyRemotingClient    : channel inactive: [id: 0xf47a0b58, L:/192.168.23.1:58549 ! R:/192.168.23.128:8099]
21:46:34:284  INFO 71544 --- [NettyClientSelector_RMROLE_1_1] i.s.c.r.netty.NettyClientChannelManager  : return to pool, rm channel:[id: 0xf47a0b58, L:/192.168.23.1:58549 ! R:/192.168.23.128:8099]
21:46:34:286  INFO 71544 --- [NettyClientSelector_RMROLE_1_1] i.s.core.rpc.netty.NettyPoolableFactory  : channel valid false,channel:[id: 0xf47a0b58, L:/192.168.23.1:58549 ! R:/192.168.23.128:8099]
21:46:34:287  INFO 71544 --- [NettyClientSelector_RMROLE_1_1] i.s.core.rpc.netty.NettyPoolableFactory  : will destroy channel:[id: 0xf47a0b58, L:/192.168.23.1:58549 ! R:/192.168.23.128:8099]
21:46:34:289  INFO 71544 --- [NettyClientSelector_RMROLE_1_1] i.s.c.r.n.AbstractNettyRemotingClient    : ChannelHandlerContext(AbstractNettyRemotingClient$ClientHandler#0, [id: 0xf47a0b58, L:/192.168.23.1:58549 ! R:/192.168.23.128:8099]) will closed
21:46:34:290  INFO 71544 --- [NettyClientSelector_RMROLE_1_1] i.s.c.r.n.AbstractNettyRemotingClient    : ChannelHandlerContext(AbstractNettyRemotingClient$ClientHandler#0, [id: 0xf47a0b58, L:/192.168.23.1:58549 ! R:/192.168.23.128:8099]) will closed
21:46:44:635  INFO 71788 --- [main] com.hmall.search.SearchApplication       : The following 1 profile is active: "local"
21:46:46:054  INFO 71788 --- [main] o.s.cloud.context.scope.GenericScope     : BeanFactory id=e59cb67c-5044-3b68-b0d2-a7f38eef80e7
21:46:46:125  INFO 71788 --- [main] trationDelegate$BeanPostProcessorChecker : Bean 'io.seata.spring.boot.autoconfigure.SeataCoreAutoConfiguration' of type [io.seata.spring.boot.autoconfigure.SeataCoreAutoConfiguration] is not eligible for getting processed by all BeanPostProcessors (for example: not eligible for auto-proxying)
21:46:46:125  INFO 71788 --- [main] trationDelegate$BeanPostProcessorChecker : Bean 'springApplicationContextProvider' of type [io.seata.spring.boot.autoconfigure.provider.SpringApplicationContextProvider] is not eligible for getting processed by all BeanPostProcessors (for example: not eligible for auto-proxying)
21:46:46:127  INFO 71788 --- [main] trationDelegate$BeanPostProcessorChecker : Bean 'io.seata.spring.boot.autoconfigure.SeataAutoConfiguration' of type [io.seata.spring.boot.autoconfigure.SeataAutoConfiguration] is not eligible for getting processed by all BeanPostProcessors (for example: not eligible for auto-proxying)
21:46:46:223  INFO 71788 --- [main] trationDelegate$BeanPostProcessorChecker : Bean 'failureHandler' of type [io.seata.tm.api.DefaultFailureHandlerImpl] is not eligible for getting processed by all BeanPostProcessors (for example: not eligible for auto-proxying)
21:46:46:226  INFO 71788 --- [main] trationDelegate$BeanPostProcessorChecker : Bean 'org.springframework.cloud.commons.config.CommonsConfigAutoConfiguration' of type [org.springframework.cloud.commons.config.CommonsConfigAutoConfiguration] is not eligible for getting processed by all BeanPostProcessors (for example: not eligible for auto-proxying)
21:46:46:226  INFO 71788 --- [main] trationDelegate$BeanPostProcessorChecker : Bean 'org.springframework.cloud.client.loadbalancer.LoadBalancerDefaultMappingsProviderAutoConfiguration' of type [org.springframework.cloud.client.loadbalancer.LoadBalancerDefaultMappingsProviderAutoConfiguration] is not eligible for getting processed by all BeanPostProcessors (for example: not eligible for auto-proxying)
21:46:46:228  INFO 71788 --- [main] trationDelegate$BeanPostProcessorChecker : Bean 'loadBalancerClientsDefaultsMappingsProvider' of type [org.springframework.cloud.client.loadbalancer.LoadBalancerDefaultMappingsProviderAutoConfiguration$$Lambda$569/0x00000008405d7840] is not eligible for getting processed by all BeanPostProcessors (for example: not eligible for auto-proxying)
21:46:46:228  INFO 71788 --- [main] trationDelegate$BeanPostProcessorChecker : Bean 'defaultsBindHandlerAdvisor' of type [org.springframework.cloud.commons.config.DefaultsBindHandlerAdvisor] is not eligible for getting processed by all BeanPostProcessors (for example: not eligible for auto-proxying)
21:46:46:230  INFO 71788 --- [main] trationDelegate$BeanPostProcessorChecker : Bean 'springCloudAlibabaConfiguration' of type [io.seata.spring.boot.autoconfigure.properties.SpringCloudAlibabaConfiguration] is not eligible for getting processed by all BeanPostProcessors (for example: not eligible for auto-proxying)
21:46:46:231  INFO 71788 --- [main] trationDelegate$BeanPostProcessorChecker : Bean 'seataProperties' of type [io.seata.spring.boot.autoconfigure.properties.SeataProperties] is not eligible for getting processed by all BeanPostProcessors (for example: not eligible for auto-proxying)
21:46:46:234  INFO 71788 --- [main] i.s.s.b.a.SeataAutoConfiguration         : Automatically configure Seata
21:46:46:299  INFO 71788 --- [main] io.seata.config.ConfigurationFactory     : load Configuration from :Spring Configuration
21:46:46:304  INFO 71788 --- [main] io.seata.config.ConfigurationFactory     : load Configuration from :Spring Configuration
21:46:46:348  INFO 71788 --- [main] i.s.s.a.GlobalTransactionScanner         : Initializing Global Transaction Clients ... 
21:46:46:414  INFO 71788 --- [main] i.s.core.rpc.netty.NettyClientBootstrap  : NettyClientBootstrap has started
21:46:46:518  INFO 71788 --- [main] com.alibaba.nacos.common.remote.client   : [RpcClientFactory] create a new rpc client of 7e4724b1-9fdc-498e-91f3-28c8a9698569
21:46:46:518  INFO 71788 --- [main] com.alibaba.nacos.common.remote.client   : [7e4724b1-9fdc-498e-91f3-28c8a9698569] RpcClient init label, labels = {module=naming, source=sdk}
21:46:46:519  INFO 71788 --- [main] com.alibaba.nacos.common.remote.client   : [7e4724b1-9fdc-498e-91f3-28c8a9698569] RpcClient init, ServerListFactory = com.alibaba.nacos.client.naming.core.ServerListManager
21:46:46:520  INFO 71788 --- [main] com.alibaba.nacos.common.remote.client   : [7e4724b1-9fdc-498e-91f3-28c8a9698569] Registry connection listener to current client:com.alibaba.nacos.client.naming.remote.gprc.redo.NamingGrpcRedoService
21:46:46:520  INFO 71788 --- [main] com.alibaba.nacos.common.remote.client   : [7e4724b1-9fdc-498e-91f3-28c8a9698569] Register server push request handler:com.alibaba.nacos.client.naming.remote.gprc.NamingPushRequestHandler
21:46:46:520  INFO 71788 --- [main] com.alibaba.nacos.common.remote.client   : [7e4724b1-9fdc-498e-91f3-28c8a9698569] Try to connect to server on start up, server: {serverIp = '192.168.23.128', server main port = 8848}
21:46:46:652  INFO 71788 --- [main] com.alibaba.nacos.common.remote.client   : [7e4724b1-9fdc-498e-91f3-28c8a9698569] Success to connect to server [192.168.23.128:8848] on start up, connectionId = 1766065611182_192.168.23.1_64358
21:46:46:652  INFO 71788 --- [main] com.alibaba.nacos.common.remote.client   : [7e4724b1-9fdc-498e-91f3-28c8a9698569] Register server push request handler:com.alibaba.nacos.common.remote.client.RpcClient$ConnectResetRequestHandler
21:46:46:652  INFO 71788 --- [main] com.alibaba.nacos.common.remote.client   : [7e4724b1-9fdc-498e-91f3-28c8a9698569] Register server push request handler:com.alibaba.nacos.common.remote.client.RpcClient$$Lambda$475/0x00000008403ef440
21:46:46:652  INFO 71788 --- [com.alibaba.nacos.client.remote.worker] com.alibaba.nacos.common.remote.client   : [7e4724b1-9fdc-498e-91f3-28c8a9698569] Notify connected event to listeners.
21:46:46:689  INFO 71788 --- [main] i.s.c.r.netty.NettyClientChannelManager  : will connect to 192.168.23.128:8099
21:46:46:935  INFO 71788 --- [main] i.s.core.rpc.netty.NettyPoolableFactory  : NettyPool create channel to transactionRole:TMROLE,address:192.168.23.128:8099,msg:< RegisterTMRequest{applicationId='search-service', transactionServiceGroup='hmall'} >
21:46:47:217  INFO 71788 --- [nacos-grpc-client-executor-5] com.alibaba.nacos.common.remote.client   : [7e4724b1-9fdc-498e-91f3-28c8a9698569] Receive server push request, request = NotifySubscriberRequest, requestId = 56
21:46:47:227  INFO 71788 --- [nacos-grpc-client-executor-5] com.alibaba.nacos.common.remote.client   : [7e4724b1-9fdc-498e-91f3-28c8a9698569] Ack server push request, request = NotifySubscriberRequest, requestId = 56
21:46:47:265  INFO 71788 --- [main] i.s.c.rpc.netty.TmNettyRemotingClient    : register TM success. client version:1.5.2, server version:1.5.2,channel:[id: 0x887151aa, L:/192.168.23.1:55162 - R:/192.168.23.128:8099]
21:46:47:268  INFO 71788 --- [main] i.s.core.rpc.netty.NettyPoolableFactory  : register success, cost 39 ms, version:1.5.2,role:TMROLE,channel:[id: 0x887151aa, L:/192.168.23.1:55162 - R:/192.168.23.128:8099]
21:46:47:268  INFO 71788 --- [main] i.s.s.a.GlobalTransactionScanner         : Transaction Manager Client is initialized. applicationId[search-service] txServiceGroup[hmall]
21:46:47:276  INFO 71788 --- [main] io.seata.rm.datasource.AsyncWorker       : Async Commit Buffer Limit: 10000
21:46:47:277  INFO 71788 --- [main] i.s.rm.datasource.xa.ResourceManagerXA   : ResourceManagerXA init ...
21:46:47:282  INFO 71788 --- [main] i.s.core.rpc.netty.NettyClientBootstrap  : NettyClientBootstrap has started
21:46:47:282  INFO 71788 --- [main] i.s.s.a.GlobalTransactionScanner         : Resource Manager is initialized. applicationId[search-service] txServiceGroup[hmall]
21:46:47:282  INFO 71788 --- [main] i.s.s.a.GlobalTransactionScanner         : Global Transaction Clients are initialized. 
21:46:47:283  INFO 71788 --- [main] trationDelegate$BeanPostProcessorChecker : Bean 'io.seata.spring.boot.autoconfigure.SeataDataSourceAutoConfiguration' of type [io.seata.spring.boot.autoconfigure.SeataDataSourceAutoConfiguration] is not eligible for getting processed by all BeanPostProcessors (for example: not eligible for auto-proxying)
21:46:47:349  INFO 71788 --- [main] trationDelegate$BeanPostProcessorChecker : Bean 'com.alibaba.cloud.seata.feign.SeataFeignClientAutoConfiguration$FeignBeanPostProcessorConfiguration' of type [com.alibaba.cloud.seata.feign.SeataFeignClientAutoConfiguration$FeignBeanPostProcessorConfiguration] is not eligible for getting processed by all BeanPostProcessors (for example: not eligible for auto-proxying)
21:46:47:351  INFO 71788 --- [main] trationDelegate$BeanPostProcessorChecker : Bean 'seataFeignObjectWrapper' of type [com.alibaba.cloud.seata.feign.SeataFeignObjectWrapper] is not eligible for getting processed by all BeanPostProcessors (for example: not eligible for auto-proxying)
21:46:47:535  INFO 71788 --- [main] o.s.b.w.embedded.tomcat.TomcatWebServer  : Tomcat initialized with port(s): 8087 (http)
21:46:47:543  INFO 71788 --- [main] o.apache.catalina.core.StandardService   : Starting service [Tomcat]
21:46:47:543  INFO 71788 --- [main] org.apache.catalina.core.StandardEngine  : Starting Servlet engine: [Apache Tomcat/9.0.75]
21:46:47:714  INFO 71788 --- [main] o.a.c.c.C.[Tomcat].[localhost].[/]       : Initializing Spring embedded WebApplicationContext
21:46:47:714  INFO 71788 --- [main] w.s.c.ServletWebServerApplicationContext : Root WebApplicationContext: initialization completed in 3042 ms
21:46:47:859  INFO 71788 --- [main] o.s.c.openfeign.FeignClientFactoryBean   : For 'item-service' URL not provided. Will try picking an instance via load-balancing.
21:46:48:180  INFO 71788 --- [main] o.s.c.openfeign.FeignClientFactoryBean   : For 'trade-service' URL not provided. Will try picking an instance via load-balancing.
21:46:48:294  INFO 71788 --- [main] com.zaxxer.hikari.HikariDataSource       : HikariPool-1 - Starting...
21:46:48:524  INFO 71788 --- [main] com.zaxxer.hikari.HikariDataSource       : HikariPool-1 - Start completed.
21:46:48:608  INFO 71788 --- [main] i.s.c.r.netty.NettyClientChannelManager  : will connect to 192.168.23.128:8099
21:46:48:608  INFO 71788 --- [main] i.s.c.rpc.netty.RmNettyRemotingClient    : RM will register :jdbc:mysql://192.168.23.128:3306/hm-item
21:46:48:609  INFO 71788 --- [main] i.s.core.rpc.netty.NettyPoolableFactory  : NettyPool create channel to transactionRole:RMROLE,address:192.168.23.128:8099,msg:< RegisterRMRequest{resourceIds='jdbc:mysql://192.168.23.128:3306/hm-item', applicationId='search-service', transactionServiceGroup='hmall'} >
21:46:48:616  INFO 71788 --- [main] i.s.c.rpc.netty.RmNettyRemotingClient    : register RM success. client version:1.5.2, server version:1.5.2,channel:[id: 0xd93f4006, L:/192.168.23.1:55242 - R:/192.168.23.128:8099]
21:46:48:616  INFO 71788 --- [main] i.s.core.rpc.netty.NettyPoolableFactory  : register success, cost 4 ms, version:1.5.2,role:RMROLE,channel:[id: 0xd93f4006, L:/192.168.23.1:55242 - R:/192.168.23.128:8099]
21:46:49:898  INFO 71788 --- [main] pertySourcedRequestMappingHandlerMapping : Mapped URL path [/v2/api-docs] onto method [springfox.documentation.swagger2.web.Swagger2ControllerWebMvc#getDocumentation(String, HttpServletRequest)]
21:46:50:526  INFO 71788 --- [main] com.alibaba.nacos.common.remote.client   : [RpcClientFactory] create a new rpc client of 4cd78e99-f641-4d8d-96b3-71e77e56decf
21:46:50:526  INFO 71788 --- [main] com.alibaba.nacos.common.remote.client   : [4cd78e99-f641-4d8d-96b3-71e77e56decf] RpcClient init label, labels = {module=naming, source=sdk}
21:46:50:527  INFO 71788 --- [main] com.alibaba.nacos.common.remote.client   : [4cd78e99-f641-4d8d-96b3-71e77e56decf] RpcClient init, ServerListFactory = com.alibaba.nacos.client.naming.core.ServerListManager
21:46:50:527  INFO 71788 --- [main] com.alibaba.nacos.common.remote.client   : [4cd78e99-f641-4d8d-96b3-71e77e56decf] Registry connection listener to current client:com.alibaba.nacos.client.naming.remote.gprc.redo.NamingGrpcRedoService
21:46:50:527  INFO 71788 --- [main] com.alibaba.nacos.common.remote.client   : [4cd78e99-f641-4d8d-96b3-71e77e56decf] Register server push request handler:com.alibaba.nacos.client.naming.remote.gprc.NamingPushRequestHandler
21:46:50:527  INFO 71788 --- [main] com.alibaba.nacos.common.remote.client   : [4cd78e99-f641-4d8d-96b3-71e77e56decf] Try to connect to server on start up, server: {serverIp = '192.168.23.128', server main port = 8848}
21:46:50:648  INFO 71788 --- [main] com.alibaba.nacos.common.remote.client   : [4cd78e99-f641-4d8d-96b3-71e77e56decf] Success to connect to server [192.168.23.128:8848] on start up, connectionId = 1766065615189_192.168.23.1_55394
21:46:50:648  INFO 71788 --- [main] com.alibaba.nacos.common.remote.client   : [4cd78e99-f641-4d8d-96b3-71e77e56decf] Register server push request handler:com.alibaba.nacos.common.remote.client.RpcClient$ConnectResetRequestHandler
21:46:50:648  INFO 71788 --- [com.alibaba.nacos.client.remote.worker] com.alibaba.nacos.common.remote.client   : [4cd78e99-f641-4d8d-96b3-71e77e56decf] Notify connected event to listeners.
21:46:50:648  INFO 71788 --- [main] com.alibaba.nacos.common.remote.client   : [4cd78e99-f641-4d8d-96b3-71e77e56decf] Register server push request handler:com.alibaba.nacos.common.remote.client.RpcClient$$Lambda$475/0x00000008403ef440
21:46:50:679  INFO 71788 --- [main] o.s.b.w.embedded.tomcat.TomcatWebServer  : Tomcat started on port(s): 8087 (http) with context path ''
21:46:50:687  INFO 71788 --- [main] c.a.c.n.registry.NacosServiceRegistry    : nacos registry, DEFAULT_GROUP search-service 192.168.15.1:8087 register finished
21:46:51:006  INFO 71788 --- [main] d.s.w.p.DocumentationPluginsBootstrapper : Documentation plugins bootstrapped
21:46:51:008  INFO 71788 --- [main] d.s.w.p.DocumentationPluginsBootstrapper : Found 1 custom documentation plugin(s)
21:46:51:024  INFO 71788 --- [main] s.d.s.w.s.ApiListingReferenceScanner     : Scanning for api listing references
21:46:51:075  INFO 71788 --- [main] .d.s.w.r.o.CachingOperationNameGenerator : Generating unique operation named: searchUsingGET_1
21:46:51:080  INFO 71788 --- [main] o.s.a.r.c.CachingConnectionFactory       : Attempting to connect to: [192.168.23.128:5672]
21:46:51:109  INFO 71788 --- [main] o.s.a.r.c.CachingConnectionFactory       : Created new connection: rabbitConnectionFactory#19412eef:0/SimpleConnection@75392381 [delegate=amqp://hmall@192.168.23.128:5672//hmall, localPort= 55399]
21:46:51:161  INFO 71788 --- [main] com.hmall.search.SearchApplication       : Started SearchApplication in 9.968 seconds (JVM running for 10.86)
21:46:51:165  INFO 71788 --- [main] c.a.c.n.refresh.NacosContextRefresher    : [Nacos Config] Listening config: dataId=search-service, group=DEFAULT_GROUP
21:46:51:166  INFO 71788 --- [main] c.a.c.n.refresh.NacosContextRefresher    : [Nacos Config] Listening config: dataId=search-service.yaml, group=DEFAULT_GROUP
21:46:51:166  INFO 71788 --- [main] c.a.c.n.refresh.NacosContextRefresher    : [Nacos Config] Listening config: dataId=search-service-local.yaml, group=DEFAULT_GROUP
21:46:51:227  INFO 71788 --- [nacos-grpc-client-executor-6] com.alibaba.nacos.common.remote.client   : [4cd78e99-f641-4d8d-96b3-71e77e56decf] Receive server push request, request = NotifySubscriberRequest, requestId = 57
21:46:51:238  INFO 71788 --- [nacos-grpc-client-executor-6] com.alibaba.nacos.common.remote.client   : [4cd78e99-f641-4d8d-96b3-71e77e56decf] Ack server push request, request = NotifySubscriberRequest, requestId = 57
21:48:53:958  WARN 71788 --- [Thread-1] c.a.n.common.http.HttpClientBeanHolder   : [HttpClientBeanHolder] Start destroying common HttpClient
21:48:53:960  WARN 71788 --- [Thread-5] c.a.nacos.common.notify.NotifyCenter     : [NotifyCenter] Start destroying Publisher
21:48:53:973  WARN 71788 --- [Thread-5] c.a.nacos.common.notify.NotifyCenter     : [NotifyCenter] Destruction of the end
21:48:53:981  WARN 71788 --- [Thread-1] c.a.n.common.http.HttpClientBeanHolder   : [HttpClientBeanHolder] Destruction of the end
21:48:54:091  INFO 71788 --- [org.springframework.amqp.rabbit.RabbitListenerEndpointContainer#0-2] o.s.a.r.l.SimpleMessageListenerContainer : Waiting for workers to finish.
21:48:54:093  INFO 71788 --- [org.springframework.amqp.rabbit.RabbitListenerEndpointContainer#1-2] o.s.a.r.l.SimpleMessageListenerContainer : Waiting for workers to finish.
21:48:54:905  INFO 71788 --- [org.springframework.amqp.rabbit.RabbitListenerEndpointContainer#0-2] o.s.a.r.l.SimpleMessageListenerContainer : Successfully waited for workers to finish.
21:48:54:905  INFO 71788 --- [org.springframework.amqp.rabbit.RabbitListenerEndpointContainer#1-2] o.s.a.r.l.SimpleMessageListenerContainer : Successfully waited for workers to finish.
21:48:55:270  INFO 71788 --- [SpringContextShutdownHook] c.a.c.n.registry.NacosServiceRegistry    : De-registering from Nacos Server now...
21:48:55:278  INFO 71788 --- [SpringContextShutdownHook] c.a.c.n.registry.NacosServiceRegistry    : De-registration finished.
21:48:55:617  INFO 71788 --- [SpringContextShutdownHook] com.alibaba.nacos.common.remote.client   : Shutdown rpc client, set status to shutdown
21:48:55:618  INFO 71788 --- [SpringContextShutdownHook] com.alibaba.nacos.common.remote.client   : Shutdown client event executor java.util.concurrent.ScheduledThreadPoolExecutor@2c5bae4f[Running, pool size = 2, active threads = 2, queued tasks = 0, completed tasks = 0]
21:48:55:619  INFO 71788 --- [SpringContextShutdownHook] com.alibaba.nacos.common.remote.client   : Close current connection 1766065615189_192.168.23.1_55394
21:48:55:623  INFO 71788 --- [nacos-grpc-client-executor-36] c.a.n.c.remote.client.grpc.GrpcClient    : [1766065615189_192.168.23.1_55394]Ignore complete event,isRunning:false,isAbandon=false
21:48:55:640  INFO 71788 --- [SpringContextShutdownHook] c.a.n.c.remote.client.grpc.GrpcClient    : Shutdown grpc executor java.util.concurrent.ThreadPoolExecutor@36ccfec8[Running, pool size = 7, active threads = 0, queued tasks = 0, completed tasks = 37]
21:48:55:652  INFO 71788 --- [SpringContextShutdownHook] com.zaxxer.hikari.HikariDataSource       : HikariPool-1 - Shutdown initiated...
21:48:55:711  INFO 71788 --- [SpringContextShutdownHook] com.zaxxer.hikari.HikariDataSource       : HikariPool-1 - Shutdown completed.
21:48:55:713  INFO 71788 --- [SpringContextShutdownHook] o.s.a.r.l.SimpleMessageListenerContainer : Shutdown ignored - container is already stopped
21:48:55:713  INFO 71788 --- [SpringContextShutdownHook] o.s.a.r.l.SimpleMessageListenerContainer : Shutdown ignored - container is already stopped
21:48:55:758  INFO 71788 --- [NettyClientSelector_RMROLE_1_1] i.s.c.r.n.AbstractNettyRemotingClient    : channel inactive: [id: 0xd93f4006, L:/192.168.23.1:55242 ! R:/192.168.23.128:8099]
21:48:55:758  INFO 71788 --- [NettyClientSelector_RMROLE_1_1] i.s.c.r.netty.NettyClientChannelManager  : return to pool, rm channel:[id: 0xd93f4006, L:/192.168.23.1:55242 ! R:/192.168.23.128:8099]
21:48:55:759  INFO 71788 --- [NettyClientSelector_RMROLE_1_1] i.s.core.rpc.netty.NettyPoolableFactory  : channel valid false,channel:[id: 0xd93f4006, L:/192.168.23.1:55242 ! R:/192.168.23.128:8099]
21:48:55:761  INFO 71788 --- [NettyClientSelector_RMROLE_1_1] i.s.core.rpc.netty.NettyPoolableFactory  : will destroy channel:[id: 0xd93f4006, L:/192.168.23.1:55242 ! R:/192.168.23.128:8099]
21:48:55:761  INFO 71788 --- [NettyClientSelector_RMROLE_1_1] i.s.c.r.n.AbstractNettyRemotingClient    : ChannelHandlerContext(AbstractNettyRemotingClient$ClientHandler#0, [id: 0xd93f4006, L:/192.168.23.1:55242 ! R:/192.168.23.128:8099]) will closed
21:48:55:761  INFO 71788 --- [NettyClientSelector_RMROLE_1_1] i.s.c.r.n.AbstractNettyRemotingClient    : ChannelHandlerContext(AbstractNettyRemotingClient$ClientHandler#0, [id: 0xd93f4006, L:/192.168.23.1:55242 ! R:/192.168.23.128:8099]) will closed
21:49:05:136  INFO 67972 --- [main] com.hmall.search.SearchApplication       : The following 1 profile is active: "local"
21:49:05:956  INFO 67972 --- [main] o.s.cloud.context.scope.GenericScope     : BeanFactory id=e59cb67c-5044-3b68-b0d2-a7f38eef80e7
21:49:06:001  INFO 67972 --- [main] trationDelegate$BeanPostProcessorChecker : Bean 'io.seata.spring.boot.autoconfigure.SeataCoreAutoConfiguration' of type [io.seata.spring.boot.autoconfigure.SeataCoreAutoConfiguration] is not eligible for getting processed by all BeanPostProcessors (for example: not eligible for auto-proxying)
21:49:06:002  INFO 67972 --- [main] trationDelegate$BeanPostProcessorChecker : Bean 'springApplicationContextProvider' of type [io.seata.spring.boot.autoconfigure.provider.SpringApplicationContextProvider] is not eligible for getting processed by all BeanPostProcessors (for example: not eligible for auto-proxying)
21:49:06:002  INFO 67972 --- [main] trationDelegate$BeanPostProcessorChecker : Bean 'io.seata.spring.boot.autoconfigure.SeataAutoConfiguration' of type [io.seata.spring.boot.autoconfigure.SeataAutoConfiguration] is not eligible for getting processed by all BeanPostProcessors (for example: not eligible for auto-proxying)
21:49:06:029  INFO 67972 --- [main] trationDelegate$BeanPostProcessorChecker : Bean 'failureHandler' of type [io.seata.tm.api.DefaultFailureHandlerImpl] is not eligible for getting processed by all BeanPostProcessors (for example: not eligible for auto-proxying)
21:49:06:032  INFO 67972 --- [main] trationDelegate$BeanPostProcessorChecker : Bean 'org.springframework.cloud.commons.config.CommonsConfigAutoConfiguration' of type [org.springframework.cloud.commons.config.CommonsConfigAutoConfiguration] is not eligible for getting processed by all BeanPostProcessors (for example: not eligible for auto-proxying)
21:49:06:032  INFO 67972 --- [main] trationDelegate$BeanPostProcessorChecker : Bean 'org.springframework.cloud.client.loadbalancer.LoadBalancerDefaultMappingsProviderAutoConfiguration' of type [org.springframework.cloud.client.loadbalancer.LoadBalancerDefaultMappingsProviderAutoConfiguration] is not eligible for getting processed by all BeanPostProcessors (for example: not eligible for auto-proxying)
21:49:06:034  INFO 67972 --- [main] trationDelegate$BeanPostProcessorChecker : Bean 'loadBalancerClientsDefaultsMappingsProvider' of type [org.springframework.cloud.client.loadbalancer.LoadBalancerDefaultMappingsProviderAutoConfiguration$$Lambda$569/0x00000008405d1440] is not eligible for getting processed by all BeanPostProcessors (for example: not eligible for auto-proxying)
21:49:06:034  INFO 67972 --- [main] trationDelegate$BeanPostProcessorChecker : Bean 'defaultsBindHandlerAdvisor' of type [org.springframework.cloud.commons.config.DefaultsBindHandlerAdvisor] is not eligible for getting processed by all BeanPostProcessors (for example: not eligible for auto-proxying)
21:49:06:037  INFO 67972 --- [main] trationDelegate$BeanPostProcessorChecker : Bean 'springCloudAlibabaConfiguration' of type [io.seata.spring.boot.autoconfigure.properties.SpringCloudAlibabaConfiguration] is not eligible for getting processed by all BeanPostProcessors (for example: not eligible for auto-proxying)
21:49:06:038  INFO 67972 --- [main] trationDelegate$BeanPostProcessorChecker : Bean 'seataProperties' of type [io.seata.spring.boot.autoconfigure.properties.SeataProperties] is not eligible for getting processed by all BeanPostProcessors (for example: not eligible for auto-proxying)
21:49:06:040  INFO 67972 --- [main] i.s.s.b.a.SeataAutoConfiguration         : Automatically configure Seata
21:49:06:089  INFO 67972 --- [main] io.seata.config.ConfigurationFactory     : load Configuration from :Spring Configuration
21:49:06:094  INFO 67972 --- [main] io.seata.config.ConfigurationFactory     : load Configuration from :Spring Configuration
21:49:06:136  INFO 67972 --- [main] i.s.s.a.GlobalTransactionScanner         : Initializing Global Transaction Clients ... 
21:49:06:197  INFO 67972 --- [main] i.s.core.rpc.netty.NettyClientBootstrap  : NettyClientBootstrap has started
21:49:06:318  INFO 67972 --- [main] com.alibaba.nacos.common.remote.client   : [RpcClientFactory] create a new rpc client of 9447209b-3b3c-4a88-bcbb-4c6db290570f
21:49:06:318  INFO 67972 --- [main] com.alibaba.nacos.common.remote.client   : [9447209b-3b3c-4a88-bcbb-4c6db290570f] RpcClient init label, labels = {module=naming, source=sdk}
21:49:06:321  INFO 67972 --- [main] com.alibaba.nacos.common.remote.client   : [9447209b-3b3c-4a88-bcbb-4c6db290570f] RpcClient init, ServerListFactory = com.alibaba.nacos.client.naming.core.ServerListManager
21:49:06:321  INFO 67972 --- [main] com.alibaba.nacos.common.remote.client   : [9447209b-3b3c-4a88-bcbb-4c6db290570f] Registry connection listener to current client:com.alibaba.nacos.client.naming.remote.gprc.redo.NamingGrpcRedoService
21:49:06:321  INFO 67972 --- [main] com.alibaba.nacos.common.remote.client   : [9447209b-3b3c-4a88-bcbb-4c6db290570f] Register server push request handler:com.alibaba.nacos.client.naming.remote.gprc.NamingPushRequestHandler
21:49:06:321  INFO 67972 --- [main] com.alibaba.nacos.common.remote.client   : [9447209b-3b3c-4a88-bcbb-4c6db290570f] Try to connect to server on start up, server: {serverIp = '192.168.23.128', server main port = 8848}
21:49:06:438  INFO 67972 --- [main] com.alibaba.nacos.common.remote.client   : [9447209b-3b3c-4a88-bcbb-4c6db290570f] Success to connect to server [192.168.23.128:8848] on start up, connectionId = 1766065750983_192.168.23.1_55638
21:49:06:438  INFO 67972 --- [main] com.alibaba.nacos.common.remote.client   : [9447209b-3b3c-4a88-bcbb-4c6db290570f] Register server push request handler:com.alibaba.nacos.common.remote.client.RpcClient$ConnectResetRequestHandler
21:49:06:438  INFO 67972 --- [main] com.alibaba.nacos.common.remote.client   : [9447209b-3b3c-4a88-bcbb-4c6db290570f] Register server push request handler:com.alibaba.nacos.common.remote.client.RpcClient$$Lambda$475/0x00000008403ef440
21:49:06:438  INFO 67972 --- [com.alibaba.nacos.client.remote.worker] com.alibaba.nacos.common.remote.client   : [9447209b-3b3c-4a88-bcbb-4c6db290570f] Notify connected event to listeners.
21:49:06:482  INFO 67972 --- [main] i.s.c.r.netty.NettyClientChannelManager  : will connect to 192.168.23.128:8099
21:49:06:733  INFO 67972 --- [main] i.s.core.rpc.netty.NettyPoolableFactory  : NettyPool create channel to transactionRole:TMROLE,address:192.168.23.128:8099,msg:< RegisterTMRequest{applicationId='search-service', transactionServiceGroup='hmall'} >
21:49:07:051  INFO 67972 --- [nacos-grpc-client-executor-6] com.alibaba.nacos.common.remote.client   : [9447209b-3b3c-4a88-bcbb-4c6db290570f] Receive server push request, request = NotifySubscriberRequest, requestId = 58
21:49:07:082  INFO 67972 --- [nacos-grpc-client-executor-6] com.alibaba.nacos.common.remote.client   : [9447209b-3b3c-4a88-bcbb-4c6db290570f] Ack server push request, request = NotifySubscriberRequest, requestId = 58
21:49:07:175  INFO 67972 --- [main] i.s.c.rpc.netty.TmNettyRemotingClient    : register TM success. client version:1.5.2, server version:1.5.2,channel:[id: 0x3093c5ae, L:/192.168.23.1:55640 - R:/192.168.23.128:8099]
21:49:07:179  INFO 67972 --- [main] i.s.core.rpc.netty.NettyPoolableFactory  : register success, cost 73 ms, version:1.5.2,role:TMROLE,channel:[id: 0x3093c5ae, L:/192.168.23.1:55640 - R:/192.168.23.128:8099]
21:49:07:179  INFO 67972 --- [main] i.s.s.a.GlobalTransactionScanner         : Transaction Manager Client is initialized. applicationId[search-service] txServiceGroup[hmall]
21:49:07:189  INFO 67972 --- [main] io.seata.rm.datasource.AsyncWorker       : Async Commit Buffer Limit: 10000
21:49:07:190  INFO 67972 --- [main] i.s.rm.datasource.xa.ResourceManagerXA   : ResourceManagerXA init ...
21:49:07:211  INFO 67972 --- [main] i.s.core.rpc.netty.NettyClientBootstrap  : NettyClientBootstrap has started
21:49:07:211  INFO 67972 --- [main] i.s.s.a.GlobalTransactionScanner         : Resource Manager is initialized. applicationId[search-service] txServiceGroup[hmall]
21:49:07:211  INFO 67972 --- [main] i.s.s.a.GlobalTransactionScanner         : Global Transaction Clients are initialized. 
21:49:07:213  INFO 67972 --- [main] trationDelegate$BeanPostProcessorChecker : Bean 'io.seata.spring.boot.autoconfigure.SeataDataSourceAutoConfiguration' of type [io.seata.spring.boot.autoconfigure.SeataDataSourceAutoConfiguration] is not eligible for getting processed by all BeanPostProcessors (for example: not eligible for auto-proxying)
21:49:07:296  INFO 67972 --- [main] trationDelegate$BeanPostProcessorChecker : Bean 'com.alibaba.cloud.seata.feign.SeataFeignClientAutoConfiguration$FeignBeanPostProcessorConfiguration' of type [com.alibaba.cloud.seata.feign.SeataFeignClientAutoConfiguration$FeignBeanPostProcessorConfiguration] is not eligible for getting processed by all BeanPostProcessors (for example: not eligible for auto-proxying)
21:49:07:299  INFO 67972 --- [main] trationDelegate$BeanPostProcessorChecker : Bean 'seataFeignObjectWrapper' of type [com.alibaba.cloud.seata.feign.SeataFeignObjectWrapper] is not eligible for getting processed by all BeanPostProcessors (for example: not eligible for auto-proxying)
21:49:07:684  INFO 67972 --- [main] o.s.b.w.embedded.tomcat.TomcatWebServer  : Tomcat initialized with port(s): 8087 (http)
21:49:07:702  INFO 67972 --- [main] o.apache.catalina.core.StandardService   : Starting service [Tomcat]
21:49:07:702  INFO 67972 --- [main] org.apache.catalina.core.StandardEngine  : Starting Servlet engine: [Apache Tomcat/9.0.75]
21:49:07:952  INFO 67972 --- [main] o.a.c.c.C.[Tomcat].[localhost].[/]       : Initializing Spring embedded WebApplicationContext
21:49:07:952  INFO 67972 --- [main] w.s.c.ServletWebServerApplicationContext : Root WebApplicationContext: initialization completed in 2801 ms
21:49:08:185  INFO 67972 --- [main] o.s.c.openfeign.FeignClientFactoryBean   : For 'item-service' URL not provided. Will try picking an instance via load-balancing.
21:49:08:854  INFO 67972 --- [main] o.s.c.openfeign.FeignClientFactoryBean   : For 'trade-service' URL not provided. Will try picking an instance via load-balancing.
21:49:08:977  INFO 67972 --- [main] com.zaxxer.hikari.HikariDataSource       : HikariPool-1 - Starting...
21:49:09:228  INFO 67972 --- [main] com.zaxxer.hikari.HikariDataSource       : HikariPool-1 - Start completed.
21:49:09:320  INFO 67972 --- [main] i.s.c.r.netty.NettyClientChannelManager  : will connect to 192.168.23.128:8099
21:49:09:321  INFO 67972 --- [main] i.s.c.rpc.netty.RmNettyRemotingClient    : RM will register :jdbc:mysql://192.168.23.128:3306/hm-item
21:49:09:322  INFO 67972 --- [main] i.s.core.rpc.netty.NettyPoolableFactory  : NettyPool create channel to transactionRole:RMROLE,address:192.168.23.128:8099,msg:< RegisterRMRequest{resourceIds='jdbc:mysql://192.168.23.128:3306/hm-item', applicationId='search-service', transactionServiceGroup='hmall'} >
21:49:09:328  INFO 67972 --- [main] i.s.c.rpc.netty.RmNettyRemotingClient    : register RM success. client version:1.5.2, server version:1.5.2,channel:[id: 0x0992af94, L:/192.168.23.1:53205 - R:/192.168.23.128:8099]
21:49:09:328  INFO 67972 --- [main] i.s.core.rpc.netty.NettyPoolableFactory  : register success, cost 4 ms, version:1.5.2,role:RMROLE,channel:[id: 0x0992af94, L:/192.168.23.1:53205 - R:/192.168.23.128:8099]
21:49:10:691  INFO 67972 --- [main] pertySourcedRequestMappingHandlerMapping : Mapped URL path [/v2/api-docs] onto method [springfox.documentation.swagger2.web.Swagger2ControllerWebMvc#getDocumentation(String, HttpServletRequest)]
21:49:11:444  INFO 67972 --- [main] com.alibaba.nacos.common.remote.client   : [RpcClientFactory] create a new rpc client of 55a23648-24ea-4172-9913-a47ff07dfbe6
21:49:11:444  INFO 67972 --- [main] com.alibaba.nacos.common.remote.client   : [55a23648-24ea-4172-9913-a47ff07dfbe6] RpcClient init label, labels = {module=naming, source=sdk}
21:49:11:444  INFO 67972 --- [main] com.alibaba.nacos.common.remote.client   : [55a23648-24ea-4172-9913-a47ff07dfbe6] RpcClient init, ServerListFactory = com.alibaba.nacos.client.naming.core.ServerListManager
21:49:11:445  INFO 67972 --- [main] com.alibaba.nacos.common.remote.client   : [55a23648-24ea-4172-9913-a47ff07dfbe6] Registry connection listener to current client:com.alibaba.nacos.client.naming.remote.gprc.redo.NamingGrpcRedoService
21:49:11:445  INFO 67972 --- [main] com.alibaba.nacos.common.remote.client   : [55a23648-24ea-4172-9913-a47ff07dfbe6] Register server push request handler:com.alibaba.nacos.client.naming.remote.gprc.NamingPushRequestHandler
21:49:11:445  INFO 67972 --- [main] com.alibaba.nacos.common.remote.client   : [55a23648-24ea-4172-9913-a47ff07dfbe6] Try to connect to server on start up, server: {serverIp = '192.168.23.128', server main port = 8848}
21:49:11:569  INFO 67972 --- [main] com.alibaba.nacos.common.remote.client   : [55a23648-24ea-4172-9913-a47ff07dfbe6] Success to connect to server [192.168.23.128:8848] on start up, connectionId = 1766065756107_192.168.23.1_53177
21:49:11:570  INFO 67972 --- [main] com.alibaba.nacos.common.remote.client   : [55a23648-24ea-4172-9913-a47ff07dfbe6] Register server push request handler:com.alibaba.nacos.common.remote.client.RpcClient$ConnectResetRequestHandler
21:49:11:570  INFO 67972 --- [main] com.alibaba.nacos.common.remote.client   : [55a23648-24ea-4172-9913-a47ff07dfbe6] Register server push request handler:com.alibaba.nacos.common.remote.client.RpcClient$$Lambda$475/0x00000008403ef440
21:49:11:570  INFO 67972 --- [com.alibaba.nacos.client.remote.worker] com.alibaba.nacos.common.remote.client   : [55a23648-24ea-4172-9913-a47ff07dfbe6] Notify connected event to listeners.
21:49:11:606  INFO 67972 --- [main] o.s.b.w.embedded.tomcat.TomcatWebServer  : Tomcat started on port(s): 8087 (http) with context path ''
21:49:11:614  INFO 67972 --- [main] c.a.c.n.registry.NacosServiceRegistry    : nacos registry, DEFAULT_GROUP search-service 192.168.15.1:8087 register finished
21:49:11:994  INFO 67972 --- [main] d.s.w.p.DocumentationPluginsBootstrapper : Documentation plugins bootstrapped
21:49:11:996  INFO 67972 --- [main] d.s.w.p.DocumentationPluginsBootstrapper : Found 1 custom documentation plugin(s)
21:49:12:014  INFO 67972 --- [main] s.d.s.w.s.ApiListingReferenceScanner     : Scanning for api listing references
21:49:12:076  INFO 67972 --- [main] .d.s.w.r.o.CachingOperationNameGenerator : Generating unique operation named: searchUsingGET_1
21:49:12:083  INFO 67972 --- [main] o.s.a.r.c.CachingConnectionFactory       : Attempting to connect to: [192.168.23.128:5672]
21:49:12:122  INFO 67972 --- [main] o.s.a.r.c.CachingConnectionFactory       : Created new connection: rabbitConnectionFactory#6a495d88:0/SimpleConnection@1464a177 [delegate=amqp://hmall@192.168.23.128:5672//hmall, localPort= 53184]
21:49:12:180  INFO 67972 --- [nacos-grpc-client-executor-7] com.alibaba.nacos.common.remote.client   : [55a23648-24ea-4172-9913-a47ff07dfbe6] Receive server push request, request = NotifySubscriberRequest, requestId = 59
21:49:12:194  INFO 67972 --- [nacos-grpc-client-executor-7] com.alibaba.nacos.common.remote.client   : [55a23648-24ea-4172-9913-a47ff07dfbe6] Ack server push request, request = NotifySubscriberRequest, requestId = 59
21:49:12:203  INFO 67972 --- [main] com.hmall.search.SearchApplication       : Started SearchApplication in 10.536 seconds (JVM running for 11.383)
21:49:12:209  INFO 67972 --- [main] c.a.c.n.refresh.NacosContextRefresher    : [Nacos Config] Listening config: dataId=search-service, group=DEFAULT_GROUP
21:49:12:209  INFO 67972 --- [main] c.a.c.n.refresh.NacosContextRefresher    : [Nacos Config] Listening config: dataId=search-service.yaml, group=DEFAULT_GROUP
21:49:12:211  INFO 67972 --- [main] c.a.c.n.refresh.NacosContextRefresher    : [Nacos Config] Listening config: dataId=search-service-local.yaml, group=DEFAULT_GROUP
21:53:08:889  WARN 67972 --- [Thread-5] c.a.nacos.common.notify.NotifyCenter     : [NotifyCenter] Start destroying Publisher
21:53:08:889  WARN 67972 --- [Thread-1] c.a.n.common.http.HttpClientBeanHolder   : [HttpClientBeanHolder] Start destroying common HttpClient
21:53:08:918  WARN 67972 --- [Thread-5] c.a.nacos.common.notify.NotifyCenter     : [NotifyCenter] Destruction of the end
21:53:08:942  WARN 67972 --- [Thread-1] c.a.n.common.http.HttpClientBeanHolder   : [HttpClientBeanHolder] Destruction of the end
21:53:09:181  INFO 67972 --- [org.springframework.amqp.rabbit.RabbitListenerEndpointContainer#0-2] o.s.a.r.l.SimpleMessageListenerContainer : Waiting for workers to finish.
21:53:09:181  INFO 67972 --- [org.springframework.amqp.rabbit.RabbitListenerEndpointContainer#1-2] o.s.a.r.l.SimpleMessageListenerContainer : Waiting for workers to finish.
21:53:09:433  INFO 67972 --- [org.springframework.amqp.rabbit.RabbitListenerEndpointContainer#1-2] o.s.a.r.l.SimpleMessageListenerContainer : Successfully waited for workers to finish.
21:53:09:433  INFO 67972 --- [org.springframework.amqp.rabbit.RabbitListenerEndpointContainer#0-2] o.s.a.r.l.SimpleMessageListenerContainer : Successfully waited for workers to finish.
21:53:09:827  INFO 67972 --- [SpringContextShutdownHook] c.a.c.n.registry.NacosServiceRegistry    : De-registering from Nacos Server now...
21:53:09:834  INFO 67972 --- [SpringContextShutdownHook] c.a.c.n.registry.NacosServiceRegistry    : De-registration finished.
21:53:10:183  INFO 67972 --- [SpringContextShutdownHook] com.alibaba.nacos.common.remote.client   : Shutdown rpc client, set status to shutdown
21:53:10:183  INFO 67972 --- [SpringContextShutdownHook] com.alibaba.nacos.common.remote.client   : Shutdown client event executor java.util.concurrent.ScheduledThreadPoolExecutor@1c897019[Running, pool size = 2, active threads = 2, queued tasks = 0, completed tasks = 0]
21:53:10:184  INFO 67972 --- [SpringContextShutdownHook] com.alibaba.nacos.common.remote.client   : Close current connection 1766065756107_192.168.23.1_53177
21:53:10:187  INFO 67972 --- [nacos-grpc-client-executor-58] c.a.n.c.remote.client.grpc.GrpcClient    : [1766065756107_192.168.23.1_53177]Ignore complete event,isRunning:false,isAbandon=false
21:53:10:208  INFO 67972 --- [SpringContextShutdownHook] c.a.n.c.remote.client.grpc.GrpcClient    : Shutdown grpc executor java.util.concurrent.ThreadPoolExecutor@11976f69[Running, pool size = 5, active threads = 0, queued tasks = 0, completed tasks = 59]
21:53:10:219  INFO 67972 --- [SpringContextShutdownHook] com.zaxxer.hikari.HikariDataSource       : HikariPool-1 - Shutdown initiated...
21:53:10:277  INFO 67972 --- [SpringContextShutdownHook] com.zaxxer.hikari.HikariDataSource       : HikariPool-1 - Shutdown completed.
21:53:10:278  INFO 67972 --- [SpringContextShutdownHook] o.s.a.r.l.SimpleMessageListenerContainer : Shutdown ignored - container is already stopped
21:53:10:278  INFO 67972 --- [SpringContextShutdownHook] o.s.a.r.l.SimpleMessageListenerContainer : Shutdown ignored - container is already stopped
21:53:10:310  INFO 67972 --- [NettyClientSelector_RMROLE_1_1] i.s.c.r.n.AbstractNettyRemotingClient    : channel inactive: [id: 0x0992af94, L:/192.168.23.1:53205 ! R:/192.168.23.128:8099]
21:53:10:311  INFO 67972 --- [NettyClientSelector_RMROLE_1_1] i.s.c.r.netty.NettyClientChannelManager  : return to pool, rm channel:[id: 0x0992af94, L:/192.168.23.1:53205 ! R:/192.168.23.128:8099]
21:53:10:311  INFO 67972 --- [NettyClientSelector_RMROLE_1_1] i.s.core.rpc.netty.NettyPoolableFactory  : channel valid false,channel:[id: 0x0992af94, L:/192.168.23.1:53205 ! R:/192.168.23.128:8099]
21:53:10:312  INFO 67972 --- [NettyClientSelector_RMROLE_1_1] i.s.core.rpc.netty.NettyPoolableFactory  : will destroy channel:[id: 0x0992af94, L:/192.168.23.1:53205 ! R:/192.168.23.128:8099]
21:53:10:313  INFO 67972 --- [NettyClientSelector_RMROLE_1_1] i.s.c.r.n.AbstractNettyRemotingClient    : ChannelHandlerContext(AbstractNettyRemotingClient$ClientHandler#0, [id: 0x0992af94, L:/192.168.23.1:53205 ! R:/192.168.23.128:8099]) will closed
21:53:10:313  INFO 67972 --- [NettyClientSelector_RMROLE_1_1] i.s.c.r.n.AbstractNettyRemotingClient    : ChannelHandlerContext(AbstractNettyRemotingClient$ClientHandler#0, [id: 0x0992af94, L:/192.168.23.1:53205 ! R:/192.168.23.128:8099]) will closed
21:56:36:273  INFO 66296 --- [main] com.hmall.search.SearchApplication       : The following 1 profile is active: "local"
21:56:37:071  INFO 66296 --- [main] o.s.cloud.context.scope.GenericScope     : BeanFactory id=e59cb67c-5044-3b68-b0d2-a7f38eef80e7
21:56:37:111  INFO 66296 --- [main] trationDelegate$BeanPostProcessorChecker : Bean 'io.seata.spring.boot.autoconfigure.SeataCoreAutoConfiguration' of type [io.seata.spring.boot.autoconfigure.SeataCoreAutoConfiguration] is not eligible for getting processed by all BeanPostProcessors (for example: not eligible for auto-proxying)
21:56:37:111  INFO 66296 --- [main] trationDelegate$BeanPostProcessorChecker : Bean 'springApplicationContextProvider' of type [io.seata.spring.boot.autoconfigure.provider.SpringApplicationContextProvider] is not eligible for getting processed by all BeanPostProcessors (for example: not eligible for auto-proxying)
21:56:37:111  INFO 66296 --- [main] trationDelegate$BeanPostProcessorChecker : Bean 'io.seata.spring.boot.autoconfigure.SeataAutoConfiguration' of type [io.seata.spring.boot.autoconfigure.SeataAutoConfiguration] is not eligible for getting processed by all BeanPostProcessors (for example: not eligible for auto-proxying)
21:56:37:134  INFO 66296 --- [main] trationDelegate$BeanPostProcessorChecker : Bean 'failureHandler' of type [io.seata.tm.api.DefaultFailureHandlerImpl] is not eligible for getting processed by all BeanPostProcessors (for example: not eligible for auto-proxying)
21:56:37:135  INFO 66296 --- [main] trationDelegate$BeanPostProcessorChecker : Bean 'org.springframework.cloud.commons.config.CommonsConfigAutoConfiguration' of type [org.springframework.cloud.commons.config.CommonsConfigAutoConfiguration] is not eligible for getting processed by all BeanPostProcessors (for example: not eligible for auto-proxying)
21:56:37:136  INFO 66296 --- [main] trationDelegate$BeanPostProcessorChecker : Bean 'org.springframework.cloud.client.loadbalancer.LoadBalancerDefaultMappingsProviderAutoConfiguration' of type [org.springframework.cloud.client.loadbalancer.LoadBalancerDefaultMappingsProviderAutoConfiguration] is not eligible for getting processed by all BeanPostProcessors (for example: not eligible for auto-proxying)
21:56:37:137  INFO 66296 --- [main] trationDelegate$BeanPostProcessorChecker : Bean 'loadBalancerClientsDefaultsMappingsProvider' of type [org.springframework.cloud.client.loadbalancer.LoadBalancerDefaultMappingsProviderAutoConfiguration$$Lambda$569/0x00000008405d1440] is not eligible for getting processed by all BeanPostProcessors (for example: not eligible for auto-proxying)
21:56:37:137  INFO 66296 --- [main] trationDelegate$BeanPostProcessorChecker : Bean 'defaultsBindHandlerAdvisor' of type [org.springframework.cloud.commons.config.DefaultsBindHandlerAdvisor] is not eligible for getting processed by all BeanPostProcessors (for example: not eligible for auto-proxying)
21:56:37:138  INFO 66296 --- [main] trationDelegate$BeanPostProcessorChecker : Bean 'springCloudAlibabaConfiguration' of type [io.seata.spring.boot.autoconfigure.properties.SpringCloudAlibabaConfiguration] is not eligible for getting processed by all BeanPostProcessors (for example: not eligible for auto-proxying)
21:56:37:140  INFO 66296 --- [main] trationDelegate$BeanPostProcessorChecker : Bean 'seataProperties' of type [io.seata.spring.boot.autoconfigure.properties.SeataProperties] is not eligible for getting processed by all BeanPostProcessors (for example: not eligible for auto-proxying)
21:56:37:141  INFO 66296 --- [main] i.s.s.b.a.SeataAutoConfiguration         : Automatically configure Seata
21:56:37:173  INFO 66296 --- [main] io.seata.config.ConfigurationFactory     : load Configuration from :Spring Configuration
21:56:37:176  INFO 66296 --- [main] io.seata.config.ConfigurationFactory     : load Configuration from :Spring Configuration
21:56:37:214  INFO 66296 --- [main] i.s.s.a.GlobalTransactionScanner         : Initializing Global Transaction Clients ... 
21:56:37:277  INFO 66296 --- [main] i.s.core.rpc.netty.NettyClientBootstrap  : NettyClientBootstrap has started
21:56:37:389  INFO 66296 --- [main] com.alibaba.nacos.common.remote.client   : [RpcClientFactory] create a new rpc client of 5be44214-e57e-4003-8036-951e75079867
21:56:37:389  INFO 66296 --- [main] com.alibaba.nacos.common.remote.client   : [5be44214-e57e-4003-8036-951e75079867] RpcClient init label, labels = {module=naming, source=sdk}
21:56:37:391  INFO 66296 --- [main] com.alibaba.nacos.common.remote.client   : [5be44214-e57e-4003-8036-951e75079867] RpcClient init, ServerListFactory = com.alibaba.nacos.client.naming.core.ServerListManager
21:56:37:391  INFO 66296 --- [main] com.alibaba.nacos.common.remote.client   : [5be44214-e57e-4003-8036-951e75079867] Registry connection listener to current client:com.alibaba.nacos.client.naming.remote.gprc.redo.NamingGrpcRedoService
21:56:37:392  INFO 66296 --- [main] com.alibaba.nacos.common.remote.client   : [5be44214-e57e-4003-8036-951e75079867] Register server push request handler:com.alibaba.nacos.client.naming.remote.gprc.NamingPushRequestHandler
21:56:37:392  INFO 66296 --- [main] com.alibaba.nacos.common.remote.client   : [5be44214-e57e-4003-8036-951e75079867] Try to connect to server on start up, server: {serverIp = '192.168.23.128', server main port = 8848}
21:56:37:521  INFO 66296 --- [main] com.alibaba.nacos.common.remote.client   : [5be44214-e57e-4003-8036-951e75079867] Success to connect to server [192.168.23.128:8848] on start up, connectionId = 1766066202052_192.168.23.1_55194
21:56:37:521  INFO 66296 --- [main] com.alibaba.nacos.common.remote.client   : [5be44214-e57e-4003-8036-951e75079867] Register server push request handler:com.alibaba.nacos.common.remote.client.RpcClient$ConnectResetRequestHandler
21:56:37:521  INFO 66296 --- [main] com.alibaba.nacos.common.remote.client   : [5be44214-e57e-4003-8036-951e75079867] Register server push request handler:com.alibaba.nacos.common.remote.client.RpcClient$$Lambda$475/0x00000008403ef440
21:56:37:521  INFO 66296 --- [com.alibaba.nacos.client.remote.worker] com.alibaba.nacos.common.remote.client   : [5be44214-e57e-4003-8036-951e75079867] Notify connected event to listeners.
21:56:37:557  INFO 66296 --- [main] i.s.c.r.netty.NettyClientChannelManager  : will connect to 192.168.23.128:8099
21:56:37:795  INFO 66296 --- [main] i.s.core.rpc.netty.NettyPoolableFactory  : NettyPool create channel to transactionRole:TMROLE,address:192.168.23.128:8099,msg:< RegisterTMRequest{applicationId='search-service', transactionServiceGroup='hmall'} >
21:56:38:104  INFO 66296 --- [nacos-grpc-client-executor-6] com.alibaba.nacos.common.remote.client   : [5be44214-e57e-4003-8036-951e75079867] Receive server push request, request = NotifySubscriberRequest, requestId = 63
21:56:38:116  INFO 66296 --- [nacos-grpc-client-executor-6] com.alibaba.nacos.common.remote.client   : [5be44214-e57e-4003-8036-951e75079867] Ack server push request, request = NotifySubscriberRequest, requestId = 63
21:56:38:132  INFO 66296 --- [main] i.s.c.rpc.netty.TmNettyRemotingClient    : register TM success. client version:1.5.2, server version:1.5.2,channel:[id: 0x442b6ae4, L:/192.168.23.1:55197 - R:/192.168.23.128:8099]
21:56:38:135  INFO 66296 --- [main] i.s.core.rpc.netty.NettyPoolableFactory  : register success, cost 42 ms, version:1.5.2,role:TMROLE,channel:[id: 0x442b6ae4, L:/192.168.23.1:55197 - R:/192.168.23.128:8099]
21:56:38:135  INFO 66296 --- [main] i.s.s.a.GlobalTransactionScanner         : Transaction Manager Client is initialized. applicationId[search-service] txServiceGroup[hmall]
21:56:38:141  INFO 66296 --- [main] io.seata.rm.datasource.AsyncWorker       : Async Commit Buffer Limit: 10000
21:56:38:142  INFO 66296 --- [main] i.s.rm.datasource.xa.ResourceManagerXA   : ResourceManagerXA init ...
21:56:38:148  INFO 66296 --- [main] i.s.core.rpc.netty.NettyClientBootstrap  : NettyClientBootstrap has started
21:56:38:148  INFO 66296 --- [main] i.s.s.a.GlobalTransactionScanner         : Resource Manager is initialized. applicationId[search-service] txServiceGroup[hmall]
21:56:38:148  INFO 66296 --- [main] i.s.s.a.GlobalTransactionScanner         : Global Transaction Clients are initialized. 
21:56:38:149  INFO 66296 --- [main] trationDelegate$BeanPostProcessorChecker : Bean 'io.seata.spring.boot.autoconfigure.SeataDataSourceAutoConfiguration' of type [io.seata.spring.boot.autoconfigure.SeataDataSourceAutoConfiguration] is not eligible for getting processed by all BeanPostProcessors (for example: not eligible for auto-proxying)
21:56:38:203  INFO 66296 --- [main] trationDelegate$BeanPostProcessorChecker : Bean 'com.alibaba.cloud.seata.feign.SeataFeignClientAutoConfiguration$FeignBeanPostProcessorConfiguration' of type [com.alibaba.cloud.seata.feign.SeataFeignClientAutoConfiguration$FeignBeanPostProcessorConfiguration] is not eligible for getting processed by all BeanPostProcessors (for example: not eligible for auto-proxying)
21:56:38:204  INFO 66296 --- [main] trationDelegate$BeanPostProcessorChecker : Bean 'seataFeignObjectWrapper' of type [com.alibaba.cloud.seata.feign.SeataFeignObjectWrapper] is not eligible for getting processed by all BeanPostProcessors (for example: not eligible for auto-proxying)
21:56:38:371  INFO 66296 --- [main] o.s.b.w.embedded.tomcat.TomcatWebServer  : Tomcat initialized with port(s): 8087 (http)
21:56:38:388  INFO 66296 --- [main] o.apache.catalina.core.StandardService   : Starting service [Tomcat]
21:56:38:388  INFO 66296 --- [main] org.apache.catalina.core.StandardEngine  : Starting Servlet engine: [Apache Tomcat/9.0.75]
21:56:38:531  INFO 66296 --- [main] o.a.c.c.C.[Tomcat].[localhost].[/]       : Initializing Spring embedded WebApplicationContext
21:56:38:531  INFO 66296 --- [main] w.s.c.ServletWebServerApplicationContext : Root WebApplicationContext: initialization completed in 2244 ms
21:56:38:665  INFO 66296 --- [main] o.s.c.openfeign.FeignClientFactoryBean   : For 'item-service' URL not provided. Will try picking an instance via load-balancing.
21:56:38:967  INFO 66296 --- [main] o.s.c.openfeign.FeignClientFactoryBean   : For 'trade-service' URL not provided. Will try picking an instance via load-balancing.
21:56:39:065  INFO 66296 --- [main] com.zaxxer.hikari.HikariDataSource       : HikariPool-1 - Starting...
21:56:39:265  INFO 66296 --- [main] com.zaxxer.hikari.HikariDataSource       : HikariPool-1 - Start completed.
21:56:39:346  INFO 66296 --- [main] i.s.c.r.netty.NettyClientChannelManager  : will connect to 192.168.23.128:8099
21:56:39:346  INFO 66296 --- [main] i.s.c.rpc.netty.RmNettyRemotingClient    : RM will register :jdbc:mysql://192.168.23.128:3306/hm-item
21:56:39:347  INFO 66296 --- [main] i.s.core.rpc.netty.NettyPoolableFactory  : NettyPool create channel to transactionRole:RMROLE,address:192.168.23.128:8099,msg:< RegisterRMRequest{resourceIds='jdbc:mysql://192.168.23.128:3306/hm-item', applicationId='search-service', transactionServiceGroup='hmall'} >
21:56:39:355  INFO 66296 --- [main] i.s.c.rpc.netty.RmNettyRemotingClient    : register RM success. client version:1.5.2, server version:1.5.2,channel:[id: 0xbecdef21, L:/192.168.23.1:55399 - R:/192.168.23.128:8099]
21:56:39:355  INFO 66296 --- [main] i.s.core.rpc.netty.NettyPoolableFactory  : register success, cost 6 ms, version:1.5.2,role:RMROLE,channel:[id: 0xbecdef21, L:/192.168.23.1:55399 - R:/192.168.23.128:8099]
21:56:40:598  INFO 66296 --- [main] pertySourcedRequestMappingHandlerMapping : Mapped URL path [/v2/api-docs] onto method [springfox.documentation.swagger2.web.Swagger2ControllerWebMvc#getDocumentation(String, HttpServletRequest)]
21:56:41:227  INFO 66296 --- [main] com.alibaba.nacos.common.remote.client   : [RpcClientFactory] create a new rpc client of e3647239-e797-4449-abda-2749c2f4a912
21:56:41:227  INFO 66296 --- [main] com.alibaba.nacos.common.remote.client   : [e3647239-e797-4449-abda-2749c2f4a912] RpcClient init label, labels = {module=naming, source=sdk}
21:56:41:228  INFO 66296 --- [main] com.alibaba.nacos.common.remote.client   : [e3647239-e797-4449-abda-2749c2f4a912] RpcClient init, ServerListFactory = com.alibaba.nacos.client.naming.core.ServerListManager
21:56:41:228  INFO 66296 --- [main] com.alibaba.nacos.common.remote.client   : [e3647239-e797-4449-abda-2749c2f4a912] Registry connection listener to current client:com.alibaba.nacos.client.naming.remote.gprc.redo.NamingGrpcRedoService
21:56:41:228  INFO 66296 --- [main] com.alibaba.nacos.common.remote.client   : [e3647239-e797-4449-abda-2749c2f4a912] Register server push request handler:com.alibaba.nacos.client.naming.remote.gprc.NamingPushRequestHandler
21:56:41:228  INFO 66296 --- [main] com.alibaba.nacos.common.remote.client   : [e3647239-e797-4449-abda-2749c2f4a912] Try to connect to server on start up, server: {serverIp = '192.168.23.128', server main port = 8848}
21:56:41:359  INFO 66296 --- [main] com.alibaba.nacos.common.remote.client   : [e3647239-e797-4449-abda-2749c2f4a912] Success to connect to server [192.168.23.128:8848] on start up, connectionId = 1766066205889_192.168.23.1_55556
21:56:41:359  INFO 66296 --- [main] com.alibaba.nacos.common.remote.client   : [e3647239-e797-4449-abda-2749c2f4a912] Register server push request handler:com.alibaba.nacos.common.remote.client.RpcClient$ConnectResetRequestHandler
21:56:41:359  INFO 66296 --- [com.alibaba.nacos.client.remote.worker] com.alibaba.nacos.common.remote.client   : [e3647239-e797-4449-abda-2749c2f4a912] Notify connected event to listeners.
21:56:41:359  INFO 66296 --- [main] com.alibaba.nacos.common.remote.client   : [e3647239-e797-4449-abda-2749c2f4a912] Register server push request handler:com.alibaba.nacos.common.remote.client.RpcClient$$Lambda$475/0x00000008403ef440
21:56:41:387  INFO 66296 --- [main] o.s.b.w.embedded.tomcat.TomcatWebServer  : Tomcat started on port(s): 8087 (http) with context path ''
21:56:41:393  INFO 66296 --- [main] c.a.c.n.registry.NacosServiceRegistry    : nacos registry, DEFAULT_GROUP search-service 192.168.15.1:8087 register finished
21:56:41:729  INFO 66296 --- [main] d.s.w.p.DocumentationPluginsBootstrapper : Documentation plugins bootstrapped
21:56:41:732  INFO 66296 --- [main] d.s.w.p.DocumentationPluginsBootstrapper : Found 1 custom documentation plugin(s)
21:56:41:748  INFO 66296 --- [main] s.d.s.w.s.ApiListingReferenceScanner     : Scanning for api listing references
21:56:41:803  INFO 66296 --- [main] .d.s.w.r.o.CachingOperationNameGenerator : Generating unique operation named: searchUsingGET_1
21:56:41:809  INFO 66296 --- [main] o.s.a.r.c.CachingConnectionFactory       : Attempting to connect to: [192.168.23.128:5672]
21:56:41:843  INFO 66296 --- [main] o.s.a.r.c.CachingConnectionFactory       : Created new connection: rabbitConnectionFactory#67c61551:0/SimpleConnection@2cbc0224 [delegate=amqp://hmall@192.168.23.128:5672//hmall, localPort= 55626]
21:56:41:900  INFO 66296 --- [main] com.hmall.search.SearchApplication       : Started SearchApplication in 9.009 seconds (JVM running for 10.332)
21:56:41:905  INFO 66296 --- [main] c.a.c.n.refresh.NacosContextRefresher    : [Nacos Config] Listening config: dataId=search-service, group=DEFAULT_GROUP
21:56:41:905  INFO 66296 --- [main] c.a.c.n.refresh.NacosContextRefresher    : [Nacos Config] Listening config: dataId=search-service.yaml, group=DEFAULT_GROUP
21:56:41:905  INFO 66296 --- [main] c.a.c.n.refresh.NacosContextRefresher    : [Nacos Config] Listening config: dataId=search-service-local.yaml, group=DEFAULT_GROUP
21:56:41:912  INFO 66296 --- [nacos-grpc-client-executor-6] com.alibaba.nacos.common.remote.client   : [e3647239-e797-4449-abda-2749c2f4a912] Receive server push request, request = NotifySubscriberRequest, requestId = 65
21:56:41:927  INFO 66296 --- [nacos-grpc-client-executor-6] com.alibaba.nacos.common.remote.client   : [e3647239-e797-4449-abda-2749c2f4a912] Ack server push request, request = NotifySubscriberRequest, requestId = 65
22:01:37:827  WARN 66296 --- [Thread-5] c.a.nacos.common.notify.NotifyCenter     : [NotifyCenter] Start destroying Publisher
22:01:37:827  WARN 66296 --- [Thread-1] c.a.n.common.http.HttpClientBeanHolder   : [HttpClientBeanHolder] Start destroying common HttpClient
22:01:37:837  WARN 66296 --- [Thread-5] c.a.nacos.common.notify.NotifyCenter     : [NotifyCenter] Destruction of the end
22:01:37:840  WARN 66296 --- [Thread-1] c.a.n.common.http.HttpClientBeanHolder   : [HttpClientBeanHolder] Destruction of the end
22:01:37:967  INFO 66296 --- [org.springframework.amqp.rabbit.RabbitListenerEndpointContainer#0-2] o.s.a.r.l.SimpleMessageListenerContainer : Waiting for workers to finish.
22:01:37:967  INFO 66296 --- [org.springframework.amqp.rabbit.RabbitListenerEndpointContainer#1-2] o.s.a.r.l.SimpleMessageListenerContainer : Waiting for workers to finish.
22:01:38:831  INFO 66296 --- [org.springframework.amqp.rabbit.RabbitListenerEndpointContainer#1-2] o.s.a.r.l.SimpleMessageListenerContainer : Successfully waited for workers to finish.
22:01:38:831  INFO 66296 --- [org.springframework.amqp.rabbit.RabbitListenerEndpointContainer#0-2] o.s.a.r.l.SimpleMessageListenerContainer : Successfully waited for workers to finish.
22:01:39:268  INFO 66296 --- [SpringContextShutdownHook] c.a.c.n.registry.NacosServiceRegistry    : De-registering from Nacos Server now...
22:01:39:277  INFO 66296 --- [SpringContextShutdownHook] c.a.c.n.registry.NacosServiceRegistry    : De-registration finished.
22:01:39:607  INFO 66296 --- [SpringContextShutdownHook] com.alibaba.nacos.common.remote.client   : Shutdown rpc client, set status to shutdown
22:01:39:608  INFO 66296 --- [SpringContextShutdownHook] com.alibaba.nacos.common.remote.client   : Shutdown client event executor java.util.concurrent.ScheduledThreadPoolExecutor@538404ce[Running, pool size = 2, active threads = 2, queued tasks = 0, completed tasks = 0]
22:01:39:609  INFO 66296 --- [SpringContextShutdownHook] com.alibaba.nacos.common.remote.client   : Close current connection 1766066205889_192.168.23.1_55556
22:01:39:614  INFO 66296 --- [nacos-grpc-client-executor-70] c.a.n.c.remote.client.grpc.GrpcClient    : [1766066205889_192.168.23.1_55556]Ignore complete event,isRunning:false,isAbandon=false
22:01:39:627  INFO 66296 --- [SpringContextShutdownHook] c.a.n.c.remote.client.grpc.GrpcClient    : Shutdown grpc executor java.util.concurrent.ThreadPoolExecutor@bedb172[Running, pool size = 5, active threads = 0, queued tasks = 0, completed tasks = 71]
22:01:39:638  INFO 66296 --- [SpringContextShutdownHook] com.zaxxer.hikari.HikariDataSource       : HikariPool-1 - Shutdown initiated...
22:01:39:679  INFO 66296 --- [SpringContextShutdownHook] com.zaxxer.hikari.HikariDataSource       : HikariPool-1 - Shutdown completed.
22:01:39:681  INFO 66296 --- [SpringContextShutdownHook] o.s.a.r.l.SimpleMessageListenerContainer : Shutdown ignored - container is already stopped
22:01:39:681  INFO 66296 --- [SpringContextShutdownHook] o.s.a.r.l.SimpleMessageListenerContainer : Shutdown ignored - container is already stopped
22:01:39:710  INFO 66296 --- [NettyClientSelector_RMROLE_1_1] i.s.c.r.n.AbstractNettyRemotingClient    : channel inactive: [id: 0xbecdef21, L:/192.168.23.1:55399 ! R:/192.168.23.128:8099]
22:01:39:710  INFO 66296 --- [NettyClientSelector_RMROLE_1_1] i.s.c.r.netty.NettyClientChannelManager  : return to pool, rm channel:[id: 0xbecdef21, L:/192.168.23.1:55399 ! R:/192.168.23.128:8099]
22:01:39:710  INFO 66296 --- [NettyClientSelector_RMROLE_1_1] i.s.core.rpc.netty.NettyPoolableFactory  : channel valid false,channel:[id: 0xbecdef21, L:/192.168.23.1:55399 ! R:/192.168.23.128:8099]
22:01:39:711  INFO 66296 --- [NettyClientSelector_RMROLE_1_1] i.s.core.rpc.netty.NettyPoolableFactory  : will destroy channel:[id: 0xbecdef21, L:/192.168.23.1:55399 ! R:/192.168.23.128:8099]
22:01:39:711  INFO 66296 --- [NettyClientSelector_RMROLE_1_1] i.s.c.r.n.AbstractNettyRemotingClient    : ChannelHandlerContext(AbstractNettyRemotingClient$ClientHandler#0, [id: 0xbecdef21, L:/192.168.23.1:55399 ! R:/192.168.23.128:8099]) will closed
22:01:39:712  INFO 66296 --- [NettyClientSelector_RMROLE_1_1] i.s.c.r.n.AbstractNettyRemotingClient    : ChannelHandlerContext(AbstractNettyRemotingClient$ClientHandler#0, [id: 0xbecdef21, L:/192.168.23.1:55399 ! R:/192.168.23.128:8099]) will closed
